question_id,method,model,n_samples,tokens_in,tokens_out,cost_usd,latency_s,prediction,score,label
0,verbalized_confidence,llama-3.1-8b-instant,1,121,12,7.010000000000001e-06,1.283217499993043,False,100.0,False
0,llm_judge,llama-3.1-8b-instant,1,161,5,8.45e-06,3.0008743000071263,True,,False
0,verbalized_confidence,llama-3.3-70b-versatile,1,121,12,8.087e-05,0.2522720999986632,False,100.0,False
0,llm_judge,llama-3.3-70b-versatile,1,168,12,0.00010859999999999998,2.889786300002015,False,,False
0,self_consistency,llama-3.1-8b-instant,1,71,7,4.1100000000000005e-06,1.3745155000069644,False,1.0,False
0,self_consistency,llama-3.1-8b-instant,3,213,24,1.257e-05,4.389289700004156,True,0.3333333333333333,False
0,self_consistency,llama-3.1-8b-instant,5,355,37,2.0710000000000003e-05,7.355733699994744,True,0.2,False
0,self_consistency,llama-3.1-8b-instant,10,710,63,4.054000000000001e-05,14.886231900018174,False,0.5,False
0,semantic_entropy,llama-3.1-8b-instant,1,71,7,4.1100000000000005e-06,1.3745155000069644,False,0.0,False
0,semantic_entropy,llama-3.1-8b-instant,3,213,24,1.257e-05,4.389289700004156,True,0.9999999999999998,False
0,semantic_entropy,llama-3.1-8b-instant,5,355,37,2.0710000000000003e-05,7.355733699994744,True,0.8277293767706428,False
0,semantic_entropy,llama-3.1-8b-instant,10,710,63,4.054000000000001e-05,14.886231900018174,False,0.5301029995663982,False
0,self_consistency,llama-3.3-70b-versatile,1,71,7,4.742e-05,0.23527659999672323,False,1.0,False
0,self_consistency,llama-3.3-70b-versatile,3,213,25,0.00014542,3.308940299990354,True,0.3333333333333333,False
0,self_consistency,llama-3.3-70b-versatile,5,355,42,0.00024263,6.206930899978033,True,0.2,False
0,self_consistency,llama-3.3-70b-versatile,10,710,74,0.00047736,13.654297599961865,True,0.2,False
0,semantic_entropy,llama-3.3-70b-versatile,1,71,7,4.742e-05,0.23527659999672323,False,0.0,False
0,semantic_entropy,llama-3.3-70b-versatile,3,213,25,0.00014542,3.308940299990354,False,0.5793801642856949,False
0,semantic_entropy,llama-3.3-70b-versatile,5,355,42,0.00024263,6.206930899978033,False,0.4181656600790517,False
0,semantic_entropy,llama-3.3-70b-versatile,10,710,74,0.00047736,13.654297599961865,False,0.55583362792012,False
1,verbalized_confidence,llama-3.1-8b-instant,1,126,14,7.420000000000001e-06,1.3677060000045458,False,100.0,False
1,llm_judge,llama-3.1-8b-instant,1,173,7,9.210000000000002e-06,3.003026399994269,True,,False
1,verbalized_confidence,llama-3.3-70b-versatile,1,126,14,8.539999999999999e-05,0.25541929999599233,False,100.0,False
1,llm_judge,llama-3.3-70b-versatile,1,173,8,0.00010838999999999998,1.7785410000069533,False,,False
1,self_consistency,llama-3.1-8b-instant,1,76,5,4.2000000000000004e-06,1.51294919999782,False,1.0,False
1,self_consistency,llama-3.1-8b-instant,3,228,15,1.2600000000000001e-05,4.508692500006873,False,0.6666666666666666,False
1,self_consistency,llama-3.1-8b-instant,5,380,27,2.116e-05,7.649727300013183,True,0.4,False
1,self_consistency,llama-3.1-8b-instant,10,760,56,4.248e-05,15.042973700008588,False,0.6,False
1,semantic_entropy,llama-3.1-8b-instant,1,76,5,4.2000000000000004e-06,1.51294919999782,False,0.0,False
1,semantic_entropy,llama-3.1-8b-instant,3,228,15,1.2600000000000001e-05,4.508692500006873,False,0.5793801642856949,False
1,semantic_entropy,llama-3.1-8b-instant,5,380,27,2.116e-05,7.649727300013183,True,0.6554587535412857,False
1,semantic_entropy,llama-3.1-8b-instant,10,760,56,4.248e-05,15.042973700008588,False,0.34822537285722394,False
1,self_consistency,llama-3.3-70b-versatile,1,76,5,4.879e-05,0.1236852000001818,False,1.0,False
1,self_consistency,llama-3.3-70b-versatile,3,228,15,0.00014637,3.2497818999981973,False,0.6666666666666666,False
1,self_consistency,llama-3.3-70b-versatile,5,380,25,0.00024395,6.142658400000073,False,0.6,False
1,self_consistency,llama-3.3-70b-versatile,10,760,50,0.0004879,13.620993100004853,False,0.6,False
1,semantic_entropy,llama-3.3-70b-versatile,1,76,5,4.879e-05,0.1236852000001818,False,0.0,False
1,semantic_entropy,llama-3.3-70b-versatile,3,228,15,0.00014637,3.2497818999981973,False,0.5793801642856949,False
1,semantic_entropy,llama-3.3-70b-versatile,5,380,25,0.00024395,6.142658400000073,False,0.4181656600790517,False
1,semantic_entropy,llama-3.3-70b-versatile,10,760,50,0.0004879,13.620993100004853,False,0.29228525323862886,False
2,verbalized_confidence,llama-3.1-8b-instant,1,119,14,7.07e-06,1.123222900001565,False,90.0,True
2,llm_judge,llama-3.1-8b-instant,1,159,7,8.510000000000002e-06,3.001916399996844,False,,True
2,verbalized_confidence,llama-3.3-70b-versatile,1,119,12,7.969e-05,0.1525147000065772,False,90.0,False
2,llm_judge,llama-3.3-70b-versatile,1,157,7,9.816e-05,1.757217499995022,False,,False
2,self_consistency,llama-3.1-8b-instant,1,69,5,3.85e-06,1.4007528999936767,False,1.0,True
2,self_consistency,llama-3.1-8b-instant,3,207,15,1.1550000000000001e-05,4.403655699992669,False,1.0,True
2,self_consistency,llama-3.1-8b-instant,5,345,24,1.917e-05,7.399184699985199,False,0.8,True
2,self_consistency,llama-3.1-8b-instant,10,690,60,3.93e-05,14.898290999990422,False,0.7,True
2,semantic_entropy,llama-3.1-8b-instant,1,69,5,3.85e-06,1.4007528999936767,False,0.0,True
2,semantic_entropy,llama-3.1-8b-instant,3,207,15,1.1550000000000001e-05,4.403655699992669,False,-0.0,True
2,semantic_entropy,llama-3.1-8b-instant,5,345,24,1.917e-05,7.399184699985199,False,0.31091750708257115,True
2,semantic_entropy,llama-3.1-8b-instant,10,690,60,3.93e-05,14.898290999990422,False,0.14118174150460758,True
2,self_consistency,llama-3.3-70b-versatile,1,69,4,4.3870000000000005e-05,0.2951130000001285,False,1.0,False
2,self_consistency,llama-3.3-70b-versatile,3,207,12,0.00013161000000000002,3.143382800000836,False,1.0,False
2,self_consistency,llama-3.3-70b-versatile,5,345,20,0.00021935000000000002,6.2876499999983935,False,1.0,False
2,self_consistency,llama-3.3-70b-versatile,10,690,40,0.00043870000000000004,13.757795500016073,False,1.0,False
2,semantic_entropy,llama-3.3-70b-versatile,1,69,4,4.3870000000000005e-05,0.2951130000001285,False,0.0,False
2,semantic_entropy,llama-3.3-70b-versatile,3,207,12,0.00013161000000000002,3.143382800000836,False,-0.0,False
2,semantic_entropy,llama-3.3-70b-versatile,5,345,20,0.00021935000000000002,6.2876499999983935,False,-0.0,False
2,semantic_entropy,llama-3.3-70b-versatile,10,690,40,0.00043870000000000004,13.757795500016073,False,-0.0,False
3,verbalized_confidence,llama-3.1-8b-instant,1,122,12,7.06e-06,0.15460780001012608,False,80.0,False
3,llm_judge,llama-3.1-8b-instant,1,173,18,1.009e-05,2.9247774999967078,False,,True
3,verbalized_confidence,llama-3.3-70b-versatile,1,122,15,8.382999999999999e-05,0.2997017000016058,False,80.0,False
3,llm_judge,llama-3.3-70b-versatile,1,164,9,0.00010386999999999999,1.7900740000040969,False,,False
3,self_consistency,llama-3.1-8b-instant,1,71,36,6.429999999999999e-06,1.545175699997344,False,1.0,False
3,self_consistency,llama-3.1-8b-instant,3,213,60,1.545e-05,4.547199099994032,True,0.3333333333333333,False
3,self_consistency,llama-3.1-8b-instant,5,355,91,2.503e-05,7.523099499987438,True,0.2,False
3,self_consistency,llama-3.1-8b-instant,10,710,212,5.246e-05,15.067627799988259,True,0.1,False
3,semantic_entropy,llama-3.1-8b-instant,1,71,36,6.429999999999999e-06,1.545175699997344,False,0.0,False
3,semantic_entropy,llama-3.1-8b-instant,3,213,60,1.545e-05,4.547199099994032,False,0.5793801642856949,False
3,semantic_entropy,llama-3.1-8b-instant,5,355,91,2.503e-05,7.523099499987438,False,0.31091750708257115,False
3,semantic_entropy,llama-3.1-8b-instant,10,710,212,5.246e-05,15.067627799988259,False,0.14118174150460758,False
3,self_consistency,llama-3.3-70b-versatile,1,71,6,4.6630000000000006e-05,0.2863091000035638,False,1.0,False
3,self_consistency,llama-3.3-70b-versatile,3,213,18,0.00013989000000000002,3.1833757999993395,False,1.0,False
3,self_consistency,llama-3.3-70b-versatile,5,355,30,0.00023315000000000003,6.178348999994341,False,1.0,False
3,self_consistency,llama-3.3-70b-versatile,10,710,60,0.0004663,13.683824499996263,False,1.0,False
3,semantic_entropy,llama-3.3-70b-versatile,1,71,6,4.6630000000000006e-05,0.2863091000035638,False,0.0,False
3,semantic_entropy,llama-3.3-70b-versatile,3,213,18,0.00013989000000000002,3.1833757999993395,False,-0.0,False
3,semantic_entropy,llama-3.3-70b-versatile,5,355,30,0.00023315000000000003,6.178348999994341,False,-0.0,False
3,semantic_entropy,llama-3.3-70b-versatile,10,710,60,0.0004663,13.683824499996263,False,-0.0,False
4,verbalized_confidence,llama-3.1-8b-instant,1,119,22,7.71e-06,0.1911748999991687,False,80.0,False
4,llm_judge,llama-3.1-8b-instant,1,171,20,1.0150000000000001e-05,2.8677476000011666,False,,False
4,verbalized_confidence,llama-3.3-70b-versatile,1,119,18,8.442999999999999e-05,0.22663330000068527,False,90.0,False
4,llm_judge,llama-3.3-70b-versatile,1,163,12,0.00010564999999999999,1.771991599991452,False,,False
4,self_consistency,llama-3.1-8b-instant,1,69,14,4.57e-06,1.5430977999931201,False,1.0,False
4,self_consistency,llama-3.1-8b-instant,3,207,48,1.4190000000000001e-05,4.524512499992852,True,0.3333333333333333,False
4,self_consistency,llama-3.1-8b-instant,5,345,71,2.2930000000000002e-05,7.662834599977941,True,0.2,False
4,self_consistency,llama-3.1-8b-instant,10,690,143,4.5940000000000004e-05,15.058707099975436,True,0.1,False
4,semantic_entropy,llama-3.1-8b-instant,1,69,14,4.57e-06,1.5430977999931201,False,0.0,False
4,semantic_entropy,llama-3.1-8b-instant,3,207,48,1.4190000000000001e-05,4.524512499992852,False,0.5793801642856949,False
4,semantic_entropy,llama-3.1-8b-instant,5,345,71,2.2930000000000002e-05,7.662834599977941,False,0.4181656600790517,False
4,semantic_entropy,llama-3.1-8b-instant,10,690,143,4.5940000000000004e-05,15.058707099975436,False,0.29228525323862886,False
4,self_consistency,llama-3.3-70b-versatile,1,69,9,4.782e-05,0.16922079998767003,False,1.0,False
4,self_consistency,llama-3.3-70b-versatile,3,207,33,0.0001482,3.3192530999949668,False,0.6666666666666666,False
4,self_consistency,llama-3.3-70b-versatile,5,345,57,0.00024858,6.337622699982603,True,0.4,False
4,self_consistency,llama-3.3-70b-versatile,10,690,108,0.00049242,13.686995099982596,False,0.5,False
4,semantic_entropy,llama-3.3-70b-versatile,1,69,9,4.782e-05,0.16922079998767003,False,0.0,False
4,semantic_entropy,llama-3.3-70b-versatile,3,207,33,0.0001482,3.3192530999949668,False,-0.0,False
4,semantic_entropy,llama-3.3-70b-versatile,5,345,57,0.00024858,6.337622699982603,False,-0.0,False
4,semantic_entropy,llama-3.3-70b-versatile,10,690,108,0.00049242,13.686995099982596,False,-0.0,False
5,verbalized_confidence,llama-3.1-8b-instant,1,122,22,7.860000000000001e-06,0.16169839999929536,False,80.0,True
5,llm_judge,llama-3.1-8b-instant,1,175,17,1.011e-05,2.9779563000047347,False,,True
5,verbalized_confidence,llama-3.3-70b-versatile,1,122,14,8.303999999999999e-05,0.28750679999939166,False,100.0,False
5,llm_judge,llama-3.3-70b-versatile,1,166,8,0.00010425999999999998,1.6309441999910632,True,,True
5,self_consistency,llama-3.1-8b-instant,1,72,17,4.96e-06,3.591978600001312,False,1.0,False
5,self_consistency,llama-3.1-8b-instant,3,216,44,1.432e-05,8.075904099998297,True,0.3333333333333333,False
5,self_consistency,llama-3.1-8b-instant,5,360,71,2.3680000000000004e-05,12.72940650000237,True,0.2,False
5,self_consistency,llama-3.1-8b-instant,10,720,145,4.7600000000000005e-05,24.297685099983937,True,0.2,True
5,semantic_entropy,llama-3.1-8b-instant,1,72,17,4.96e-06,3.591978600001312,False,0.0,False
5,semantic_entropy,llama-3.1-8b-instant,3,216,44,1.432e-05,8.075904099998297,False,0.5793801642856949,False
5,semantic_entropy,llama-3.1-8b-instant,5,360,71,2.3680000000000004e-05,12.72940650000237,True,0.8277293767706428,False
5,semantic_entropy,llama-3.1-8b-instant,10,720,145,4.7600000000000005e-05,24.297685099983937,True,0.8795880017344073,False
5,self_consistency,llama-3.3-70b-versatile,1,72,6,4.722e-05,0.15336349999415688,False,1.0,True
5,self_consistency,llama-3.3-70b-versatile,3,216,18,0.00014166,3.274232199997641,False,1.0,True
5,self_consistency,llama-3.3-70b-versatile,5,360,30,0.0002361,6.163242099995841,False,1.0,True
5,self_consistency,llama-3.3-70b-versatile,10,720,60,0.0004722,13.683163400011836,False,1.0,True
5,semantic_entropy,llama-3.3-70b-versatile,1,72,6,4.722e-05,0.15336349999415688,False,0.0,True
5,semantic_entropy,llama-3.3-70b-versatile,3,216,18,0.00014166,3.274232199997641,False,-0.0,True
5,semantic_entropy,llama-3.3-70b-versatile,5,360,30,0.0002361,6.163242099995841,False,-0.0,True
5,semantic_entropy,llama-3.3-70b-versatile,10,720,60,0.0004722,13.683163400011836,False,-0.0,True
6,verbalized_confidence,llama-3.1-8b-instant,1,118,12,6.86e-06,0.25011709998943843,False,100.0,True
6,llm_judge,llama-3.1-8b-instant,1,184,34,1.1920000000000001e-05,3.006785600009607,False,,False
6,verbalized_confidence,llama-3.3-70b-versatile,1,118,15,8.147e-05,0.31228749999718275,False,100.0,True
6,llm_judge,llama-3.3-70b-versatile,1,158,8,9.953999999999999e-05,1.7882710999983829,True,,True
6,self_consistency,llama-3.1-8b-instant,1,68,11,4.2800000000000005e-06,3.6473272000002908,False,1.0,False
6,self_consistency,llama-3.1-8b-instant,3,204,50,1.4200000000000001e-05,8.190448200009996,True,0.3333333333333333,False
6,self_consistency,llama-3.1-8b-instant,5,340,76,2.3080000000000003e-05,12.710779200002435,True,0.2,False
6,self_consistency,llama-3.1-8b-instant,10,680,204,5.032e-05,24.07444499997655,True,0.1,False
6,semantic_entropy,llama-3.1-8b-instant,1,68,11,4.2800000000000005e-06,3.6473272000002908,False,0.0,False
6,semantic_entropy,llama-3.1-8b-instant,3,204,50,1.4200000000000001e-05,8.190448200009996,True,0.9999999999999998,False
6,semantic_entropy,llama-3.1-8b-instant,5,340,76,2.3080000000000003e-05,12.710779200002435,True,0.8277293767706428,False
6,semantic_entropy,llama-3.1-8b-instant,10,680,204,5.032e-05,24.07444499997655,True,0.6387640052032225,False
6,self_consistency,llama-3.3-70b-versatile,1,68,6,4.486e-05,0.16418479999992996,False,1.0,True
6,self_consistency,llama-3.3-70b-versatile,3,204,24,0.00013932000000000001,3.3029650000098627,True,0.3333333333333333,True
6,self_consistency,llama-3.3-70b-versatile,5,340,44,0.00023536,6.271670700021787,True,0.2,True
6,self_consistency,llama-3.3-70b-versatile,10,680,89,0.00047150999999999996,13.672250500021619,True,0.3,True
6,semantic_entropy,llama-3.3-70b-versatile,1,68,6,4.486e-05,0.16418479999992996,False,0.0,True
6,semantic_entropy,llama-3.3-70b-versatile,3,204,24,0.00013932000000000001,3.3029650000098627,False,0.5793801642856949,True
6,semantic_entropy,llama-3.3-70b-versatile,5,340,44,0.00023536,6.271670700021787,False,0.5904362833084089,True
6,semantic_entropy,llama-3.3-70b-versatile,10,680,89,0.00047150999999999996,13.672250500021619,False,0.40969100130080555,True
7,verbalized_confidence,llama-3.1-8b-instant,1,118,12,6.86e-06,0.1628754000121262,False,100.0,False
7,llm_judge,llama-3.1-8b-instant,1,158,8,8.54e-06,2.988405199997942,False,,False
7,verbalized_confidence,llama-3.3-70b-versatile,1,118,12,7.91e-05,0.27176640000834595,False,100.0,False
7,llm_judge,llama-3.3-70b-versatile,1,162,12,0.00010505999999999999,2.992148899997119,False,,False
7,self_consistency,llama-3.1-8b-instant,1,68,5,3.8000000000000005e-06,1.3669585000025108,False,1.0,False
7,self_consistency,llama-3.1-8b-instant,3,204,16,1.1480000000000002e-05,6.461229500011541,True,0.3333333333333333,False
7,self_consistency,llama-3.1-8b-instant,5,340,37,1.9960000000000002e-05,10.9451279000059,True,0.2,False
7,self_consistency,llama-3.1-8b-instant,10,680,80,4.04e-05,22.29269820000627,True,0.2,False
7,semantic_entropy,llama-3.1-8b-instant,1,68,5,3.8000000000000005e-06,1.3669585000025108,False,0.0,False
7,semantic_entropy,llama-3.1-8b-instant,3,204,16,1.1480000000000002e-05,6.461229500011541,False,0.5793801642856949,False
7,semantic_entropy,llama-3.1-8b-instant,5,340,37,1.9960000000000002e-05,10.9451279000059,True,0.6554587535412857,False
7,semantic_entropy,llama-3.1-8b-instant,10,680,80,4.04e-05,22.29269820000627,False,0.44717262228329563,False
7,self_consistency,llama-3.3-70b-versatile,1,68,10,4.802e-05,0.2860923999978695,False,1.0,False
7,self_consistency,llama-3.3-70b-versatile,3,204,27,0.00014168999999999998,3.1589689000102226,False,0.6666666666666666,False
7,self_consistency,llama-3.3-70b-versatile,5,340,41,0.00023298999999999998,6.168799000006402,False,0.6,False
7,self_consistency,llama-3.3-70b-versatile,10,680,72,0.00045808000000000003,13.658984800000326,True,0.4,False
7,semantic_entropy,llama-3.3-70b-versatile,1,68,10,4.802e-05,0.2860923999978695,False,0.0,False
7,semantic_entropy,llama-3.3-70b-versatile,3,204,27,0.00014168999999999998,3.1589689000102226,False,-0.0,False
7,semantic_entropy,llama-3.3-70b-versatile,5,340,41,0.00023298999999999998,6.168799000006402,False,-0.0,False
7,semantic_entropy,llama-3.3-70b-versatile,10,680,72,0.00045808000000000003,13.658984800000326,False,0.34822537285722394,False
8,verbalized_confidence,llama-3.1-8b-instant,1,148,12,8.36e-06,1.3459742999984883,False,80.0,True
8,llm_judge,llama-3.1-8b-instant,1,221,11,1.1930000000000001e-05,3.026891899993643,False,,True
8,verbalized_confidence,llama-3.3-70b-versatile,1,148,13,9.758999999999999e-05,0.2754599000036251,False,100.0,True
8,llm_judge,llama-3.3-70b-versatile,1,217,8,0.00013434999999999999,1.760366200003773,False,,True
8,self_consistency,llama-3.1-8b-instant,1,98,6,5.380000000000001e-06,0.13752639999438543,False,1.0,True
8,self_consistency,llama-3.1-8b-instant,3,294,93,2.214e-05,6.2918475000042235,True,0.3333333333333333,True
8,self_consistency,llama-3.1-8b-instant,5,490,2162,0.00019746000000000002,13.050600600006874,True,0.2,True
8,self_consistency,llama-3.1-8b-instant,10,980,2467,0.00024636000000000005,24.162624700024026,True,0.2,True
8,semantic_entropy,llama-3.1-8b-instant,1,98,6,5.380000000000001e-06,0.13752639999438543,False,0.0,True
8,semantic_entropy,llama-3.1-8b-instant,3,294,93,2.214e-05,6.2918475000042235,True,0.9999999999999998,True
8,semantic_entropy,llama-3.1-8b-instant,5,490,2162,0.00019746000000000002,13.050600600006874,True,0.8277293767706428,True
8,semantic_entropy,llama-3.1-8b-instant,10,980,2467,0.00024636000000000005,24.162624700024026,True,0.6505149978319904,True
8,self_consistency,llama-3.3-70b-versatile,1,98,5,6.177e-05,0.5341683000006014,False,1.0,True
8,self_consistency,llama-3.3-70b-versatile,3,294,15,0.00018531,3.169753900001524,False,1.0,True
8,self_consistency,llama-3.3-70b-versatile,5,490,29,0.00031201,6.167896300001303,False,0.8,True
8,self_consistency,llama-3.3-70b-versatile,10,980,54,0.00062086,13.80083750000631,False,0.9,True
8,semantic_entropy,llama-3.3-70b-versatile,1,98,5,6.177e-05,0.5341683000006014,False,0.0,True
8,semantic_entropy,llama-3.3-70b-versatile,3,294,15,0.00018531,3.169753900001524,False,-0.0,True
8,semantic_entropy,llama-3.3-70b-versatile,5,490,29,0.00031201,6.167896300001303,False,0.31091750708257115,True
8,semantic_entropy,llama-3.3-70b-versatile,10,980,54,0.00062086,13.80083750000631,False,0.14118174150460758,True
9,verbalized_confidence,llama-3.1-8b-instant,1,120,12,6.96e-06,0.15747550000378396,False,90.0,False
9,llm_judge,llama-3.1-8b-instant,1,166,12,9.26e-06,2.926935300012701,False,,False
9,verbalized_confidence,llama-3.3-70b-versatile,1,120,12,8.028e-05,0.2634892999922158,False,100.0,False
9,llm_judge,llama-3.3-70b-versatile,1,159,5,9.775999999999999e-05,3.0055099000019254,False,,False
9,self_consistency,llama-3.1-8b-instant,1,70,10,4.2999999999999995e-06,1.6313384000095539,False,1.0,False
9,self_consistency,llama-3.1-8b-instant,3,210,30,1.2899999999999998e-05,6.594562400016002,False,1.0,False
9,self_consistency,llama-3.1-8b-instant,5,350,43,2.094e-05,11.16418160001922,False,0.8,False
9,self_consistency,llama-3.1-8b-instant,10,700,113,4.404e-05,22.454558200013707,False,0.5,False
9,semantic_entropy,llama-3.1-8b-instant,1,70,10,4.2999999999999995e-06,1.6313384000095539,False,0.0,False
9,semantic_entropy,llama-3.1-8b-instant,3,210,30,1.2899999999999998e-05,6.594562400016002,False,-0.0,False
9,semantic_entropy,llama-3.1-8b-instant,5,350,43,2.094e-05,11.16418160001922,False,0.31091750708257115,False
9,semantic_entropy,llama-3.1-8b-instant,10,700,113,4.404e-05,22.454558200013707,False,0.5331092497698138,False
9,self_consistency,llama-3.3-70b-versatile,1,70,3,4.3669999999999994e-05,0.18268579999858048,False,1.0,False
9,self_consistency,llama-3.3-70b-versatile,3,210,12,0.00013338,3.1552821999939624,False,0.6666666666666666,False
9,self_consistency,llama-3.3-70b-versatile,5,350,18,0.00022072,6.17275779999909,False,0.8,False
9,self_consistency,llama-3.3-70b-versatile,10,700,36,0.00044144,13.662900600000285,False,0.8,False
9,semantic_entropy,llama-3.3-70b-versatile,1,70,3,4.3669999999999994e-05,0.18268579999858048,False,0.0,False
9,semantic_entropy,llama-3.3-70b-versatile,3,210,12,0.00013338,3.1552821999939624,False,0.5793801642856949,False
9,semantic_entropy,llama-3.3-70b-versatile,5,350,18,0.00022072,6.17275779999909,False,0.31091750708257115,False
9,semantic_entropy,llama-3.3-70b-versatile,10,700,36,0.00044144,13.662900600000285,False,0.21732201127364886,False
10,verbalized_confidence,llama-3.1-8b-instant,1,118,13,6.9400000000000005e-06,0.15756609999516513,False,100.0,True
10,llm_judge,llama-3.1-8b-instant,1,162,12,9.060000000000001e-06,3.0232044000003953,True,,True
10,verbalized_confidence,llama-3.3-70b-versatile,1,118,13,7.988999999999998e-05,0.18221790000097826,True,0.0,True
10,llm_judge,llama-3.3-70b-versatile,1,156,6,9.677999999999999e-05,2.948787800007267,False,,True
10,self_consistency,llama-3.1-8b-instant,1,68,10,4.2000000000000004e-06,1.5453903999878094,False,1.0,True
10,self_consistency,llama-3.1-8b-instant,3,204,29,1.2520000000000002e-05,6.589313999997103,False,0.6666666666666666,True
10,self_consistency,llama-3.1-8b-instant,5,340,57,2.1560000000000004e-05,11.108308799986844,True,0.4,True
10,self_consistency,llama-3.1-8b-instant,10,680,115,4.3200000000000007e-05,22.32492449998972,True,0.4,True
10,semantic_entropy,llama-3.1-8b-instant,1,68,10,4.2000000000000004e-06,1.5453903999878094,False,0.0,True
10,semantic_entropy,llama-3.1-8b-instant,3,204,29,1.2520000000000002e-05,6.589313999997103,False,-0.0,True
10,semantic_entropy,llama-3.1-8b-instant,5,340,57,2.1560000000000004e-05,11.108308799986844,False,-0.0,True
10,semantic_entropy,llama-3.1-8b-instant,10,680,115,4.3200000000000007e-05,22.32492449998972,False,0.14118174150460758,True
10,self_consistency,llama-3.3-70b-versatile,1,68,4,4.328e-05,0.26150110000162385,False,1.0,True
10,self_consistency,llama-3.3-70b-versatile,3,204,18,0.00013458,3.30979749999824,False,0.6666666666666666,True
10,self_consistency,llama-3.3-70b-versatile,5,340,36,0.00022904,6.200186799993389,True,0.4,True
10,self_consistency,llama-3.3-70b-versatile,10,680,68,0.00045491999999999993,13.642509300014353,False,0.5,True
10,semantic_entropy,llama-3.3-70b-versatile,1,68,4,4.328e-05,0.26150110000162385,False,0.0,True
10,semantic_entropy,llama-3.3-70b-versatile,3,204,18,0.00013458,3.30979749999824,False,0.5793801642856949,True
10,semantic_entropy,llama-3.3-70b-versatile,5,340,36,0.00022904,6.200186799993389,False,0.4181656600790517,True
10,semantic_entropy,llama-3.3-70b-versatile,10,680,68,0.00045491999999999993,13.642509300014353,False,0.29228525323862886,True
11,verbalized_confidence,llama-3.1-8b-instant,1,122,20,7.7e-06,0.1532465000054799,False,80.0,True
11,llm_judge,llama-3.1-8b-instant,1,183,25,1.1150000000000002e-05,3.0139957000064896,False,,False
11,verbalized_confidence,llama-3.3-70b-versatile,1,122,16,8.461999999999999e-05,0.3364489999949001,False,100.0,False
11,llm_judge,llama-3.3-70b-versatile,1,166,8,0.00010425999999999998,1.7305100999947172,True,,True
11,self_consistency,llama-3.1-8b-instant,1,72,20,5.2e-06,3.626325999997789,False,1.0,False
11,self_consistency,llama-3.1-8b-instant,3,216,61,1.568e-05,8.16056760000356,True,0.3333333333333333,False
11,self_consistency,llama-3.1-8b-instant,5,360,105,2.64e-05,12.727346800005762,True,0.2,False
11,self_consistency,llama-3.1-8b-instant,10,720,195,5.160000000000001e-05,24.41676560002088,True,0.1,False
11,semantic_entropy,llama-3.1-8b-instant,1,72,20,5.2e-06,3.626325999997789,False,0.0,False
11,semantic_entropy,llama-3.1-8b-instant,3,216,61,1.568e-05,8.16056760000356,True,0.9999999999999998,False
11,semantic_entropy,llama-3.1-8b-instant,5,360,105,2.64e-05,12.727346800005762,True,1.0000000000000002,False
11,semantic_entropy,llama-3.1-8b-instant,10,720,195,5.160000000000001e-05,24.41676560002088,True,0.9999999999999998,False
11,self_consistency,llama-3.3-70b-versatile,1,72,10,5.0379999999999995e-05,0.27972350000345614,False,1.0,True
11,self_consistency,llama-3.3-70b-versatile,3,216,26,0.00014797999999999998,3.2699974999850383,False,0.6666666666666666,True
11,self_consistency,llama-3.3-70b-versatile,5,360,42,0.00024557999999999996,6.1794378999766195,False,0.6,True
11,self_consistency,llama-3.3-70b-versatile,10,720,80,0.00048799999999999994,13.759221499989508,False,0.5,True
11,semantic_entropy,llama-3.3-70b-versatile,1,72,10,5.0379999999999995e-05,0.27972350000345614,False,0.0,True
11,semantic_entropy,llama-3.3-70b-versatile,3,216,26,0.00014797999999999998,3.2699974999850383,False,0.5793801642856949,True
11,semantic_entropy,llama-3.3-70b-versatile,5,360,42,0.00024557999999999996,6.1794378999766195,False,0.4181656600790517,True
11,semantic_entropy,llama-3.3-70b-versatile,10,720,80,0.00048799999999999994,13.759221499989508,False,0.30102999566398114,True
12,verbalized_confidence,llama-3.1-8b-instant,1,119,12,6.91e-06,1.3047702000039862,False,100.0,True
12,llm_judge,llama-3.1-8b-instant,1,157,5,8.25e-06,3.0005799000064144,False,,True
12,verbalized_confidence,llama-3.3-70b-versatile,1,119,12,7.969e-05,0.24098740000044927,False,100.0,True
12,llm_judge,llama-3.3-70b-versatile,1,157,6,9.737e-05,3.017010499999742,False,,True
12,self_consistency,llama-3.1-8b-instant,1,69,9,4.17e-06,0.13933420000830665,False,1.0,False
12,self_consistency,llama-3.1-8b-instant,3,207,15,1.155e-05,5.188158000004478,False,0.6666666666666666,True
12,self_consistency,llama-3.1-8b-instant,5,345,21,1.893e-05,9.568181900001946,False,0.8,True
12,self_consistency,llama-3.1-8b-instant,10,690,52,3.866e-05,21.27274590000161,False,0.7,True
12,semantic_entropy,llama-3.1-8b-instant,1,69,9,4.17e-06,0.13933420000830665,False,0.0,False
12,semantic_entropy,llama-3.1-8b-instant,3,207,15,1.155e-05,5.188158000004478,False,0.5793801642856949,False
12,semantic_entropy,llama-3.1-8b-instant,5,345,21,1.893e-05,9.568181900001946,False,0.31091750708257115,False
12,semantic_entropy,llama-3.1-8b-instant,10,690,52,3.866e-05,21.27274590000161,False,0.2652949955741215,False
12,self_consistency,llama-3.3-70b-versatile,1,69,3,4.308e-05,0.1264009000005899,False,1.0,True
12,self_consistency,llama-3.3-70b-versatile,3,207,9,0.00012924,3.1583442999981344,False,1.0,True
12,self_consistency,llama-3.3-70b-versatile,5,345,15,0.0002154,6.274099999995087,False,1.0,True
12,self_consistency,llama-3.3-70b-versatile,10,690,30,0.00043080000000000006,13.65649919999123,False,1.0,True
12,semantic_entropy,llama-3.3-70b-versatile,1,69,3,4.308e-05,0.1264009000005899,False,0.0,True
12,semantic_entropy,llama-3.3-70b-versatile,3,207,9,0.00012924,3.1583442999981344,False,-0.0,True
12,semantic_entropy,llama-3.3-70b-versatile,5,345,15,0.0002154,6.274099999995087,False,-0.0,True
12,semantic_entropy,llama-3.3-70b-versatile,10,690,30,0.00043080000000000006,13.65649919999123,False,-0.0,True
13,verbalized_confidence,llama-3.1-8b-instant,1,131,13,7.590000000000001e-06,0.17247520000091754,False,100.0,True
13,llm_judge,llama-3.1-8b-instant,1,182,5,9.5e-06,3.001419000007445,False,,True
13,verbalized_confidence,llama-3.3-70b-versatile,1,131,13,8.755999999999998e-05,0.2684002000023611,False,90.0,True
13,llm_judge,llama-3.3-70b-versatile,1,182,7,0.00011291,2.9053068999928655,False,,False
13,self_consistency,llama-3.1-8b-instant,1,81,29,6.369999999999999e-06,1.5776734999963082,False,1.0,False
13,self_consistency,llama-3.1-8b-instant,3,243,47,1.591e-05,6.597061699998449,True,0.3333333333333333,False
13,self_consistency,llama-3.1-8b-instant,5,405,53,2.449e-05,11.032961399992928,True,0.4,True
13,self_consistency,llama-3.1-8b-instant,10,810,104,4.8820000000000004e-05,22.215139299994917,True,0.4,True
13,semantic_entropy,llama-3.1-8b-instant,1,81,29,6.369999999999999e-06,1.5776734999963082,False,0.0,False
13,semantic_entropy,llama-3.1-8b-instant,3,243,47,1.591e-05,6.597061699998449,True,0.9999999999999998,False
13,semantic_entropy,llama-3.1-8b-instant,5,405,53,2.449e-05,11.032961399992928,True,0.8277293767706428,False
13,semantic_entropy,llama-3.1-8b-instant,10,810,104,4.8820000000000004e-05,22.215139299994917,False,0.5903089986991943,False
13,self_consistency,llama-3.3-70b-versatile,1,81,5,5.174e-05,0.2455442999926163,False,1.0,False
13,self_consistency,llama-3.3-70b-versatile,3,243,15,0.00015522000000000002,3.263836899990565,False,1.0,False
13,self_consistency,llama-3.3-70b-versatile,5,405,25,0.0002587,6.169530200000736,False,1.0,False
13,self_consistency,llama-3.3-70b-versatile,10,810,50,0.0005174,13.79155159999209,False,1.0,False
13,semantic_entropy,llama-3.3-70b-versatile,1,81,5,5.174e-05,0.2455442999926163,False,0.0,False
13,semantic_entropy,llama-3.3-70b-versatile,3,243,15,0.00015522000000000002,3.263836899990565,False,-0.0,False
13,semantic_entropy,llama-3.3-70b-versatile,5,405,25,0.0002587,6.169530200000736,False,-0.0,False
13,semantic_entropy,llama-3.3-70b-versatile,10,810,50,0.0005174,13.79155159999209,False,-0.0,False
14,verbalized_confidence,llama-3.1-8b-instant,1,118,17,7.260000000000001e-06,0.17673029999423306,False,90.0,True
14,llm_judge,llama-3.1-8b-instant,1,160,10,8.8e-06,3.1083684000041103,False,,True
14,verbalized_confidence,llama-3.3-70b-versatile,1,118,12,7.91e-05,0.2814613999944413,True,0.0,True
14,llm_judge,llama-3.3-70b-versatile,1,161,12,0.00010447,1.7434814000007464,False,,False
14,self_consistency,llama-3.1-8b-instant,1,68,8,4.04e-06,3.5622964999929536,False,1.0,True
14,self_consistency,llama-3.1-8b-instant,3,204,25,1.22e-05,8.013595999989775,False,0.6666666666666666,True
14,self_consistency,llama-3.1-8b-instant,5,340,41,2.0280000000000002e-05,12.466973000002326,False,0.8,True
14,self_consistency,llama-3.1-8b-instant,10,680,127,4.4160000000000004e-05,24.00540809999802,False,0.6,True
14,semantic_entropy,llama-3.1-8b-instant,1,68,8,4.04e-06,3.5622964999929536,False,0.0,True
14,semantic_entropy,llama-3.1-8b-instant,3,204,25,1.22e-05,8.013595999989775,False,0.5793801642856949,True
14,semantic_entropy,llama-3.1-8b-instant,5,340,41,2.0280000000000002e-05,12.466973000002326,False,0.31091750708257115,True
14,semantic_entropy,llama-3.1-8b-instant,10,680,127,4.4160000000000004e-05,24.00540809999802,False,0.34822537285722394,True
14,self_consistency,llama-3.3-70b-versatile,1,68,8,4.6439999999999996e-05,0.16190269999788143,False,1.0,True
14,self_consistency,llama-3.3-70b-versatile,3,204,26,0.00014089999999999998,3.268883699987782,False,0.6666666666666666,False
14,self_consistency,llama-3.3-70b-versatile,5,340,44,0.00023535999999999997,6.170242399981362,False,0.8,False
14,self_consistency,llama-3.3-70b-versatile,10,680,92,0.00047387999999999993,13.657661300021573,False,0.6,False
14,semantic_entropy,llama-3.3-70b-versatile,1,68,8,4.6439999999999996e-05,0.16190269999788143,False,0.0,True
14,semantic_entropy,llama-3.3-70b-versatile,3,204,26,0.00014089999999999998,3.268883699987782,False,-0.0,True
14,semantic_entropy,llama-3.3-70b-versatile,5,340,44,0.00023535999999999997,6.170242399981362,False,-0.0,True
14,semantic_entropy,llama-3.3-70b-versatile,10,680,92,0.00047387999999999993,13.657661300021573,False,0.14118174150460758,True
15,verbalized_confidence,llama-3.1-8b-instant,1,143,12,8.109999999999999e-06,0.14819030000944622,False,100.0,True
15,llm_judge,llama-3.1-8b-instant,1,205,5,1.0650000000000001e-05,3.008418299999903,True,,True
15,verbalized_confidence,llama-3.3-70b-versatile,1,143,13,9.463999999999999e-05,0.17667519999668002,False,100.0,True
15,llm_judge,llama-3.3-70b-versatile,1,205,6,0.00012569,1.8512709000060568,False,,True
15,self_consistency,llama-3.1-8b-instant,1,93,3,4.890000000000001e-06,0.12329199998930562,False,1.0,True
15,self_consistency,llama-3.1-8b-instant,3,279,8,1.4590000000000003e-05,5.236606099992059,False,1.0,True
15,self_consistency,llama-3.1-8b-instant,5,465,14,2.4370000000000006e-05,9.66361849999521,False,1.0,True
15,self_consistency,llama-3.1-8b-instant,10,930,27,4.866000000000002e-05,20.88831089998712,False,1.0,True
15,semantic_entropy,llama-3.1-8b-instant,1,93,3,4.890000000000001e-06,0.12329199998930562,False,0.0,True
15,semantic_entropy,llama-3.1-8b-instant,3,279,8,1.4590000000000003e-05,5.236606099992059,False,-0.0,True
15,semantic_entropy,llama-3.1-8b-instant,5,465,14,2.4370000000000006e-05,9.66361849999521,False,-0.0,True
15,semantic_entropy,llama-3.1-8b-instant,10,930,27,4.866000000000002e-05,20.88831089998712,False,-0.0,True
15,self_consistency,llama-3.3-70b-versatile,1,93,3,5.7239999999999994e-05,0.15334659999643918,False,1.0,True
15,self_consistency,llama-3.3-70b-versatile,3,279,9,0.00017172,3.1770860999822617,False,1.0,True
15,self_consistency,llama-3.3-70b-versatile,5,465,15,0.00028619999999999996,6.15520869998727,False,0.8,True
15,self_consistency,llama-3.3-70b-versatile,10,930,32,0.00057398,13.785960199980764,False,0.7,True
15,semantic_entropy,llama-3.3-70b-versatile,1,93,3,5.7239999999999994e-05,0.15334659999643918,False,0.0,True
15,semantic_entropy,llama-3.3-70b-versatile,3,279,9,0.00017172,3.1770860999822617,False,-0.0,True
15,semantic_entropy,llama-3.3-70b-versatile,5,465,15,0.00028619999999999996,6.15520869998727,False,-0.0,True
15,semantic_entropy,llama-3.3-70b-versatile,10,930,32,0.00057398,13.785960199980764,False,0.14118174150460758,True
16,verbalized_confidence,llama-3.1-8b-instant,1,122,19,7.620000000000001e-06,0.1716547999967588,False,90.0,False
16,llm_judge,llama-3.1-8b-instant,1,191,33,1.219e-05,2.9862133000133326,False,,False
16,verbalized_confidence,llama-3.3-70b-versatile,1,122,20,8.777999999999999e-05,0.3069138999999268,False,90.0,False
16,llm_judge,llama-3.3-70b-versatile,1,171,13,0.00011115999999999999,1.6749659000051906,False,,False
16,self_consistency,llama-3.1-8b-instant,1,72,21,5.28e-06,3.6037544999999227,False,1.0,False
16,self_consistency,llama-3.1-8b-instant,3,216,71,1.648e-05,8.138723300013226,True,0.3333333333333333,False
16,self_consistency,llama-3.1-8b-instant,5,360,125,2.8e-05,12.785666600015247,True,0.2,False
16,self_consistency,llama-3.1-8b-instant,10,720,259,5.672000000000001e-05,24.376868800012744,True,0.1,False
16,semantic_entropy,llama-3.1-8b-instant,1,72,21,5.28e-06,3.6037544999999227,False,0.0,False
16,semantic_entropy,llama-3.1-8b-instant,3,216,71,1.648e-05,8.138723300013226,False,0.5793801642856949,False
16,semantic_entropy,llama-3.1-8b-instant,5,360,125,2.8e-05,12.785666600015247,False,0.31091750708257115,False
16,semantic_entropy,llama-3.1-8b-instant,10,720,259,5.672000000000001e-05,24.376868800012744,False,0.44717262228329563,False
16,self_consistency,llama-3.3-70b-versatile,1,72,11,5.117e-05,0.30851639999309555,False,1.0,False
16,self_consistency,llama-3.3-70b-versatile,3,216,33,0.00015350999999999999,3.307948399989982,False,1.0,False
16,self_consistency,llama-3.3-70b-versatile,5,360,55,0.00025585,6.215209000001778,False,1.0,False
16,self_consistency,llama-3.3-70b-versatile,10,720,110,0.0005117,13.820115899987286,False,0.9,False
16,semantic_entropy,llama-3.3-70b-versatile,1,72,11,5.117e-05,0.30851639999309555,False,0.0,False
16,semantic_entropy,llama-3.3-70b-versatile,3,216,33,0.00015350999999999999,3.307948399989982,False,-0.0,False
16,semantic_entropy,llama-3.3-70b-versatile,5,360,55,0.00025585,6.215209000001778,False,-0.0,False
16,semantic_entropy,llama-3.3-70b-versatile,10,720,110,0.0005117,13.820115899987286,False,-0.0,False
17,verbalized_confidence,llama-3.1-8b-instant,1,117,18,7.2900000000000005e-06,0.17239659999904688,False,100.0,False
17,llm_judge,llama-3.1-8b-instant,1,157,9,8.570000000000001e-06,2.956305700005032,True,,False
17,verbalized_confidence,llama-3.3-70b-versatile,1,117,12,7.851e-05,0.2664389999990817,False,100.0,True
17,llm_judge,llama-3.3-70b-versatile,1,153,5,9.421999999999999e-05,1.6649833999981638,False,,True
17,self_consistency,llama-3.1-8b-instant,1,67,23,5.19e-06,3.61752840000554,False,1.0,False
17,self_consistency,llama-3.1-8b-instant,3,201,45,1.365e-05,8.080055900019943,True,0.3333333333333333,False
17,self_consistency,llama-3.1-8b-instant,5,335,51,2.0830000000000002e-05,12.55376150002121,True,0.2,False
17,self_consistency,llama-3.1-8b-instant,10,670,114,4.262000000000001e-05,23.778745600036927,True,0.2,False
17,semantic_entropy,llama-3.1-8b-instant,1,67,23,5.19e-06,3.61752840000554,False,0.0,False
17,semantic_entropy,llama-3.1-8b-instant,3,201,45,1.365e-05,8.080055900019943,True,0.9999999999999998,False
17,semantic_entropy,llama-3.1-8b-instant,5,335,51,2.0830000000000002e-05,12.55376150002121,True,0.8277293767706428,False
17,semantic_entropy,llama-3.1-8b-instant,10,670,114,4.262000000000001e-05,23.778745600036927,True,0.7966576244513048,False
17,self_consistency,llama-3.3-70b-versatile,1,67,6,4.427e-05,0.16959659999702126,False,1.0,True
17,self_consistency,llama-3.3-70b-versatile,3,201,12,0.00012806999999999999,3.2686334000027273,False,0.6666666666666666,True
17,self_consistency,llama-3.3-70b-versatile,5,335,18,0.00021186999999999996,6.254225600001519,False,0.8,True
17,self_consistency,llama-3.3-70b-versatile,10,670,33,0.0004213699999999999,13.657471800004714,False,0.9,True
17,semantic_entropy,llama-3.3-70b-versatile,1,67,6,4.427e-05,0.16959659999702126,False,0.0,True
17,semantic_entropy,llama-3.3-70b-versatile,3,201,12,0.00012806999999999999,3.2686334000027273,False,0.5793801642856949,True
17,semantic_entropy,llama-3.3-70b-versatile,5,335,18,0.00021186999999999996,6.254225600001519,False,0.31091750708257115,True
17,semantic_entropy,llama-3.3-70b-versatile,10,670,33,0.0004213699999999999,13.657471800004714,False,0.14118174150460758,True
18,verbalized_confidence,llama-3.1-8b-instant,1,123,21,7.83e-06,1.3127963000006275,False,100.0,False
18,llm_judge,llama-3.1-8b-instant,1,174,14,9.820000000000001e-06,2.992346599989105,True,,False
18,verbalized_confidence,llama-3.3-70b-versatile,1,123,17,8.6e-05,0.31401309999637306,False,100.0,False
18,llm_judge,llama-3.3-70b-versatile,1,172,12,0.00011096,1.8159306000015931,False,,False
18,self_consistency,llama-3.1-8b-instant,1,73,12,4.61e-06,3.591914899996482,False,1.0,False
18,self_consistency,llama-3.1-8b-instant,3,219,36,1.383e-05,8.134063899997273,False,1.0,False
18,self_consistency,llama-3.1-8b-instant,5,365,79,2.457e-05,12.666180499989423,False,0.6,False
18,self_consistency,llama-3.1-8b-instant,10,730,141,4.777999999999999e-05,24.06895239998994,False,0.7,False
18,semantic_entropy,llama-3.1-8b-instant,1,73,12,4.61e-06,3.591914899996482,False,0.0,False
18,semantic_entropy,llama-3.1-8b-instant,3,219,36,1.383e-05,8.134063899997273,False,-0.0,False
18,semantic_entropy,llama-3.1-8b-instant,5,365,79,2.457e-05,12.666180499989423,False,-0.0,False
18,semantic_entropy,llama-3.1-8b-instant,10,730,141,4.777999999999999e-05,24.06895239998994,False,-0.0,False
18,self_consistency,llama-3.3-70b-versatile,1,73,21,5.9659999999999995e-05,0.324830400000792,False,1.0,False
18,self_consistency,llama-3.3-70b-versatile,3,219,50,0.00016870999999999998,3.4990055999951437,True,0.3333333333333333,False
18,self_consistency,llama-3.3-70b-versatile,5,365,79,0.00027776,6.58478049999394,True,0.4,False
18,self_consistency,llama-3.3-70b-versatile,10,730,157,0.00055473,13.809379499973147,True,0.4,False
18,semantic_entropy,llama-3.3-70b-versatile,1,73,21,5.9659999999999995e-05,0.324830400000792,False,0.0,False
18,semantic_entropy,llama-3.3-70b-versatile,3,219,50,0.00016870999999999998,3.4990055999951437,False,-0.0,False
18,semantic_entropy,llama-3.3-70b-versatile,5,365,79,0.00027776,6.58478049999394,False,-0.0,False
18,semantic_entropy,llama-3.3-70b-versatile,10,730,157,0.00055473,13.809379499973147,False,-0.0,False
19,verbalized_confidence,llama-3.1-8b-instant,1,121,22,7.81e-06,1.3669615000108024,False,100.0,False
19,llm_judge,llama-3.1-8b-instant,1,164,8,8.84e-06,3.081081099997391,False,,False
19,verbalized_confidence,llama-3.3-70b-versatile,1,121,15,8.324000000000001e-05,0.401212900003884,False,100.0,False
19,llm_judge,llama-3.3-70b-versatile,1,167,11,0.00010722,1.7534848999930546,False,,False
19,self_consistency,llama-3.1-8b-instant,1,71,12,4.51e-06,2.2493293000006815,False,1.0,False
19,self_consistency,llama-3.1-8b-instant,3,213,32,1.321e-05,6.858173900007387,True,0.3333333333333333,False
19,self_consistency,llama-3.1-8b-instant,5,355,51,2.1830000000000003e-05,11.466103600003407,True,0.2,False
19,self_consistency,llama-3.1-8b-instant,10,710,102,4.3660000000000005e-05,22.635472100009792,True,0.3,False
19,semantic_entropy,llama-3.1-8b-instant,1,71,12,4.51e-06,2.2493293000006815,False,0.0,False
19,semantic_entropy,llama-3.1-8b-instant,3,213,32,1.321e-05,6.858173900007387,False,0.5793801642856949,False
19,semantic_entropy,llama-3.1-8b-instant,5,355,51,2.1830000000000003e-05,11.466103600003407,False,0.4181656600790517,False
19,semantic_entropy,llama-3.1-8b-instant,10,710,102,4.3660000000000005e-05,22.635472100009792,False,0.389972873353915,False
19,self_consistency,llama-3.3-70b-versatile,1,71,9,4.9e-05,0.3124835000053281,False,1.0,False
19,self_consistency,llama-3.3-70b-versatile,3,213,27,0.000147,3.2821586999925785,False,1.0,False
19,self_consistency,llama-3.3-70b-versatile,5,355,43,0.00024342,6.285377599982894,False,0.8,False
19,self_consistency,llama-3.3-70b-versatile,10,710,88,0.00048842,13.734664799980237,False,0.9,False
19,semantic_entropy,llama-3.3-70b-versatile,1,71,9,4.9e-05,0.3124835000053281,False,0.0,False
19,semantic_entropy,llama-3.3-70b-versatile,3,213,27,0.000147,3.2821586999925785,False,-0.0,False
19,semantic_entropy,llama-3.3-70b-versatile,5,355,43,0.00024342,6.285377599982894,False,0.31091750708257115,False
19,semantic_entropy,llama-3.3-70b-versatile,10,710,88,0.00048842,13.734664799980237,False,0.14118174150460758,False
20,verbalized_confidence,llama-3.1-8b-instant,1,121,12,7.010000000000001e-06,0.17261120000330266,False,80.0,False
20,llm_judge,llama-3.1-8b-instant,1,168,12,9.360000000000002e-06,3.0158726000081515,False,,False
20,verbalized_confidence,llama-3.3-70b-versatile,1,121,15,8.324000000000001e-05,0.3620227000064915,False,100.0,False
20,llm_judge,llama-3.3-70b-versatile,1,161,6,9.973e-05,1.768286899998202,True,,False
20,self_consistency,llama-3.1-8b-instant,1,71,13,4.59e-06,1.517033000010997,False,1.0,False
20,self_consistency,llama-3.1-8b-instant,3,213,48,1.449e-05,7.444484200022998,True,0.3333333333333333,False
20,self_consistency,llama-3.1-8b-instant,5,355,74,2.3670000000000002e-05,11.9642483000207,True,0.4,False
20,self_consistency,llama-3.1-8b-instant,10,710,117,4.486e-05,23.386137100038468,True,0.4,False
20,semantic_entropy,llama-3.1-8b-instant,1,71,13,4.59e-06,1.517033000010997,False,0.0,False
20,semantic_entropy,llama-3.1-8b-instant,3,213,48,1.449e-05,7.444484200022998,False,0.5793801642856949,False
20,semantic_entropy,llama-3.1-8b-instant,5,355,74,2.3670000000000002e-05,11.9642483000207,False,0.5904362833084089,False
20,semantic_entropy,llama-3.1-8b-instant,10,710,117,4.486e-05,23.386137100038468,False,0.389972873353915,False
20,self_consistency,llama-3.3-70b-versatile,1,71,11,5.058e-05,0.18475350001244806,False,1.0,False
20,self_consistency,llama-3.3-70b-versatile,3,213,26,0.00014621,3.283002200012561,True,0.3333333333333333,False
20,self_consistency,llama-3.3-70b-versatile,5,355,34,0.00023631,6.2717240000201855,False,0.6,False
20,self_consistency,llama-3.3-70b-versatile,10,710,62,0.00046787999999999995,13.762233900022693,False,0.7,False
20,semantic_entropy,llama-3.3-70b-versatile,1,71,11,5.058e-05,0.18475350001244806,False,0.0,False
20,semantic_entropy,llama-3.3-70b-versatile,3,213,26,0.00014621,3.283002200012561,False,0.5793801642856949,False
20,semantic_entropy,llama-3.3-70b-versatile,5,355,34,0.00023631,6.2717240000201855,False,0.4181656600790517,False
20,semantic_entropy,llama-3.3-70b-versatile,10,710,62,0.00046787999999999995,13.762233900022693,False,0.2652949955741215,False
21,verbalized_confidence,llama-3.1-8b-instant,1,114,12,6.66e-06,1.3788499000074808,False,100.0,False
21,llm_judge,llama-3.1-8b-instant,1,147,5,7.75e-06,2.979647100000875,True,,False
21,verbalized_confidence,llama-3.3-70b-versatile,1,114,12,7.674e-05,0.17929660000663716,False,100.0,False
21,llm_judge,llama-3.3-70b-versatile,1,147,5,9.067999999999999e-05,2.98782230001234,False,,False
21,self_consistency,llama-3.1-8b-instant,1,64,13,4.24e-06,0.14662530001078267,False,1.0,False
21,self_consistency,llama-3.1-8b-instant,3,192,29,1.1920000000000001e-05,5.235017400016659,True,0.3333333333333333,False
21,self_consistency,llama-3.1-8b-instant,5,320,55,2.04e-05,9.735344800021267,True,0.4,False
21,self_consistency,llama-3.1-8b-instant,10,640,105,4.04e-05,20.838778900026227,True,0.4,False
21,semantic_entropy,llama-3.1-8b-instant,1,64,13,4.24e-06,0.14662530001078267,False,0.0,False
21,semantic_entropy,llama-3.1-8b-instant,3,192,29,1.1920000000000001e-05,5.235017400016659,False,0.5793801642856949,False
21,semantic_entropy,llama-3.1-8b-instant,5,320,55,2.04e-05,9.735344800021267,False,0.31091750708257115,False
21,semantic_entropy,llama-3.1-8b-instant,10,640,105,4.04e-05,20.838778900026227,False,0.34822537285722394,False
21,self_consistency,llama-3.3-70b-versatile,1,64,3,4.013e-05,0.2522458000021288,False,1.0,False
21,self_consistency,llama-3.3-70b-versatile,3,192,9,0.00012038999999999999,3.247214000002714,False,1.0,False
21,self_consistency,llama-3.3-70b-versatile,5,320,15,0.00020064999999999997,6.248281799984397,False,1.0,False
21,self_consistency,llama-3.3-70b-versatile,10,640,30,0.0004012999999999999,13.768254699985846,False,1.0,False
21,semantic_entropy,llama-3.3-70b-versatile,1,64,3,4.013e-05,0.2522458000021288,False,0.0,False
21,semantic_entropy,llama-3.3-70b-versatile,3,192,9,0.00012038999999999999,3.247214000002714,False,-0.0,False
21,semantic_entropy,llama-3.3-70b-versatile,5,320,15,0.00020064999999999997,6.248281799984397,False,-0.0,False
21,semantic_entropy,llama-3.3-70b-versatile,10,640,30,0.0004012999999999999,13.768254699985846,False,-0.0,False
22,verbalized_confidence,llama-3.1-8b-instant,1,124,12,7.16e-06,0.14561659999890253,False,100.0,False
22,llm_judge,llama-3.1-8b-instant,1,167,5,8.750000000000001e-06,2.9203770000021905,False,,False
22,verbalized_confidence,llama-3.3-70b-versatile,1,124,12,8.264e-05,0.3265102000004845,False,100.0,False
22,llm_judge,llama-3.3-70b-versatile,1,167,6,0.00010326999999999998,3.0218265000003157,False,,False
22,self_consistency,llama-3.1-8b-instant,1,74,3,3.94e-06,0.13871389999985695,False,1.0,False
22,self_consistency,llama-3.1-8b-instant,3,222,9,1.1820000000000002e-05,3.1638864999986254,False,1.0,False
22,self_consistency,llama-3.1-8b-instant,5,370,15,1.97e-05,9.084861399998772,False,1.0,False
22,self_consistency,llama-3.1-8b-instant,10,740,30,3.94e-05,20.55433300002187,False,1.0,False
22,semantic_entropy,llama-3.1-8b-instant,1,74,3,3.94e-06,0.13871389999985695,False,0.0,False
22,semantic_entropy,llama-3.1-8b-instant,3,222,9,1.1820000000000002e-05,3.1638864999986254,False,-0.0,False
22,semantic_entropy,llama-3.1-8b-instant,5,370,15,1.97e-05,9.084861399998772,False,-0.0,False
22,semantic_entropy,llama-3.1-8b-instant,10,740,30,3.94e-05,20.55433300002187,False,-0.0,False
22,self_consistency,llama-3.3-70b-versatile,1,74,3,4.602999999999999e-05,0.16746989999955986,False,1.0,False
22,self_consistency,llama-3.3-70b-versatile,3,222,9,0.00013808999999999997,3.1657915000105277,False,1.0,False
22,self_consistency,llama-3.3-70b-versatile,5,370,15,0.00023014999999999996,6.2571927000099095,False,1.0,False
22,self_consistency,llama-3.3-70b-versatile,10,740,30,0.00046029999999999986,13.751823800004786,False,1.0,False
22,semantic_entropy,llama-3.3-70b-versatile,1,74,3,4.602999999999999e-05,0.16746989999955986,False,0.0,False
22,semantic_entropy,llama-3.3-70b-versatile,3,222,9,0.00013808999999999997,3.1657915000105277,False,-0.0,False
22,semantic_entropy,llama-3.3-70b-versatile,5,370,15,0.00023014999999999996,6.2571927000099095,False,-0.0,False
22,semantic_entropy,llama-3.3-70b-versatile,10,740,30,0.00046029999999999986,13.751823800004786,False,-0.0,False
23,verbalized_confidence,llama-3.1-8b-instant,1,118,45,9.5e-06,0.3633803999982774,False,80.0,True
23,llm_judge,llama-3.1-8b-instant,1,186,36,1.2180000000000002e-05,3.0007479000050807,False,,True
23,verbalized_confidence,llama-3.3-70b-versatile,1,118,14,8.068e-05,0.20444909999787342,False,90.0,False
23,llm_judge,llama-3.3-70b-versatile,1,165,15,0.0001092,1.6848938000039198,False,,False
23,self_consistency,llama-3.1-8b-instant,1,68,24,5.32e-06,3.5332894999883138,False,1.0,True
23,self_consistency,llama-3.1-8b-instant,3,204,100,1.8200000000000002e-05,8.096821499973885,True,0.3333333333333333,True
23,self_consistency,llama-3.1-8b-instant,5,340,175,3.1e-05,12.673685499976273,True,0.2,True
23,self_consistency,llama-3.1-8b-instant,10,680,435,6.88e-05,24.54914319998352,True,0.1,True
23,semantic_entropy,llama-3.1-8b-instant,1,68,24,5.32e-06,3.5332894999883138,False,0.0,True
23,semantic_entropy,llama-3.1-8b-instant,3,204,100,1.8200000000000002e-05,8.096821499973885,False,0.5793801642856949,True
23,semantic_entropy,llama-3.1-8b-instant,5,340,175,3.1e-05,12.673685499976273,False,0.5904362833084089,True
23,semantic_entropy,llama-3.1-8b-instant,10,680,435,6.88e-05,24.54914319998352,True,0.7591760034688149,True
23,self_consistency,llama-3.3-70b-versatile,1,68,14,5.118e-05,0.27292299999680836,False,1.0,False
23,self_consistency,llama-3.3-70b-versatile,3,204,50,0.00015986,3.319633099978091,True,0.3333333333333333,False
23,self_consistency,llama-3.3-70b-versatile,5,340,138,0.00030962,6.48100789997261,True,0.2,False
23,self_consistency,llama-3.3-70b-versatile,10,680,223,0.00057737,13.84030149996397,True,0.1,False
23,semantic_entropy,llama-3.3-70b-versatile,1,68,14,5.118e-05,0.27292299999680836,False,0.0,False
23,semantic_entropy,llama-3.3-70b-versatile,3,204,50,0.00015986,3.319633099978091,True,0.9999999999999998,False
23,semantic_entropy,llama-3.3-70b-versatile,5,340,138,0.00030962,6.48100789997261,True,0.8277293767706428,False
23,semantic_entropy,llama-3.3-70b-versatile,10,680,223,0.00057737,13.84030149996397,True,0.7966576244513048,False
24,verbalized_confidence,llama-3.1-8b-instant,1,119,24,7.870000000000001e-06,1.1375838999956613,False,80.0,True
24,llm_judge,llama-3.1-8b-instant,1,159,7,8.510000000000002e-06,3.0028059000032954,True,,True
24,verbalized_confidence,llama-3.3-70b-versatile,1,119,15,8.206e-05,0.20540079999773297,False,80.0,False
24,llm_judge,llama-3.3-70b-versatile,1,163,12,0.00010564999999999999,2.1262062000023434,False,,False
24,self_consistency,llama-3.1-8b-instant,1,69,5,3.85e-06,3.5839868000039132,False,1.0,True
24,self_consistency,llama-3.1-8b-instant,3,207,15,1.1550000000000001e-05,8.14301250000426,False,1.0,True
24,self_consistency,llama-3.1-8b-instant,5,345,25,1.925e-05,12.808978500004741,False,1.0,True
24,self_consistency,llama-3.1-8b-instant,10,690,60,3.929999999999999e-05,23.929701800007024,False,0.6,True
24,semantic_entropy,llama-3.1-8b-instant,1,69,5,3.85e-06,3.5839868000039132,False,0.0,True
24,semantic_entropy,llama-3.1-8b-instant,3,207,15,1.1550000000000001e-05,8.14301250000426,False,-0.0,True
24,semantic_entropy,llama-3.1-8b-instant,5,345,25,1.925e-05,12.808978500004741,False,-0.0,True
24,semantic_entropy,llama-3.1-8b-instant,10,690,60,3.929999999999999e-05,23.929701800007024,False,0.389972873353915,True
24,self_consistency,llama-3.3-70b-versatile,1,69,9,4.782e-05,0.186605499999132,False,1.0,False
24,self_consistency,llama-3.3-70b-versatile,3,207,29,0.00014504,3.2995957999955863,True,0.3333333333333333,False
24,self_consistency,llama-3.3-70b-versatile,5,345,45,0.0002391,6.161892299976898,True,0.4,False
24,self_consistency,llama-3.3-70b-versatile,10,690,80,0.00047030000000000005,13.664349799975753,True,0.4,True
24,semantic_entropy,llama-3.3-70b-versatile,1,69,9,4.782e-05,0.186605499999132,False,0.0,False
24,semantic_entropy,llama-3.3-70b-versatile,3,207,29,0.00014504,3.2995957999955863,False,0.5793801642856949,False
24,semantic_entropy,llama-3.3-70b-versatile,5,345,45,0.0002391,6.161892299976898,False,0.4181656600790517,False
24,semantic_entropy,llama-3.3-70b-versatile,10,690,80,0.00047030000000000005,13.664349799975753,False,0.30102999566398114,False
25,verbalized_confidence,llama-3.1-8b-instant,1,124,14,7.32e-06,1.2675643999973545,False,90.0,True
25,llm_judge,llama-3.1-8b-instant,1,170,7,9.060000000000001e-06,2.9948239999939688,True,,True
25,verbalized_confidence,llama-3.3-70b-versatile,1,124,14,8.422e-05,0.17045839999627788,False,90.0,True
25,llm_judge,llama-3.3-70b-versatile,1,170,7,0.00010583000000000001,3.2305930000002263,False,,True
25,self_consistency,llama-3.1-8b-instant,1,74,4,4.0200000000000005e-06,0.15255070000421256,False,1.0,True
25,self_consistency,llama-3.1-8b-instant,3,222,14,1.2220000000000002e-05,6.0212721999996575,False,1.0,True
25,self_consistency,llama-3.1-8b-instant,5,370,26,2.0580000000000003e-05,10.567745799999102,False,0.8,True
25,self_consistency,llama-3.1-8b-instant,10,740,50,4.1e-05,21.63503719997243,False,0.8,True
25,semantic_entropy,llama-3.1-8b-instant,1,74,4,4.0200000000000005e-06,0.15255070000421256,False,0.0,True
25,semantic_entropy,llama-3.1-8b-instant,3,222,14,1.2220000000000002e-05,6.0212721999996575,False,-0.0,True
25,semantic_entropy,llama-3.1-8b-instant,5,370,26,2.0580000000000003e-05,10.567745799999102,False,-0.0,True
25,semantic_entropy,llama-3.1-8b-instant,10,740,50,4.1e-05,21.63503719997243,False,-0.0,True
25,self_consistency,llama-3.3-70b-versatile,1,74,5,4.761e-05,0.25115500000538304,False,1.0,True
25,self_consistency,llama-3.3-70b-versatile,3,222,15,0.00014282999999999999,3.259875700008706,False,1.0,True
25,self_consistency,llama-3.3-70b-versatile,5,370,25,0.00023805,6.193088300016825,False,1.0,True
25,self_consistency,llama-3.3-70b-versatile,10,740,50,0.0004761000000000001,13.659732900021481,False,1.0,True
25,semantic_entropy,llama-3.3-70b-versatile,1,74,5,4.761e-05,0.25115500000538304,False,0.0,True
25,semantic_entropy,llama-3.3-70b-versatile,3,222,15,0.00014282999999999999,3.259875700008706,False,-0.0,True
25,semantic_entropy,llama-3.3-70b-versatile,5,370,25,0.00023805,6.193088300016825,False,-0.0,True
25,semantic_entropy,llama-3.3-70b-versatile,10,740,50,0.0004761000000000001,13.659732900021481,False,-0.0,True
26,verbalized_confidence,llama-3.1-8b-instant,1,118,12,6.86e-06,0.14078370000061113,False,90.0,False
26,llm_judge,llama-3.1-8b-instant,1,167,17,9.71e-06,2.9266363000060664,True,,False
26,verbalized_confidence,llama-3.3-70b-versatile,1,118,12,7.91e-05,0.2971869000029983,False,90.0,False
26,llm_judge,llama-3.3-70b-versatile,1,159,9,0.00010092,2.831592799993814,False,,False
26,self_consistency,llama-3.1-8b-instant,1,68,3,3.6400000000000007e-06,1.496909699999378,False,1.0,False
26,self_consistency,llama-3.1-8b-instant,3,204,17,1.1560000000000001e-05,7.380212700008997,False,0.6666666666666666,False
26,self_consistency,llama-3.1-8b-instant,5,340,37,1.9960000000000005e-05,11.867263400010415,False,0.6,False
26,self_consistency,llama-3.1-8b-instant,10,680,86,4.0880000000000015e-05,23.07809160000761,False,0.5,False
26,semantic_entropy,llama-3.1-8b-instant,1,68,3,3.6400000000000007e-06,1.496909699999378,False,0.0,False
26,semantic_entropy,llama-3.1-8b-instant,3,204,17,1.1560000000000001e-05,7.380212700008997,False,0.5793801642856949,False
26,semantic_entropy,llama-3.1-8b-instant,5,340,37,1.9960000000000005e-05,11.867263400010415,False,0.4181656600790517,False
26,semantic_entropy,llama-3.1-8b-instant,10,680,86,4.0880000000000015e-05,23.07809160000761,False,0.44717262228329563,False
26,self_consistency,llama-3.3-70b-versatile,1,68,7,4.565e-05,0.14180559999658726,False,1.0,False
26,self_consistency,llama-3.3-70b-versatile,3,204,21,0.00013695,3.2633441999932984,False,1.0,False
26,self_consistency,llama-3.3-70b-versatile,5,340,35,0.00022825,6.26142459998664,False,1.0,False
26,self_consistency,llama-3.3-70b-versatile,10,680,70,0.0004565,13.64989559998503,False,1.0,False
26,semantic_entropy,llama-3.3-70b-versatile,1,68,7,4.565e-05,0.14180559999658726,False,0.0,False
26,semantic_entropy,llama-3.3-70b-versatile,3,204,21,0.00013695,3.2633441999932984,False,-0.0,False
26,semantic_entropy,llama-3.3-70b-versatile,5,340,35,0.00022825,6.26142459998664,False,-0.0,False
26,semantic_entropy,llama-3.3-70b-versatile,10,680,70,0.0004565,13.64989559998503,False,-0.0,False
27,verbalized_confidence,llama-3.1-8b-instant,1,118,15,7.100000000000001e-06,0.1457146000029752,False,100.0,False
27,llm_judge,llama-3.1-8b-instant,1,159,9,8.67e-06,3.0081292999966536,False,,False
27,verbalized_confidence,llama-3.3-70b-versatile,1,118,15,8.147e-05,0.2645393000129843,False,100.0,False
27,llm_judge,llama-3.3-70b-versatile,1,159,8,0.00010013,2.997652799997013,False,,False
27,self_consistency,llama-3.1-8b-instant,1,68,6,3.88e-06,0.13622509999549948,False,1.0,False
27,self_consistency,llama-3.1-8b-instant,3,204,18,1.164e-05,3.2562502000073437,False,1.0,False
27,self_consistency,llama-3.1-8b-instant,5,340,30,1.94e-05,8.959218800009694,False,1.0,False
27,self_consistency,llama-3.1-8b-instant,10,680,60,3.8799999999999994e-05,20.12247150001349,False,1.0,False
27,semantic_entropy,llama-3.1-8b-instant,1,68,6,3.88e-06,0.13622509999549948,False,0.0,False
27,semantic_entropy,llama-3.1-8b-instant,3,204,18,1.164e-05,3.2562502000073437,False,-0.0,False
27,semantic_entropy,llama-3.1-8b-instant,5,340,30,1.94e-05,8.959218800009694,False,-0.0,False
27,semantic_entropy,llama-3.1-8b-instant,10,680,60,3.8799999999999994e-05,20.12247150001349,False,-0.0,False
27,self_consistency,llama-3.3-70b-versatile,1,68,6,4.486e-05,0.24254819999623578,False,1.0,False
27,self_consistency,llama-3.3-70b-versatile,3,204,18,0.00013458,3.1336822000012035,False,1.0,False
27,self_consistency,llama-3.3-70b-versatile,5,340,30,0.0002243,6.147982299997238,False,1.0,False
27,self_consistency,llama-3.3-70b-versatile,10,680,60,0.00044859999999999995,13.780042399986996,False,1.0,False
27,semantic_entropy,llama-3.3-70b-versatile,1,68,6,4.486e-05,0.24254819999623578,False,0.0,False
27,semantic_entropy,llama-3.3-70b-versatile,3,204,18,0.00013458,3.1336822000012035,False,-0.0,False
27,semantic_entropy,llama-3.3-70b-versatile,5,340,30,0.0002243,6.147982299997238,False,-0.0,False
27,semantic_entropy,llama-3.3-70b-versatile,10,680,60,0.00044859999999999995,13.780042399986996,False,-0.0,False
28,verbalized_confidence,llama-3.1-8b-instant,1,126,12,7.260000000000001e-06,0.25973189999058377,False,90.0,False
28,llm_judge,llama-3.1-8b-instant,1,179,13,9.990000000000001e-06,2.9895636000001105,False,,False
28,verbalized_confidence,llama-3.3-70b-versatile,1,126,12,8.382e-05,0.3052259999967646,False,90.0,False
28,llm_judge,llama-3.3-70b-versatile,1,171,6,0.00010562999999999999,2.93822640000144,False,,False
28,self_consistency,llama-3.1-8b-instant,1,76,12,4.76e-06,1.433950000006007,False,1.0,False
28,self_consistency,llama-3.1-8b-instant,3,228,18,1.284e-05,6.496768100012559,False,0.6666666666666666,False
28,self_consistency,llama-3.1-8b-instant,5,380,66,2.428e-05,10.978325000003679,True,0.4,False
28,self_consistency,llama-3.1-8b-instant,10,760,139,4.9120000000000004e-05,22.248772999999346,True,0.2,False
28,semantic_entropy,llama-3.1-8b-instant,1,76,12,4.76e-06,1.433950000006007,False,0.0,False
28,semantic_entropy,llama-3.1-8b-instant,3,228,18,1.284e-05,6.496768100012559,False,0.5793801642856949,False
28,semantic_entropy,llama-3.1-8b-instant,5,380,66,2.428e-05,10.978325000003679,True,0.6554587535412857,False
28,semantic_entropy,llama-3.1-8b-instant,10,760,139,4.9120000000000004e-05,22.248772999999346,False,0.5301029995663981,False
28,self_consistency,llama-3.3-70b-versatile,1,76,17,5.8269999999999996e-05,0.1704987999983132,False,1.0,False
28,self_consistency,llama-3.3-70b-versatile,3,228,23,0.00015269,3.145927899997332,False,0.6666666666666666,False
28,self_consistency,llama-3.3-70b-versatile,5,380,41,0.00025659,6.287157099999604,False,0.6,False
28,self_consistency,llama-3.3-70b-versatile,10,760,89,0.00051871,13.788527999990038,False,0.5,False
28,semantic_entropy,llama-3.3-70b-versatile,1,76,17,5.8269999999999996e-05,0.1704987999983132,False,0.0,False
28,semantic_entropy,llama-3.3-70b-versatile,3,228,23,0.00015269,3.145927899997332,False,0.5793801642856949,False
28,semantic_entropy,llama-3.3-70b-versatile,5,380,41,0.00025659,6.287157099999604,False,0.4181656600790517,False
28,semantic_entropy,llama-3.3-70b-versatile,10,760,89,0.00051871,13.788527999990038,False,0.40969100130080555,False
29,verbalized_confidence,llama-3.1-8b-instant,1,127,20,7.950000000000002e-06,1.3393061999959173,False,80.0,False
29,llm_judge,llama-3.1-8b-instant,1,185,17,1.061e-05,3.021394399998826,True,,True
29,verbalized_confidence,llama-3.3-70b-versatile,1,127,19,8.994e-05,0.31678790001024026,False,100.0,False
29,llm_judge,llama-3.3-70b-versatile,1,178,11,0.00011371,1.646738199997344,True,,True
29,self_consistency,llama-3.1-8b-instant,1,77,9,4.57e-06,2.2366652000055183,False,1.0,True
29,self_consistency,llama-3.1-8b-instant,3,231,46,1.5230000000000002e-05,6.844320399992284,True,0.3333333333333333,True
29,self_consistency,llama-3.1-8b-instant,5,385,78,2.549e-05,11.459808999992674,True,0.2,True
29,self_consistency,llama-3.1-8b-instant,10,770,156,5.098000000000001e-05,22.755996799984132,True,0.1,True
29,semantic_entropy,llama-3.1-8b-instant,1,77,9,4.57e-06,2.2366652000055183,False,0.0,True
29,semantic_entropy,llama-3.1-8b-instant,3,231,46,1.5230000000000002e-05,6.844320399992284,True,0.9999999999999998,True
29,semantic_entropy,llama-3.1-8b-instant,5,385,78,2.549e-05,11.459808999992674,True,1.0000000000000002,True
29,semantic_entropy,llama-3.1-8b-instant,10,770,156,5.098000000000001e-05,22.755996799984132,True,0.9397940008672035,True
29,self_consistency,llama-3.3-70b-versatile,1,77,10,5.333e-05,0.30440579999412876,False,1.0,False
29,self_consistency,llama-3.3-70b-versatile,3,231,29,0.0001592,3.3060970999940764,True,0.3333333333333333,False
29,self_consistency,llama-3.3-70b-versatile,5,385,50,0.00026665,6.2989105000015115,True,0.2,False
29,self_consistency,llama-3.3-70b-versatile,10,770,94,0.00052856,13.807906399990316,False,0.5,True
29,semantic_entropy,llama-3.3-70b-versatile,1,77,10,5.333e-05,0.30440579999412876,False,0.0,False
29,semantic_entropy,llama-3.3-70b-versatile,3,231,29,0.0001592,3.3060970999940764,False,0.5793801642856949,False
29,semantic_entropy,llama-3.3-70b-versatile,5,385,50,0.00026665,6.2989105000015115,False,0.5904362833084089,False
29,semantic_entropy,llama-3.3-70b-versatile,10,770,94,0.00052856,13.807906399990316,False,0.34822537285722394,False
30,verbalized_confidence,llama-3.1-8b-instant,1,122,15,7.3e-06,1.4031595999986166,False,100.0,True
30,llm_judge,llama-3.1-8b-instant,1,167,8,8.99e-06,2.8986454000114463,False,,True
30,verbalized_confidence,llama-3.3-70b-versatile,1,122,15,8.382999999999999e-05,0.2646575999970082,False,100.0,True
30,llm_judge,llama-3.3-70b-versatile,1,167,8,0.00010485,2.9841723999998067,False,,True
30,self_consistency,llama-3.1-8b-instant,1,72,6,4.08e-06,0.13209400000050664,False,1.0,True
30,self_consistency,llama-3.1-8b-instant,3,216,18,1.224e-05,5.330094199976884,False,1.0,True
30,self_consistency,llama-3.1-8b-instant,5,360,30,2.04e-05,9.726846599965938,False,1.0,True
30,self_consistency,llama-3.1-8b-instant,10,720,60,4.080000000000001e-05,20.809642799940775,False,1.0,True
30,semantic_entropy,llama-3.1-8b-instant,1,72,6,4.08e-06,0.13209400000050664,False,0.0,True
30,semantic_entropy,llama-3.1-8b-instant,3,216,18,1.224e-05,5.330094199976884,False,-0.0,True
30,semantic_entropy,llama-3.1-8b-instant,5,360,30,2.04e-05,9.726846599965938,False,-0.0,True
30,semantic_entropy,llama-3.1-8b-instant,10,720,60,4.080000000000001e-05,20.809642799940775,False,-0.0,True
30,self_consistency,llama-3.3-70b-versatile,1,72,6,4.722e-05,0.24906110001029447,False,1.0,True
30,self_consistency,llama-3.3-70b-versatile,3,216,18,0.00014166,3.1438887000258546,False,1.0,True
30,self_consistency,llama-3.3-70b-versatile,5,360,30,0.0002361,6.191673800029093,False,1.0,True
30,self_consistency,llama-3.3-70b-versatile,10,720,60,0.0004722,13.762296500033699,False,1.0,True
30,semantic_entropy,llama-3.3-70b-versatile,1,72,6,4.722e-05,0.24906110001029447,False,0.0,True
30,semantic_entropy,llama-3.3-70b-versatile,3,216,18,0.00014166,3.1438887000258546,False,-0.0,True
30,semantic_entropy,llama-3.3-70b-versatile,5,360,30,0.0002361,6.191673800029093,False,-0.0,True
30,semantic_entropy,llama-3.3-70b-versatile,10,720,60,0.0004722,13.762296500033699,False,-0.0,True
31,verbalized_confidence,llama-3.1-8b-instant,1,125,22,8.01e-06,0.18761300000187475,False,80.0,False
31,llm_judge,llama-3.1-8b-instant,1,177,14,9.970000000000001e-06,3.005537099990761,False,,True
31,verbalized_confidence,llama-3.3-70b-versatile,1,125,19,8.876000000000001e-05,0.3054843999998411,False,100.0,False
31,llm_judge,llama-3.3-70b-versatile,1,175,12,0.00011272999999999999,1.6557237999950303,False,,False
31,self_consistency,llama-3.1-8b-instant,1,74,12,4.66e-06,3.6141735999990487,False,1.0,True
31,self_consistency,llama-3.1-8b-instant,3,222,45,1.4700000000000002e-05,8.100543499997002,True,0.3333333333333333,True
31,self_consistency,llama-3.1-8b-instant,5,370,96,2.618e-05,12.62250800000038,True,0.2,True
31,self_consistency,llama-3.1-8b-instant,10,740,204,5.3320000000000004e-05,24.028158500004793,True,0.1,True
31,semantic_entropy,llama-3.1-8b-instant,1,74,12,4.66e-06,3.6141735999990487,False,0.0,True
31,semantic_entropy,llama-3.1-8b-instant,3,222,45,1.4700000000000002e-05,8.100543499997002,False,0.5793801642856949,True
31,semantic_entropy,llama-3.1-8b-instant,5,370,96,2.618e-05,12.62250800000038,True,0.8277293767706428,True
31,semantic_entropy,llama-3.1-8b-instant,10,740,204,5.3320000000000004e-05,24.028158500004793,True,0.7591760034688149,True
31,self_consistency,llama-3.3-70b-versatile,1,74,10,5.1559999999999994e-05,0.2831477999861818,False,1.0,False
31,self_consistency,llama-3.3-70b-versatile,3,222,30,0.00015467999999999998,3.3008499999996275,False,1.0,False
31,self_consistency,llama-3.3-70b-versatile,5,370,50,0.0002578,6.373536700004479,False,0.8,False
31,self_consistency,llama-3.3-70b-versatile,10,740,100,0.0005155999999999998,13.73239580001973,False,0.8,False
31,semantic_entropy,llama-3.3-70b-versatile,1,74,10,5.1559999999999994e-05,0.2831477999861818,False,0.0,False
31,semantic_entropy,llama-3.3-70b-versatile,3,222,30,0.00015467999999999998,3.3008499999996275,False,-0.0,False
31,semantic_entropy,llama-3.3-70b-versatile,5,370,50,0.0002578,6.373536700004479,False,-0.0,False
31,semantic_entropy,llama-3.3-70b-versatile,10,740,100,0.0005155999999999998,13.73239580001973,False,-0.0,False
32,verbalized_confidence,llama-3.1-8b-instant,1,118,12,6.86e-06,0.40754919999744743,False,80.0,True
32,llm_judge,llama-3.1-8b-instant,1,162,13,9.14e-06,3.013346799998544,False,,False
32,verbalized_confidence,llama-3.3-70b-versatile,1,118,14,8.068e-05,0.28286150000349153,False,80.0,True
32,llm_judge,llama-3.3-70b-versatile,1,159,9,0.00010092,1.7668296000047121,False,,True
32,self_consistency,llama-3.1-8b-instant,1,68,19,4.92e-06,3.740186499999254,False,1.0,True
32,self_consistency,llama-3.1-8b-instant,3,204,62,1.516e-05,8.567943699992611,True,0.3333333333333333,True
32,self_consistency,llama-3.1-8b-instant,5,340,84,2.372e-05,13.132048899991787,True,0.4,False
32,self_consistency,llama-3.1-8b-instant,10,680,154,4.6320000000000004e-05,24.266457299992908,True,0.2,False
32,semantic_entropy,llama-3.1-8b-instant,1,68,19,4.92e-06,3.740186499999254,False,0.0,True
32,semantic_entropy,llama-3.1-8b-instant,3,204,62,1.516e-05,8.567943699992611,True,0.9999999999999998,True
32,semantic_entropy,llama-3.1-8b-instant,5,340,84,2.372e-05,13.132048899991787,True,0.8277293767706428,True
32,semantic_entropy,llama-3.1-8b-instant,10,680,154,4.6320000000000004e-05,24.266457299992908,False,0.5073786214160918,True
32,self_consistency,llama-3.3-70b-versatile,1,68,9,4.723e-05,0.26207050000084564,False,1.0,False
32,self_consistency,llama-3.3-70b-versatile,3,204,25,0.00014010999999999998,3.174919299999601,False,0.6666666666666666,False
32,self_consistency,llama-3.3-70b-versatile,5,340,40,0.00023219999999999998,6.262507799998275,False,0.6,False
32,self_consistency,llama-3.3-70b-versatile,10,680,81,0.00046519,13.690689800001564,False,0.5,False
32,semantic_entropy,llama-3.3-70b-versatile,1,68,9,4.723e-05,0.26207050000084564,False,0.0,False
32,semantic_entropy,llama-3.3-70b-versatile,3,204,25,0.00014010999999999998,3.174919299999601,False,0.5793801642856949,False
32,semantic_entropy,llama-3.3-70b-versatile,5,340,40,0.00023219999999999998,6.262507799998275,False,0.4181656600790517,False
32,semantic_entropy,llama-3.3-70b-versatile,10,680,81,0.00046519,13.690689800001564,False,0.29228525323862886,False
33,verbalized_confidence,llama-3.1-8b-instant,1,123,21,7.83e-06,1.3932504999975208,False,90.0,False
33,llm_judge,llama-3.1-8b-instant,1,180,20,1.06e-05,3.0066678000002867,False,,True
33,verbalized_confidence,llama-3.3-70b-versatile,1,123,16,8.520999999999999e-05,0.18599460000405088,False,90.0,False
33,llm_judge,llama-3.3-70b-versatile,1,170,10,0.0001082,1.7782174000021769,False,,False
33,self_consistency,llama-3.1-8b-instant,1,73,20,5.25e-06,2.3757900000055088,False,1.0,False
33,self_consistency,llama-3.1-8b-instant,3,219,59,1.567e-05,6.860593199991854,True,0.3333333333333333,False
33,self_consistency,llama-3.1-8b-instant,5,365,103,2.649e-05,11.485350599992671,True,0.2,False
33,self_consistency,llama-3.1-8b-instant,10,730,219,5.402e-05,22.847791399995913,True,0.1,False
33,semantic_entropy,llama-3.1-8b-instant,1,73,20,5.25e-06,2.3757900000055088,False,0.0,False
33,semantic_entropy,llama-3.1-8b-instant,3,219,59,1.567e-05,6.860593199991854,False,-0.0,False
33,semantic_entropy,llama-3.1-8b-instant,5,365,103,2.649e-05,11.485350599992671,False,0.31091750708257115,False
33,semantic_entropy,llama-3.1-8b-instant,10,730,219,5.402e-05,22.847791399995913,False,0.389972873353915,False
33,self_consistency,llama-3.3-70b-versatile,1,73,15,5.492e-05,0.316105099991546,False,1.0,True
33,self_consistency,llama-3.3-70b-versatile,3,219,34,0.00015607000000000002,3.3319664999871748,True,0.3333333333333333,True
33,self_consistency,llama-3.3-70b-versatile,5,365,52,0.00025643000000000004,6.20071900000039,True,0.2,True
33,self_consistency,llama-3.3-70b-versatile,10,730,102,0.0005112800000000001,13.719072199979564,True,0.4,False
33,semantic_entropy,llama-3.3-70b-versatile,1,73,15,5.492e-05,0.316105099991546,False,0.0,True
33,semantic_entropy,llama-3.3-70b-versatile,3,219,34,0.00015607000000000002,3.3319664999871748,True,0.9999999999999998,True
33,semantic_entropy,llama-3.3-70b-versatile,5,365,52,0.00025643000000000004,6.20071900000039,True,1.0000000000000002,True
33,semantic_entropy,llama-3.3-70b-versatile,10,730,102,0.0005112800000000001,13.719072199979564,False,0.51835200693763,True
34,verbalized_confidence,llama-3.1-8b-instant,1,116,13,6.840000000000001e-06,1.4859486000059405,False,100.0,False
34,llm_judge,llama-3.1-8b-instant,1,155,9,8.47e-06,2.9084618000051705,False,,False
34,verbalized_confidence,llama-3.3-70b-versatile,1,116,13,7.871e-05,0.28078719999757595,False,100.0,False
34,llm_judge,llama-3.3-70b-versatile,1,153,8,9.659e-05,1.8630512000090675,False,,False
34,self_consistency,llama-3.1-8b-instant,1,66,7,3.86e-06,0.12424059999466408,False,1.0,False
34,self_consistency,llama-3.1-8b-instant,3,198,34,1.2620000000000001e-05,6.073897199996281,False,0.6666666666666666,False
34,self_consistency,llama-3.1-8b-instant,5,330,60,2.1300000000000003e-05,10.4916583999875,True,0.4,False
34,self_consistency,llama-3.1-8b-instant,10,660,105,4.140000000000001e-05,21.636782199973823,False,0.5,False
34,semantic_entropy,llama-3.1-8b-instant,1,66,7,3.86e-06,0.12424059999466408,False,0.0,False
34,semantic_entropy,llama-3.1-8b-instant,3,198,34,1.2620000000000001e-05,6.073897199996281,False,-0.0,False
34,semantic_entropy,llama-3.1-8b-instant,5,330,60,2.1300000000000003e-05,10.4916583999875,False,0.31091750708257115,False
34,semantic_entropy,llama-3.1-8b-instant,10,660,105,4.140000000000001e-05,21.636782199973823,False,0.2652949955741215,False
34,self_consistency,llama-3.3-70b-versatile,1,66,6,4.368e-05,0.26742509999894537,False,1.0,False
34,self_consistency,llama-3.3-70b-versatile,3,198,18,0.00013104000000000002,3.267103100006352,False,0.6666666666666666,False
34,self_consistency,llama-3.3-70b-versatile,5,330,30,0.0002184,6.167138399992837,False,0.6,False
34,self_consistency,llama-3.3-70b-versatile,10,660,63,0.00043917,13.79373009999108,True,0.3,False
34,semantic_entropy,llama-3.3-70b-versatile,1,66,6,4.368e-05,0.26742509999894537,False,0.0,False
34,semantic_entropy,llama-3.3-70b-versatile,3,198,18,0.00013104000000000002,3.267103100006352,False,-0.0,False
34,semantic_entropy,llama-3.3-70b-versatile,5,330,30,0.0002184,6.167138399992837,False,-0.0,False
34,semantic_entropy,llama-3.3-70b-versatile,10,660,63,0.00043917,13.79373009999108,False,-0.0,False
35,verbalized_confidence,llama-3.1-8b-instant,1,132,15,7.800000000000002e-06,1.4236629999941215,False,100.0,False
35,llm_judge,llama-3.1-8b-instant,1,187,8,9.990000000000001e-06,2.989799300004961,False,,False
35,verbalized_confidence,llama-3.3-70b-versatile,1,132,15,8.973e-05,0.3141671000048518,False,100.0,False
35,llm_judge,llama-3.3-70b-versatile,1,186,8,0.00011606,1.6435544999985723,False,,False
35,self_consistency,llama-3.1-8b-instant,1,82,6,4.58e-06,2.195170099992538,False,1.0,False
35,self_consistency,llama-3.1-8b-instant,3,246,24,1.4220000000000001e-05,6.599086499976693,False,0.6666666666666666,False
35,self_consistency,llama-3.1-8b-instant,5,410,36,2.3380000000000003e-05,11.02209039995796,False,0.8,False
35,self_consistency,llama-3.1-8b-instant,10,820,66,4.6280000000000004e-05,22.13636569996015,False,0.9,False
35,semantic_entropy,llama-3.1-8b-instant,1,82,6,4.58e-06,2.195170099992538,False,0.0,False
35,semantic_entropy,llama-3.1-8b-instant,3,246,24,1.4220000000000001e-05,6.599086499976693,False,0.5793801642856949,False
35,semantic_entropy,llama-3.1-8b-instant,5,410,36,2.3380000000000003e-05,11.02209039995796,False,0.31091750708257115,False
35,semantic_entropy,llama-3.1-8b-instant,10,820,66,4.6280000000000004e-05,22.13636569996015,False,0.14118174150460758,False
35,self_consistency,llama-3.3-70b-versatile,1,82,6,5.312e-05,0.26886160000867676,False,1.0,False
35,self_consistency,llama-3.3-70b-versatile,3,246,18,0.00015936,3.161510600009933,False,1.0,False
35,self_consistency,llama-3.3-70b-versatile,5,410,30,0.0002656,6.251029600010952,False,1.0,False
35,self_consistency,llama-3.3-70b-versatile,10,820,60,0.0005311999999999999,13.67038130002038,False,1.0,False
35,semantic_entropy,llama-3.3-70b-versatile,1,82,6,5.312e-05,0.26886160000867676,False,0.0,False
35,semantic_entropy,llama-3.3-70b-versatile,3,246,18,0.00015936,3.161510600009933,False,-0.0,False
35,semantic_entropy,llama-3.3-70b-versatile,5,410,30,0.0002656,6.251029600010952,False,-0.0,False
35,semantic_entropy,llama-3.3-70b-versatile,10,820,60,0.0005311999999999999,13.67038130002038,False,-0.0,False
36,verbalized_confidence,llama-3.1-8b-instant,1,120,14,7.1200000000000004e-06,0.257758499996271,False,80.0,True
36,llm_judge,llama-3.1-8b-instant,1,165,12,9.21e-06,2.9776815000077477,False,,True
36,verbalized_confidence,llama-3.3-70b-versatile,1,120,15,8.265e-05,0.2738941999996314,False,90.0,False
36,llm_judge,llama-3.3-70b-versatile,1,164,12,0.00010623999999999999,1.75720469999942,False,,False
36,self_consistency,llama-3.1-8b-instant,1,70,6,3.98e-06,3.6131916000013007,False,1.0,True
36,self_consistency,llama-3.1-8b-instant,3,210,23,1.234e-05,8.159438199989381,True,0.3333333333333333,True
36,self_consistency,llama-3.1-8b-instant,5,350,50,2.15e-05,12.581623499980196,True,0.2,True
36,self_consistency,llama-3.1-8b-instant,10,700,112,4.396e-05,23.997964599970146,True,0.1,True
36,semantic_entropy,llama-3.1-8b-instant,1,70,6,3.98e-06,3.6131916000013007,False,0.0,True
36,semantic_entropy,llama-3.1-8b-instant,3,210,23,1.234e-05,8.159438199989381,False,-0.0,True
36,semantic_entropy,llama-3.1-8b-instant,5,350,50,2.15e-05,12.581623499980196,False,0.31091750708257115,True
36,semantic_entropy,llama-3.1-8b-instant,10,700,112,4.396e-05,23.997964599970146,False,0.34822537285722394,True
36,self_consistency,llama-3.3-70b-versatile,1,70,9,4.841e-05,0.18838270001288038,False,1.0,False
36,self_consistency,llama-3.3-70b-versatile,3,210,29,0.00014680999999999999,3.2836672000121325,False,0.6666666666666666,False
36,self_consistency,llama-3.3-70b-versatile,5,350,47,0.00024363,6.205343900015578,True,0.4,False
36,self_consistency,llama-3.3-70b-versatile,10,700,95,0.00048804999999999996,13.670753300000797,True,0.4,False
36,semantic_entropy,llama-3.3-70b-versatile,1,70,9,4.841e-05,0.18838270001288038,False,0.0,False
36,semantic_entropy,llama-3.3-70b-versatile,3,210,29,0.00014680999999999999,3.2836672000121325,False,-0.0,False
36,semantic_entropy,llama-3.3-70b-versatile,5,350,47,0.00024363,6.205343900015578,False,-0.0,False
36,semantic_entropy,llama-3.3-70b-versatile,10,700,95,0.00048804999999999996,13.670753300000797,False,-0.0,False
37,verbalized_confidence,llama-3.1-8b-instant,1,120,12,6.96e-06,1.4023285000002943,False,100.0,False
37,llm_judge,llama-3.1-8b-instant,1,162,8,8.740000000000001e-06,2.9653194999991683,True,,False
37,verbalized_confidence,llama-3.3-70b-versatile,1,120,12,8.028e-05,0.2650292000034824,False,100.0,False
37,llm_judge,llama-3.3-70b-versatile,1,165,11,0.00010604,1.743724600004498,False,,False
37,self_consistency,llama-3.1-8b-instant,1,70,7,4.06e-06,2.195692900000722,False,1.0,True
37,self_consistency,llama-3.1-8b-instant,3,210,23,1.2339999999999999e-05,6.665809199999785,False,0.6666666666666666,True
37,self_consistency,llama-3.1-8b-instant,5,350,36,2.0379999999999998e-05,11.249969100012095,False,0.6,True
37,self_consistency,llama-3.1-8b-instant,10,700,66,4.028e-05,22.421196900002542,False,0.5,True
37,semantic_entropy,llama-3.1-8b-instant,1,70,7,4.06e-06,2.195692900000722,False,0.0,True
37,semantic_entropy,llama-3.1-8b-instant,3,210,23,1.2339999999999999e-05,6.665809199999785,False,-0.0,True
37,semantic_entropy,llama-3.1-8b-instant,5,350,36,2.0379999999999998e-05,11.249969100012095,False,-0.0,True
37,semantic_entropy,llama-3.1-8b-instant,10,700,66,4.028e-05,22.421196900002542,False,0.2775280104064451,True
37,self_consistency,llama-3.3-70b-versatile,1,70,9,4.841e-05,0.14164289999462198,False,1.0,False
37,self_consistency,llama-3.3-70b-versatile,3,210,22,0.00014127999999999998,3.2482022999902256,False,0.6666666666666666,False
37,self_consistency,llama-3.3-70b-versatile,5,350,38,0.00023651999999999996,6.150691900009406,False,0.6,False
37,self_consistency,llama-3.3-70b-versatile,10,700,75,0.0004722499999999999,13.652634600017336,False,0.5,False
37,semantic_entropy,llama-3.3-70b-versatile,1,70,9,4.841e-05,0.14164289999462198,False,0.0,False
37,semantic_entropy,llama-3.3-70b-versatile,3,210,22,0.00014127999999999998,3.2482022999902256,False,0.5793801642856949,False
37,semantic_entropy,llama-3.3-70b-versatile,5,350,38,0.00023651999999999996,6.150691900009406,False,0.31091750708257115,False
37,semantic_entropy,llama-3.3-70b-versatile,10,700,75,0.0004722499999999999,13.652634600017336,False,0.14118174150460758,False
38,verbalized_confidence,llama-3.1-8b-instant,1,123,15,7.350000000000001e-06,1.3965807999920798,False,100.0,False
38,llm_judge,llama-3.1-8b-instant,1,168,8,9.040000000000002e-06,2.9176372999936575,False,,False
38,verbalized_confidence,llama-3.3-70b-versatile,1,123,16,8.520999999999999e-05,0.812782299995888,False,100.0,False
38,llm_judge,llama-3.3-70b-versatile,1,170,10,0.0001082,1.7913053999945987,False,,False
38,self_consistency,llama-3.1-8b-instant,1,73,6,4.130000000000001e-06,2.204015999988769,False,1.0,False
38,self_consistency,llama-3.1-8b-instant,3,219,18,1.2390000000000003e-05,6.63767059998645,False,1.0,False
38,self_consistency,llama-3.1-8b-instant,5,365,30,2.0650000000000007e-05,11.29330099998333,False,1.0,False
38,self_consistency,llama-3.1-8b-instant,10,730,70,4.2100000000000014e-05,22.384285699998145,False,0.8,False
38,semantic_entropy,llama-3.1-8b-instant,1,73,6,4.130000000000001e-06,2.204015999988769,False,0.0,False
38,semantic_entropy,llama-3.1-8b-instant,3,219,18,1.2390000000000003e-05,6.63767059998645,False,-0.0,False
38,semantic_entropy,llama-3.1-8b-instant,5,365,30,2.0650000000000007e-05,11.29330099998333,False,-0.0,False
38,semantic_entropy,llama-3.1-8b-instant,10,730,70,4.2100000000000014e-05,22.384285699998145,False,0.14118174150460758,False
38,self_consistency,llama-3.3-70b-versatile,1,73,10,5.097e-05,0.2704515000077663,False,1.0,False
38,self_consistency,llama-3.3-70b-versatile,3,219,28,0.00015133,3.263727200013818,False,0.6666666666666666,False
38,self_consistency,llama-3.3-70b-versatile,5,365,44,0.00025011,6.296965500005172,False,0.6,False
38,self_consistency,llama-3.3-70b-versatile,10,730,86,0.0004986400000000001,13.652627999996184,False,0.7,False
38,semantic_entropy,llama-3.3-70b-versatile,1,73,10,5.097e-05,0.2704515000077663,False,0.0,False
38,semantic_entropy,llama-3.3-70b-versatile,3,219,28,0.00015133,3.263727200013818,False,-0.0,False
38,semantic_entropy,llama-3.3-70b-versatile,5,365,44,0.00025011,6.296965500005172,False,-0.0,False
38,semantic_entropy,llama-3.3-70b-versatile,10,730,86,0.0004986400000000001,13.652627999996184,False,-0.0,False
39,verbalized_confidence,llama-3.1-8b-instant,1,119,19,7.4700000000000005e-06,1.4120370000018738,False,100.0,False
39,llm_judge,llama-3.1-8b-instant,1,164,12,9.16e-06,3.1224585000018124,False,,False
39,verbalized_confidence,llama-3.3-70b-versatile,1,119,12,7.969e-05,0.17148469999665394,False,100.0,False
39,llm_judge,llama-3.3-70b-versatile,1,157,5,9.658e-05,1.6519031999923754,False,,False
39,self_consistency,llama-3.1-8b-instant,1,69,26,5.53e-06,2.2611963999952422,False,1.0,False
39,self_consistency,llama-3.1-8b-instant,3,207,64,1.547e-05,7.2783827999955975,True,0.3333333333333333,False
39,self_consistency,llama-3.1-8b-instant,5,345,87,2.421e-05,11.83663649999653,True,0.2,False
39,self_consistency,llama-3.1-8b-instant,10,690,140,4.5700000000000006e-05,23.07004799999413,True,0.1,False
39,semantic_entropy,llama-3.1-8b-instant,1,69,26,5.53e-06,2.2611963999952422,False,0.0,False
39,semantic_entropy,llama-3.1-8b-instant,3,207,64,1.547e-05,7.2783827999955975,False,0.5793801642856949,False
39,semantic_entropy,llama-3.1-8b-instant,5,345,87,2.421e-05,11.83663649999653,False,0.5904362833084089,False
39,semantic_entropy,llama-3.1-8b-instant,10,690,140,4.5700000000000006e-05,23.07004799999413,True,0.6160396270529163,False
39,self_consistency,llama-3.3-70b-versatile,1,69,3,4.308e-05,0.29373239999404177,False,1.0,False
39,self_consistency,llama-3.3-70b-versatile,3,207,9,0.00012924,3.258247300007497,False,1.0,False
39,self_consistency,llama-3.3-70b-versatile,5,345,15,0.0002154,6.1510648999828845,False,1.0,False
39,self_consistency,llama-3.3-70b-versatile,10,690,30,0.00043080000000000006,13.763457100008964,False,1.0,False
39,semantic_entropy,llama-3.3-70b-versatile,1,69,3,4.308e-05,0.29373239999404177,False,0.0,False
39,semantic_entropy,llama-3.3-70b-versatile,3,207,9,0.00012924,3.258247300007497,False,-0.0,False
39,semantic_entropy,llama-3.3-70b-versatile,5,345,15,0.0002154,6.1510648999828845,False,-0.0,False
39,semantic_entropy,llama-3.3-70b-versatile,10,690,30,0.00043080000000000006,13.763457100008964,False,-0.0,False
40,verbalized_confidence,llama-3.1-8b-instant,1,121,17,7.410000000000001e-06,0.16345829999772832,False,100.0,False
40,llm_judge,llama-3.1-8b-instant,1,180,25,1.1e-05,3.0077918999886606,False,,False
40,verbalized_confidence,llama-3.3-70b-versatile,1,121,13,8.166e-05,0.26110429999243934,False,80.0,True
40,llm_judge,llama-3.3-70b-versatile,1,168,13,0.00010939,1.6718000999971991,True,,True
40,self_consistency,llama-3.1-8b-instant,1,70,37,6.46e-06,3.684057499995106,False,1.0,True
40,self_consistency,llama-3.1-8b-instant,3,210,80,1.69e-05,8.161317999984021,True,0.3333333333333333,True
40,self_consistency,llama-3.1-8b-instant,5,350,105,2.59e-05,12.611874399983208,True,0.2,True
40,self_consistency,llama-3.1-8b-instant,10,700,175,4.9e-05,23.783234299975447,True,0.1,True
40,semantic_entropy,llama-3.1-8b-instant,1,70,37,6.46e-06,3.684057499995106,False,0.0,True
40,semantic_entropy,llama-3.1-8b-instant,3,210,80,1.69e-05,8.161317999984021,False,0.5793801642856949,True
40,semantic_entropy,llama-3.1-8b-instant,5,350,105,2.59e-05,12.611874399983208,False,0.5904362833084089,True
40,semantic_entropy,llama-3.1-8b-instant,10,700,175,4.9e-05,23.783234299975447,False,0.34822537285722394,True
40,self_consistency,llama-3.3-70b-versatile,1,70,11,4.9989999999999994e-05,0.17280339999706484,False,1.0,True
40,self_consistency,llama-3.3-70b-versatile,3,210,23,0.00014207,3.279625799987116,False,0.6666666666666666,True
40,self_consistency,llama-3.3-70b-versatile,5,350,36,0.00023494,6.1813359999941895,True,0.4,True
40,self_consistency,llama-3.3-70b-versatile,10,700,69,0.00046751,13.800753999996232,False,0.5,True
40,semantic_entropy,llama-3.3-70b-versatile,1,70,11,4.9989999999999994e-05,0.17280339999706484,False,0.0,True
40,semantic_entropy,llama-3.3-70b-versatile,3,210,23,0.00014207,3.279625799987116,False,0.5793801642856949,True
40,semantic_entropy,llama-3.3-70b-versatile,5,350,36,0.00023494,6.1813359999941895,False,0.31091750708257115,True
40,semantic_entropy,llama-3.3-70b-versatile,10,700,69,0.00046751,13.800753999996232,False,0.21732201127364886,True
41,verbalized_confidence,llama-3.1-8b-instant,1,121,16,7.330000000000001e-06,1.390542599998298,False,90.0,True
41,llm_judge,llama-3.1-8b-instant,1,165,11,9.13e-06,2.981575099998736,False,,True
41,verbalized_confidence,llama-3.3-70b-versatile,1,121,12,8.087e-05,0.258969899994554,False,100.0,False
41,llm_judge,llama-3.3-70b-versatile,1,161,8,0.00010130999999999999,1.7537278999952832,False,,True
41,self_consistency,llama-3.1-8b-instant,1,71,12,4.51e-06,2.233959399993182,False,1.0,False
41,self_consistency,llama-3.1-8b-instant,3,213,39,1.3770000000000002e-05,6.660158199985744,True,0.3333333333333333,False
41,self_consistency,llama-3.1-8b-instant,5,355,57,2.2310000000000005e-05,11.105825699982233,False,0.6,True
41,self_consistency,llama-3.1-8b-instant,10,710,139,4.6620000000000004e-05,22.653268699970795,False,0.5,True
41,semantic_entropy,llama-3.1-8b-instant,1,71,12,4.51e-06,2.233959399993182,False,0.0,False
41,semantic_entropy,llama-3.1-8b-instant,3,213,39,1.3770000000000002e-05,6.660158199985744,False,0.5793801642856949,False
41,semantic_entropy,llama-3.1-8b-instant,5,355,57,2.2310000000000005e-05,11.105825699982233,False,0.31091750708257115,False
41,semantic_entropy,llama-3.1-8b-instant,10,710,139,4.6620000000000004e-05,22.653268699970795,False,0.5301029995663981,False
41,self_consistency,llama-3.3-70b-versatile,1,71,26,6.243e-05,0.35159820000990294,False,1.0,False
41,self_consistency,llama-3.3-70b-versatile,3,213,36,0.00015411,3.241468000007444,False,0.6666666666666666,True
41,self_consistency,llama-3.3-70b-versatile,5,355,46,0.00024579,6.267885000008391,False,0.8,True
41,self_consistency,llama-3.3-70b-versatile,10,710,75,0.00047815000000000005,13.785292100001243,False,0.8,True
41,semantic_entropy,llama-3.3-70b-versatile,1,71,26,6.243e-05,0.35159820000990294,False,0.0,False
41,semantic_entropy,llama-3.3-70b-versatile,3,213,36,0.00015411,3.241468000007444,False,0.5793801642856949,False
41,semantic_entropy,llama-3.3-70b-versatile,5,355,46,0.00024579,6.267885000008391,False,0.31091750708257115,False
41,semantic_entropy,llama-3.3-70b-versatile,10,710,75,0.00047815000000000005,13.785292100001243,False,0.2775280104064451,False
42,verbalized_confidence,llama-3.1-8b-instant,1,122,12,7.06e-06,1.3469184999994468,False,100.0,True
42,llm_judge,llama-3.1-8b-instant,1,176,18,1.024e-05,3.0043450000084704,False,,True
42,verbalized_confidence,llama-3.3-70b-versatile,1,122,14,8.303999999999999e-05,0.174568200003705,False,100.0,False
42,llm_judge,llama-3.3-70b-versatile,1,171,14,0.00011194999999999998,1.7492864999949234,False,,False
42,self_consistency,llama-3.1-8b-instant,1,72,7,4.16e-06,3.6042195000045467,False,1.0,False
42,self_consistency,llama-3.1-8b-instant,3,216,34,1.352e-05,8.0397251000104,True,0.3333333333333333,False
42,self_consistency,llama-3.1-8b-instant,5,360,56,2.2479999999999998e-05,12.505462300003273,True,0.4,False
42,self_consistency,llama-3.1-8b-instant,10,720,133,4.664e-05,23.605603200005135,True,0.3,False
42,semantic_entropy,llama-3.1-8b-instant,1,72,7,4.16e-06,3.6042195000045467,False,0.0,False
42,semantic_entropy,llama-3.1-8b-instant,3,216,34,1.352e-05,8.0397251000104,True,0.9999999999999998,False
42,semantic_entropy,llama-3.1-8b-instant,5,360,56,2.2479999999999998e-05,12.505462300003273,True,0.8277293767706428,False
42,semantic_entropy,llama-3.1-8b-instant,10,720,133,4.664e-05,23.605603200005135,True,0.7364516253185087,False
42,self_consistency,llama-3.3-70b-versatile,1,72,7,4.8009999999999996e-05,0.25980660000641365,False,1.0,False
42,self_consistency,llama-3.3-70b-versatile,3,216,21,0.00014403,3.2758566999982577,False,1.0,False
42,self_consistency,llama-3.3-70b-versatile,5,360,39,0.00024321,6.346736799998325,False,0.8,False
42,self_consistency,llama-3.3-70b-versatile,10,720,82,0.0004895800000000001,13.694826099977945,False,0.7,False
42,semantic_entropy,llama-3.3-70b-versatile,1,72,7,4.8009999999999996e-05,0.25980660000641365,False,0.0,False
42,semantic_entropy,llama-3.3-70b-versatile,3,216,21,0.00014403,3.2758566999982577,False,-0.0,False
42,semantic_entropy,llama-3.3-70b-versatile,5,360,39,0.00024321,6.346736799998325,False,0.31091750708257115,False
42,semantic_entropy,llama-3.3-70b-versatile,10,720,82,0.0004895800000000001,13.694826099977945,False,0.2652949955741215,False
43,verbalized_confidence,llama-3.1-8b-instant,1,122,15,7.3e-06,1.3883371999982046,False,100.0,False
43,llm_judge,llama-3.1-8b-instant,1,164,6,8.680000000000002e-06,3.0080768000043463,False,,False
43,verbalized_confidence,llama-3.3-70b-versatile,1,122,15,8.382999999999999e-05,0.3046403999906033,False,100.0,False
43,llm_judge,llama-3.3-70b-versatile,1,166,8,0.00010425999999999998,2.9508110000024317,False,,False
43,self_consistency,llama-3.1-8b-instant,1,72,15,4.8e-06,1.56055870000273,False,1.0,False
43,self_consistency,llama-3.1-8b-instant,3,216,23,1.264e-05,7.270538000011584,False,0.6666666666666666,False
43,self_consistency,llama-3.1-8b-instant,5,360,40,2.12e-05,11.835264700013795,False,0.6,False
43,self_consistency,llama-3.1-8b-instant,10,720,72,4.176e-05,23.496155700006057,False,0.6,False
43,semantic_entropy,llama-3.1-8b-instant,1,72,15,4.8e-06,1.56055870000273,False,0.0,False
43,semantic_entropy,llama-3.1-8b-instant,3,216,23,1.264e-05,7.270538000011584,False,0.5793801642856949,False
43,semantic_entropy,llama-3.1-8b-instant,5,360,40,2.12e-05,11.835264700013795,False,0.5904362833084089,False
43,semantic_entropy,llama-3.1-8b-instant,10,720,72,4.176e-05,23.496155700006057,False,0.4729032506370175,False
43,self_consistency,llama-3.3-70b-versatile,1,72,6,4.722e-05,0.15322809999634046,False,1.0,False
43,self_consistency,llama-3.3-70b-versatile,3,216,18,0.00014166,3.3749343999952544,False,1.0,False
43,self_consistency,llama-3.3-70b-versatile,5,360,30,0.0002361,6.276704799995059,False,1.0,False
43,self_consistency,llama-3.3-70b-versatile,10,720,60,0.0004722,13.77476640000532,False,1.0,False
43,semantic_entropy,llama-3.3-70b-versatile,1,72,6,4.722e-05,0.15322809999634046,False,0.0,False
43,semantic_entropy,llama-3.3-70b-versatile,3,216,18,0.00014166,3.3749343999952544,False,-0.0,False
43,semantic_entropy,llama-3.3-70b-versatile,5,360,30,0.0002361,6.276704799995059,False,-0.0,False
43,semantic_entropy,llama-3.3-70b-versatile,10,720,60,0.0004722,13.77476640000532,False,-0.0,False
44,verbalized_confidence,llama-3.1-8b-instant,1,121,13,7.090000000000001e-06,0.27907689999847207,False,100.0,False
44,llm_judge,llama-3.1-8b-instant,1,174,18,1.0140000000000001e-05,2.982746199995745,False,,False
44,verbalized_confidence,llama-3.3-70b-versatile,1,121,13,8.166e-05,0.1521872000012081,False,100.0,False
44,llm_judge,llama-3.3-70b-versatile,1,173,17,0.00011549999999999999,2.9858756000030553,False,,False
44,self_consistency,llama-3.1-8b-instant,1,71,23,5.390000000000001e-06,1.5257020999997621,False,1.0,False
44,self_consistency,llama-3.1-8b-instant,3,213,63,1.569e-05,6.597226899990346,True,0.3333333333333333,False
44,self_consistency,llama-3.1-8b-instant,5,355,72,2.3510000000000004e-05,11.034215199993923,True,0.2,False
44,self_consistency,llama-3.1-8b-instant,10,710,164,4.8620000000000005e-05,22.22665229999984,True,0.3,False
44,semantic_entropy,llama-3.1-8b-instant,1,71,23,5.390000000000001e-06,1.5257020999997621,False,0.0,False
44,semantic_entropy,llama-3.1-8b-instant,3,213,63,1.569e-05,6.597226899990346,False,0.5793801642856949,False
44,semantic_entropy,llama-3.1-8b-instant,5,355,72,2.3510000000000004e-05,11.034215199993923,True,0.8277293767706428,False
44,semantic_entropy,llama-3.1-8b-instant,10,710,164,4.8620000000000005e-05,22.22665229999984,False,0.5903089986991943,False
44,self_consistency,llama-3.3-70b-versatile,1,71,18,5.6109999999999996e-05,0.7088105000002543,False,1.0,False
44,self_consistency,llama-3.3-70b-versatile,3,213,43,0.00015964,3.472314300001017,True,0.3333333333333333,False
44,self_consistency,llama-3.3-70b-versatile,5,355,74,0.00026791,6.494311900009052,True,0.2,False
44,self_consistency,llama-3.3-70b-versatile,10,710,141,0.00053029,13.68551209999714,True,0.2,False
44,semantic_entropy,llama-3.3-70b-versatile,1,71,18,5.6109999999999996e-05,0.7088105000002543,False,0.0,False
44,semantic_entropy,llama-3.3-70b-versatile,3,213,43,0.00015964,3.472314300001017,False,-0.0,False
44,semantic_entropy,llama-3.3-70b-versatile,5,355,74,0.00026791,6.494311900009052,False,-0.0,False
44,semantic_entropy,llama-3.3-70b-versatile,10,710,141,0.00053029,13.68551209999714,False,-0.0,False
45,verbalized_confidence,llama-3.1-8b-instant,1,120,16,7.280000000000001e-06,1.3434540000016568,False,80.0,False
45,llm_judge,llama-3.1-8b-instant,1,168,14,9.52e-06,3.0345331999997143,False,,False
45,verbalized_confidence,llama-3.3-70b-versatile,1,120,14,8.186e-05,0.20308160000422504,False,80.0,False
45,llm_judge,llama-3.3-70b-versatile,1,165,12,0.00010682999999999999,1.6328735999995843,False,,False
45,self_consistency,llama-3.1-8b-instant,1,70,12,4.46e-06,2.2192538999952376,False,1.0,False
45,self_consistency,llama-3.1-8b-instant,3,210,36,1.3379999999999999e-05,6.639999200007878,False,0.6666666666666666,False
45,self_consistency,llama-3.1-8b-instant,5,350,61,2.238e-05,11.184070899995277,False,0.6,False
45,self_consistency,llama-3.1-8b-instant,10,700,115,4.42e-05,22.40115799997875,True,0.3,False
45,semantic_entropy,llama-3.1-8b-instant,1,70,12,4.46e-06,2.2192538999952376,False,0.0,False
45,semantic_entropy,llama-3.1-8b-instant,3,210,36,1.3379999999999999e-05,6.639999200007878,False,-0.0,False
45,semantic_entropy,llama-3.1-8b-instant,5,350,61,2.238e-05,11.184070899995277,False,-0.0,False
45,semantic_entropy,llama-3.1-8b-instant,10,700,115,4.42e-05,22.40115799997875,False,0.21732201127364886,False
45,self_consistency,llama-3.3-70b-versatile,1,70,17,5.473e-05,0.33202929999970365,False,1.0,False
45,self_consistency,llama-3.3-70b-versatile,3,210,35,0.00015155,3.1552124000008916,True,0.3333333333333333,False
45,self_consistency,llama-3.3-70b-versatile,5,350,59,0.00025310999999999997,6.347300500012352,True,0.4,False
45,self_consistency,llama-3.3-70b-versatile,10,700,103,0.0004943699999999999,13.791433100006543,True,0.4,False
45,semantic_entropy,llama-3.3-70b-versatile,1,70,17,5.473e-05,0.33202929999970365,False,0.0,False
45,semantic_entropy,llama-3.3-70b-versatile,3,210,35,0.00015155,3.1552124000008916,False,0.5793801642856949,False
45,semantic_entropy,llama-3.3-70b-versatile,5,350,59,0.00025310999999999997,6.347300500012352,False,0.4181656600790517,False
45,semantic_entropy,llama-3.3-70b-versatile,10,700,103,0.0004943699999999999,13.791433100006543,False,0.29228525323862886,False
46,verbalized_confidence,llama-3.1-8b-instant,1,127,12,7.31e-06,1.3805649999994785,False,100.0,False
46,llm_judge,llama-3.1-8b-instant,1,177,10,9.65e-06,2.877986699997564,False,,False
46,verbalized_confidence,llama-3.3-70b-versatile,1,127,12,8.441e-05,0.16508520000206772,False,100.0,False
46,llm_judge,llama-3.3-70b-versatile,1,176,10,0.00011173999999999998,1.649145999996108,False,,False
46,self_consistency,llama-3.1-8b-instant,1,77,12,4.8100000000000005e-06,2.213975200007553,False,1.0,False
46,self_consistency,llama-3.1-8b-instant,3,231,32,1.4110000000000002e-05,6.9114697000186425,True,0.3333333333333333,False
46,self_consistency,llama-3.1-8b-instant,5,385,48,2.309e-05,11.32440980001411,False,0.6,False
46,self_consistency,llama-3.1-8b-instant,10,770,88,4.554000000000001e-05,22.4434696000244,False,0.5,False
46,semantic_entropy,llama-3.1-8b-instant,1,77,12,4.8100000000000005e-06,2.213975200007553,False,0.0,False
46,semantic_entropy,llama-3.1-8b-instant,3,231,32,1.4110000000000002e-05,6.9114697000186425,False,-0.0,False
46,semantic_entropy,llama-3.1-8b-instant,5,385,48,2.309e-05,11.32440980001411,False,-0.0,False
46,semantic_entropy,llama-3.1-8b-instant,10,770,88,4.554000000000001e-05,22.4434696000244,False,0.14118174150460758,False
46,self_consistency,llama-3.3-70b-versatile,1,77,7,5.096e-05,0.24721519999729935,False,1.0,False
46,self_consistency,llama-3.3-70b-versatile,3,231,21,0.00015287999999999999,3.2484164999914356,False,0.6666666666666666,False
46,self_consistency,llama-3.3-70b-versatile,5,385,35,0.0002548,6.154169299989007,False,0.6,False
46,self_consistency,llama-3.3-70b-versatile,10,770,74,0.00051276,13.667552699989756,False,0.5,False
46,semantic_entropy,llama-3.3-70b-versatile,1,77,7,5.096e-05,0.24721519999729935,False,0.0,False
46,semantic_entropy,llama-3.3-70b-versatile,3,231,21,0.00015287999999999999,3.2484164999914356,False,-0.0,False
46,semantic_entropy,llama-3.3-70b-versatile,5,385,35,0.0002548,6.154169299989007,False,-0.0,False
46,semantic_entropy,llama-3.3-70b-versatile,10,770,74,0.00051276,13.667552699989756,False,-0.0,False
47,verbalized_confidence,llama-3.1-8b-instant,1,117,14,6.970000000000001e-06,1.3478811999957543,False,100.0,False
47,llm_judge,llama-3.1-8b-instant,1,165,17,9.610000000000001e-06,3.0096119999943767,False,,False
47,verbalized_confidence,llama-3.3-70b-versatile,1,117,14,8.009e-05,0.2737171000044327,False,80.0,False
47,llm_judge,llama-3.3-70b-versatile,1,156,8,9.836e-05,1.6379324000008637,False,,False
47,self_consistency,llama-3.1-8b-instant,1,67,14,4.47e-06,2.2059289000026183,False,1.0,False
47,self_consistency,llama-3.1-8b-instant,3,201,124,1.997e-05,6.9106629000016255,True,0.3333333333333333,False
47,self_consistency,llama-3.1-8b-instant,5,335,172,3.0509999999999998e-05,11.38527929999691,True,0.2,False
47,self_consistency,llama-3.1-8b-instant,10,670,261,5.4380000000000005e-05,22.893450899995514,True,0.1,False
47,semantic_entropy,llama-3.1-8b-instant,1,67,14,4.47e-06,2.2059289000026183,False,0.0,False
47,semantic_entropy,llama-3.1-8b-instant,3,201,124,1.997e-05,6.9106629000016255,True,0.9999999999999998,False
47,semantic_entropy,llama-3.1-8b-instant,5,335,172,3.0509999999999998e-05,11.38527929999691,False,0.5904362833084089,False
47,semantic_entropy,llama-3.1-8b-instant,10,670,261,5.4380000000000005e-05,22.893450899995514,True,0.6505149978319904,False
47,self_consistency,llama-3.3-70b-versatile,1,67,6,4.427e-05,0.1469165000016801,False,1.0,False
47,self_consistency,llama-3.3-70b-versatile,3,201,18,0.00013281,3.2939550000155577,False,0.6666666666666666,False
47,self_consistency,llama-3.3-70b-versatile,5,335,30,0.00022135,6.165402400030871,True,0.4,False
47,self_consistency,llama-3.3-70b-versatile,10,670,60,0.0004427,13.769432000030065,True,0.3,False
47,semantic_entropy,llama-3.3-70b-versatile,1,67,6,4.427e-05,0.1469165000016801,False,0.0,False
47,semantic_entropy,llama-3.3-70b-versatile,3,201,18,0.00013281,3.2939550000155577,False,-0.0,False
47,semantic_entropy,llama-3.3-70b-versatile,5,335,30,0.00022135,6.165402400030871,False,-0.0,False
47,semantic_entropy,llama-3.3-70b-versatile,10,670,60,0.0004427,13.769432000030065,False,0.14118174150460758,False
48,verbalized_confidence,llama-3.1-8b-instant,1,129,13,7.49e-06,1.5397875000053318,False,100.0,False
48,llm_judge,llama-3.1-8b-instant,1,183,11,1.003e-05,3.0089589999988675,False,,False
48,verbalized_confidence,llama-3.3-70b-versatile,1,129,12,8.559e-05,0.5374752999923658,False,100.0,False
48,llm_judge,llama-3.3-70b-versatile,1,180,9,0.00011331,1.7527921000000788,False,,False
48,self_consistency,llama-3.1-8b-instant,1,79,17,5.310000000000001e-06,2.3465084999916144,False,1.0,False
48,self_consistency,llama-3.1-8b-instant,3,237,44,1.5370000000000004e-05,6.967777699974249,True,0.3333333333333333,False
48,self_consistency,llama-3.1-8b-instant,5,395,71,2.5430000000000006e-05,11.437250999981188,True,0.2,False
48,self_consistency,llama-3.1-8b-instant,10,790,168,5.2940000000000005e-05,22.73193359997822,True,0.1,False
48,semantic_entropy,llama-3.1-8b-instant,1,79,17,5.310000000000001e-06,2.3465084999916144,False,0.0,False
48,semantic_entropy,llama-3.1-8b-instant,3,237,44,1.5370000000000004e-05,6.967777699974249,False,0.5793801642856949,False
48,semantic_entropy,llama-3.1-8b-instant,5,395,71,2.5430000000000006e-05,11.437250999981188,True,0.8277293767706428,False
48,semantic_entropy,llama-3.1-8b-instant,10,790,168,5.2940000000000005e-05,22.73193359997822,True,0.9397940008672035,False
48,self_consistency,llama-3.3-70b-versatile,1,79,6,5.135e-05,0.15778159999172203,False,1.0,False
48,self_consistency,llama-3.3-70b-versatile,3,237,19,0.00015484,3.165168099993025,False,0.6666666666666666,False
48,self_consistency,llama-3.3-70b-versatile,5,395,31,0.00025754,6.163803399977041,False,0.8,False
48,self_consistency,llama-3.3-70b-versatile,10,790,61,0.0005142900000000001,13.751334299973678,False,0.7,False
48,semantic_entropy,llama-3.3-70b-versatile,1,79,6,5.135e-05,0.15778159999172203,False,0.0,False
48,semantic_entropy,llama-3.3-70b-versatile,3,237,19,0.00015484,3.165168099993025,False,0.5793801642856949,False
48,semantic_entropy,llama-3.3-70b-versatile,5,395,31,0.00025754,6.163803399977041,False,0.31091750708257115,False
48,semantic_entropy,llama-3.3-70b-versatile,10,790,61,0.0005142900000000001,13.751334299973678,False,0.14118174150460758,False
49,verbalized_confidence,llama-3.1-8b-instant,1,129,13,7.49e-06,0.13479470000311267,False,90.0,True
49,llm_judge,llama-3.1-8b-instant,1,192,20,1.1200000000000001e-05,3.0141452999960165,False,,True
49,verbalized_confidence,llama-3.3-70b-versatile,1,129,12,8.559e-05,0.16551580000668764,False,100.0,False
49,llm_judge,llama-3.3-70b-versatile,1,189,17,0.00012493999999999998,2.010875100007979,False,,False
49,self_consistency,llama-3.1-8b-instant,1,79,11,4.83e-06,1.5003068999940297,False,1.0,True
49,self_consistency,llama-3.1-8b-instant,3,237,28,1.409e-05,7.309184499987168,True,0.3333333333333333,True
49,self_consistency,llama-3.1-8b-instant,5,395,50,2.375e-05,11.836502499994822,True,0.2,True
49,self_consistency,llama-3.1-8b-instant,10,790,124,4.942e-05,23.109413700018195,True,0.1,True
49,semantic_entropy,llama-3.1-8b-instant,1,79,11,4.83e-06,1.5003068999940297,False,0.0,True
49,semantic_entropy,llama-3.1-8b-instant,3,237,28,1.409e-05,7.309184499987168,False,0.5793801642856949,True
49,semantic_entropy,llama-3.1-8b-instant,5,395,50,2.375e-05,11.836502499994822,False,0.5904362833084089,True
49,semantic_entropy,llama-3.1-8b-instant,10,790,124,4.942e-05,23.109413700018195,False,0.2775280104064451,True
49,self_consistency,llama-3.3-70b-versatile,1,79,14,5.767e-05,0.29756630001065787,False,1.0,False
49,self_consistency,llama-3.3-70b-versatile,3,237,41,0.00017222,3.2045170000055805,True,0.3333333333333333,False
49,self_consistency,llama-3.3-70b-versatile,5,395,70,0.00028835,6.252139000003808,True,0.2,False
49,self_consistency,llama-3.3-70b-versatile,10,790,141,0.00057749,13.904928500007372,True,0.2,False
49,semantic_entropy,llama-3.3-70b-versatile,1,79,14,5.767e-05,0.29756630001065787,False,0.0,False
49,semantic_entropy,llama-3.3-70b-versatile,3,237,41,0.00017222,3.2045170000055805,False,-0.0,False
49,semantic_entropy,llama-3.3-70b-versatile,5,395,70,0.00028835,6.252139000003808,False,0.4181656600790517,False
49,semantic_entropy,llama-3.3-70b-versatile,10,790,141,0.00057749,13.904928500007372,False,-0.0,False
50,verbalized_confidence,llama-3.1-8b-instant,1,122,19,7.620000000000001e-06,1.595329200004926,False,90.0,False
50,llm_judge,llama-3.1-8b-instant,1,177,20,1.045e-05,2.804732300020987,False,,False
50,self_consistency,llama-3.1-8b-instant,1,72,14,4.7200000000000005e-06,1.3201924999884795,False,1.0,False
50,self_consistency,llama-3.1-8b-instant,3,216,47,1.4560000000000001e-05,4.000782899995102,True,0.3333333333333333,False
50,self_consistency,llama-3.1-8b-instant,5,360,90,2.5200000000000003e-05,6.685544199979631,True,0.2,False
50,self_consistency,llama-3.1-8b-instant,10,720,176,5.008000000000001e-05,13.351680099993246,True,0.1,False
50,semantic_entropy,llama-3.1-8b-instant,1,72,14,4.7200000000000005e-06,1.3201924999884795,False,0.0,False
50,semantic_entropy,llama-3.1-8b-instant,3,216,47,1.4560000000000001e-05,4.000782899995102,False,0.5793801642856949,False
50,semantic_entropy,llama-3.1-8b-instant,5,360,90,2.5200000000000003e-05,6.685544199979631,False,0.31091750708257115,False
50,semantic_entropy,llama-3.1-8b-instant,10,720,176,5.008000000000001e-05,13.351680099993246,False,0.44717262228329563,False
51,verbalized_confidence,llama-3.1-8b-instant,1,120,17,7.360000000000001e-06,0.20067719998769462,True,60.0,False
51,llm_judge,llama-3.1-8b-instant,1,176,23,1.064e-05,2.6507862000144087,False,,False
51,self_consistency,llama-3.1-8b-instant,1,70,19,5.019999999999999e-06,1.3729711000050884,False,1.0,False
51,self_consistency,llama-3.1-8b-instant,3,210,64,1.562e-05,4.043947300029686,False,0.6666666666666666,False
51,self_consistency,llama-3.1-8b-instant,5,350,98,2.5339999999999998e-05,6.683839600038482,True,0.4,False
51,self_consistency,llama-3.1-8b-instant,10,700,194,5.052e-05,13.384966200013878,True,0.2,False
51,semantic_entropy,llama-3.1-8b-instant,1,70,19,5.019999999999999e-06,1.3729711000050884,False,0.0,False
51,semantic_entropy,llama-3.1-8b-instant,3,210,64,1.562e-05,4.043947300029686,False,-0.0,False
51,semantic_entropy,llama-3.1-8b-instant,5,350,98,2.5339999999999998e-05,6.683839600038482,False,-0.0,False
51,semantic_entropy,llama-3.1-8b-instant,10,700,194,5.052e-05,13.384966200013878,False,-0.0,False
52,verbalized_confidence,llama-3.1-8b-instant,1,120,13,7.04e-06,1.1812668000056874,False,100.0,False
52,llm_judge,llama-3.1-8b-instant,1,162,8,8.740000000000001e-06,2.6655818999861367,False,,False
52,self_consistency,llama-3.1-8b-instant,1,70,6,3.98e-06,1.350898500008043,False,1.0,False
52,self_consistency,llama-3.1-8b-instant,3,210,18,1.1940000000000001e-05,6.090332699997816,False,1.0,False
52,self_consistency,llama-3.1-8b-instant,5,350,31,1.9980000000000002e-05,10.505918600014411,False,0.6,False
52,self_consistency,llama-3.1-8b-instant,10,700,65,4.02e-05,21.57554700001492,False,0.5,False
52,semantic_entropy,llama-3.1-8b-instant,1,70,6,3.98e-06,1.350898500008043,False,0.0,False
52,semantic_entropy,llama-3.1-8b-instant,3,210,18,1.1940000000000001e-05,6.090332699997816,False,-0.0,False
52,semantic_entropy,llama-3.1-8b-instant,5,350,31,1.9980000000000002e-05,10.505918600014411,False,-0.0,False
52,semantic_entropy,llama-3.1-8b-instant,10,700,65,4.02e-05,21.57554700001492,False,-0.0,False
53,verbalized_confidence,llama-3.1-8b-instant,1,124,21,7.879999999999999e-06,2.231837600003928,False,100.0,False
53,llm_judge,llama-3.1-8b-instant,1,189,27,1.161e-05,4.435189300013008,False,,False
53,self_consistency,llama-3.1-8b-instant,1,74,17,5.060000000000001e-06,2.229385299986461,False,1.0,False
53,self_consistency,llama-3.1-8b-instant,3,222,60,1.59e-05,6.677063299983274,True,0.3333333333333333,False
53,self_consistency,llama-3.1-8b-instant,5,370,104,2.682e-05,11.130791000003228,True,0.2,False
53,self_consistency,llama-3.1-8b-instant,10,740,227,5.516000000000001e-05,22.545345999969868,True,0.1,False
53,semantic_entropy,llama-3.1-8b-instant,1,74,17,5.060000000000001e-06,2.229385299986461,False,0.0,False
53,semantic_entropy,llama-3.1-8b-instant,3,222,60,1.59e-05,6.677063299983274,False,-0.0,False
53,semantic_entropy,llama-3.1-8b-instant,5,370,104,2.682e-05,11.130791000003228,False,-0.0,False
53,semantic_entropy,llama-3.1-8b-instant,10,740,227,5.516000000000001e-05,22.545345999969868,False,-0.0,False
54,verbalized_confidence,llama-3.1-8b-instant,1,119,15,7.15e-06,2.20910599999479,False,80.0,False
54,llm_judge,llama-3.1-8b-instant,1,169,17,9.81e-06,4.529136400000425,False,,False
54,self_consistency,llama-3.1-8b-instant,1,69,30,5.85e-06,2.344094200001564,False,1.0,False
54,self_consistency,llama-3.1-8b-instant,3,207,72,1.611e-05,6.80693489999976,True,0.3333333333333333,False
54,self_consistency,llama-3.1-8b-instant,5,345,102,2.541e-05,11.225456299987854,True,0.2,False
54,self_consistency,llama-3.1-8b-instant,10,690,190,4.9699999999999995e-05,22.400424899999052,True,0.3,False
54,semantic_entropy,llama-3.1-8b-instant,1,69,30,5.85e-06,2.344094200001564,False,0.0,False
54,semantic_entropy,llama-3.1-8b-instant,3,207,72,1.611e-05,6.80693489999976,False,-0.0,False
54,semantic_entropy,llama-3.1-8b-instant,5,345,102,2.541e-05,11.225456299987854,False,-0.0,False
54,semantic_entropy,llama-3.1-8b-instant,10,690,190,4.9699999999999995e-05,22.400424899999052,False,-0.0,False
55,verbalized_confidence,llama-3.1-8b-instant,1,118,20,7.5e-06,2.2696753999916837,False,80.0,False
55,llm_judge,llama-3.1-8b-instant,1,174,24,1.062e-05,4.555498400004581,False,,False
55,self_consistency,llama-3.1-8b-instant,1,68,22,5.16e-06,2.244595800002571,False,1.0,False
55,self_consistency,llama-3.1-8b-instant,3,204,71,1.588e-05,6.7173967999988236,True,0.3333333333333333,False
55,self_consistency,llama-3.1-8b-instant,5,340,115,2.6200000000000003e-05,11.207403800013708,True,0.2,False
55,self_consistency,llama-3.1-8b-instant,10,680,217,5.1359999999999996e-05,22.453628199989907,True,0.1,False
55,semantic_entropy,llama-3.1-8b-instant,1,68,22,5.16e-06,2.244595800002571,False,0.0,False
55,semantic_entropy,llama-3.1-8b-instant,3,204,71,1.588e-05,6.7173967999988236,True,0.9999999999999998,False
55,semantic_entropy,llama-3.1-8b-instant,5,340,115,2.6200000000000003e-05,11.207403800013708,True,1.0000000000000002,False
55,semantic_entropy,llama-3.1-8b-instant,10,680,217,5.1359999999999996e-05,22.453628199989907,True,0.759176003468815,False
56,verbalized_confidence,llama-3.1-8b-instant,1,120,17,7.360000000000001e-06,2.3307960999954958,False,100.0,False
56,llm_judge,llama-3.1-8b-instant,1,167,13,9.39e-06,4.47147380001843,False,,False
56,self_consistency,llama-3.1-8b-instant,1,70,11,4.3799999999999996e-06,2.209968899987871,False,1.0,False
56,self_consistency,llama-3.1-8b-instant,3,210,36,1.3379999999999997e-05,6.817754699994111,True,0.3333333333333333,False
56,self_consistency,llama-3.1-8b-instant,5,350,56,2.1979999999999996e-05,11.257615999988047,True,0.2,False
56,self_consistency,llama-3.1-8b-instant,10,700,109,4.3719999999999995e-05,22.660768800007645,True,0.3,False
56,semantic_entropy,llama-3.1-8b-instant,1,70,11,4.3799999999999996e-06,2.209968899987871,False,0.0,False
56,semantic_entropy,llama-3.1-8b-instant,3,210,36,1.3379999999999997e-05,6.817754699994111,False,-0.0,False
56,semantic_entropy,llama-3.1-8b-instant,5,350,56,2.1979999999999996e-05,11.257615999988047,False,0.31091750708257115,False
56,semantic_entropy,llama-3.1-8b-instant,10,700,109,4.3719999999999995e-05,22.660768800007645,False,0.21732201127364886,False
57,verbalized_confidence,llama-3.1-8b-instant,1,121,12,7.010000000000001e-06,2.201778100017691,False,100.0,True
57,llm_judge,llama-3.1-8b-instant,1,169,16,9.73e-06,4.420706300006714,False,,False
57,self_consistency,llama-3.1-8b-instant,1,70,30,5.9e-06,2.2798686000169255,False,1.0,False
57,self_consistency,llama-3.1-8b-instant,3,210,71,1.618e-05,6.784152700012783,True,0.3333333333333333,False
57,self_consistency,llama-3.1-8b-instant,5,350,108,2.614e-05,11.256202899996424,True,0.2,False
57,self_consistency,llama-3.1-8b-instant,10,700,191,5.028e-05,22.790570900018793,True,0.1,False
57,semantic_entropy,llama-3.1-8b-instant,1,70,30,5.9e-06,2.2798686000169255,False,0.0,False
57,semantic_entropy,llama-3.1-8b-instant,3,210,71,1.618e-05,6.784152700012783,False,-0.0,False
57,semantic_entropy,llama-3.1-8b-instant,5,350,108,2.614e-05,11.256202899996424,False,0.31091750708257115,False
57,semantic_entropy,llama-3.1-8b-instant,10,700,191,5.028e-05,22.790570900018793,False,0.29228525323862886,False
58,verbalized_confidence,llama-3.1-8b-instant,1,127,12,7.31e-06,2.2036770000122488,True,0.0,True
58,llm_judge,llama-3.1-8b-instant,1,181,13,1.009e-05,4.420007699984126,False,,False
58,self_consistency,llama-3.1-8b-instant,1,77,5,4.25e-06,2.196123300003819,False,1.0,True
58,self_consistency,llama-3.1-8b-instant,3,231,24,1.3470000000000001e-05,6.611581100005424,True,0.3333333333333333,True
58,self_consistency,llama-3.1-8b-instant,5,385,51,2.3330000000000002e-05,11.036555300001055,True,0.2,True
58,self_consistency,llama-3.1-8b-instant,10,770,130,4.8899999999999996e-05,22.21549539998523,True,0.1,True
58,semantic_entropy,llama-3.1-8b-instant,1,77,5,4.25e-06,2.196123300003819,False,0.0,True
58,semantic_entropy,llama-3.1-8b-instant,3,231,24,1.3470000000000001e-05,6.611581100005424,True,0.9999999999999998,True
58,semantic_entropy,llama-3.1-8b-instant,5,385,51,2.3330000000000002e-05,11.036555300001055,True,1.0000000000000002,True
58,semantic_entropy,llama-3.1-8b-instant,10,770,130,4.8899999999999996e-05,22.21549539998523,True,0.8795880017344073,True
59,verbalized_confidence,llama-3.1-8b-instant,1,119,12,6.91e-06,2.237459399999352,True,0.0,True
59,llm_judge,llama-3.1-8b-instant,1,161,9,8.77e-06,4.598908100015251,False,,False
59,self_consistency,llama-3.1-8b-instant,1,69,9,4.17e-06,2.4484853000030853,False,1.0,False
59,self_consistency,llama-3.1-8b-instant,3,207,25,1.2349999999999999e-05,6.8937908000079915,True,0.3333333333333333,False
59,self_consistency,llama-3.1-8b-instant,5,345,48,2.109e-05,11.357581599993864,True,0.2,False
59,self_consistency,llama-3.1-8b-instant,10,690,107,4.306e-05,22.594366800010903,True,0.2,False
59,semantic_entropy,llama-3.1-8b-instant,1,69,9,4.17e-06,2.4484853000030853,False,0.0,False
59,semantic_entropy,llama-3.1-8b-instant,3,207,25,1.2349999999999999e-05,6.8937908000079915,True,0.9999999999999998,False
59,semantic_entropy,llama-3.1-8b-instant,5,345,48,2.109e-05,11.357581599993864,True,0.8277293767706428,False
59,semantic_entropy,llama-3.1-8b-instant,10,690,107,4.306e-05,22.594366800010903,True,0.6535212480354062,False
60,verbalized_confidence,llama-3.1-8b-instant,1,120,12,6.96e-06,2.320419600000605,False,90.0,True
60,llm_judge,llama-3.1-8b-instant,1,167,13,9.39e-06,4.404614200000651,False,,False
60,self_consistency,llama-3.1-8b-instant,1,70,14,4.62e-06,2.3325380999885965,False,1.0,False
60,self_consistency,llama-3.1-8b-instant,3,210,28,1.274e-05,6.7319690999866,True,0.3333333333333333,False
60,self_consistency,llama-3.1-8b-instant,5,350,71,2.3179999999999998e-05,11.376782400009688,True,0.2,False
60,self_consistency,llama-3.1-8b-instant,10,700,146,4.6679999999999994e-05,22.50456869995105,True,0.1,False
60,semantic_entropy,llama-3.1-8b-instant,1,70,14,4.62e-06,2.3325380999885965,False,0.0,False
60,semantic_entropy,llama-3.1-8b-instant,3,210,28,1.274e-05,6.7319690999866,False,0.5793801642856949,False
60,semantic_entropy,llama-3.1-8b-instant,5,350,71,2.3179999999999998e-05,11.376782400009688,False,0.5904362833084089,False
60,semantic_entropy,llama-3.1-8b-instant,10,700,146,4.6679999999999994e-05,22.50456869995105,False,0.14118174150460758,False
61,verbalized_confidence,llama-3.1-8b-instant,1,118,14,7.0200000000000006e-06,2.2034211000136565,False,90.0,False
61,llm_judge,llama-3.1-8b-instant,1,164,14,9.320000000000002e-06,4.516949299984844,False,,False
61,self_consistency,llama-3.1-8b-instant,1,68,11,4.2800000000000005e-06,2.2406893000006676,False,1.0,False
61,self_consistency,llama-3.1-8b-instant,3,204,32,1.2760000000000001e-05,6.665225999982795,True,0.3333333333333333,False
61,self_consistency,llama-3.1-8b-instant,5,340,56,2.1480000000000004e-05,11.095025599992368,True,0.4,False
61,self_consistency,llama-3.1-8b-instant,10,680,122,4.376e-05,22.29264010002953,True,0.2,False
61,semantic_entropy,llama-3.1-8b-instant,1,68,11,4.2800000000000005e-06,2.2406893000006676,False,0.0,False
61,semantic_entropy,llama-3.1-8b-instant,3,204,32,1.2760000000000001e-05,6.665225999982795,False,-0.0,False
61,semantic_entropy,llama-3.1-8b-instant,5,340,56,2.1480000000000004e-05,11.095025599992368,False,-0.0,False
61,semantic_entropy,llama-3.1-8b-instant,10,680,122,4.376e-05,22.29264010002953,False,0.14118174150460758,False
62,verbalized_confidence,llama-3.1-8b-instant,1,120,16,7.280000000000001e-06,2.2330711999966297,True,60.0,False
62,llm_judge,llama-3.1-8b-instant,1,166,12,9.26e-06,4.439768400014145,False,,True
62,self_consistency,llama-3.1-8b-instant,1,70,12,4.46e-06,2.219690800004173,False,1.0,True
62,self_consistency,llama-3.1-8b-instant,3,210,31,1.2979999999999998e-05,6.667397900018841,True,0.3333333333333333,True
62,self_consistency,llama-3.1-8b-instant,5,350,59,2.2219999999999997e-05,11.081650600011926,True,0.2,True
62,self_consistency,llama-3.1-8b-instant,10,700,108,4.3639999999999996e-05,22.16334550001193,True,0.3,True
62,semantic_entropy,llama-3.1-8b-instant,1,70,12,4.46e-06,2.219690800004173,False,0.0,True
62,semantic_entropy,llama-3.1-8b-instant,3,210,31,1.2979999999999998e-05,6.667397900018841,False,0.5793801642856949,True
62,semantic_entropy,llama-3.1-8b-instant,5,350,59,2.2219999999999997e-05,11.081650600011926,True,0.8277293767706428,True
62,semantic_entropy,llama-3.1-8b-instant,10,700,108,4.3639999999999996e-05,22.16334550001193,False,0.40969100130080566,True
63,verbalized_confidence,llama-3.1-8b-instant,1,121,12,7.010000000000001e-06,2.3058528000256047,False,90.0,True
63,llm_judge,llama-3.1-8b-instant,1,173,17,1.001e-05,4.40194439998595,False,,False
63,self_consistency,llama-3.1-8b-instant,1,71,14,4.67e-06,2.2403639999974985,False,1.0,True
63,self_consistency,llama-3.1-8b-instant,3,213,34,1.3369999999999999e-05,6.677007500024047,True,0.3333333333333333,True
63,self_consistency,llama-3.1-8b-instant,5,355,68,2.319e-05,11.220629700022982,True,0.4,True
63,self_consistency,llama-3.1-8b-instant,10,710,135,4.630000000000001e-05,22.35345460003009,True,0.3,True
63,semantic_entropy,llama-3.1-8b-instant,1,71,14,4.67e-06,2.2403639999974985,False,0.0,True
63,semantic_entropy,llama-3.1-8b-instant,3,213,34,1.3369999999999999e-05,6.677007500024047,False,0.5793801642856949,True
63,semantic_entropy,llama-3.1-8b-instant,5,355,68,2.319e-05,11.220629700022982,False,0.31091750708257115,True
63,semantic_entropy,llama-3.1-8b-instant,10,710,135,4.630000000000001e-05,22.35345460003009,False,0.2775280104064451,True
64,verbalized_confidence,llama-3.1-8b-instant,1,122,25,8.100000000000002e-06,2.3429963999951724,False,90.0,False
64,llm_judge,llama-3.1-8b-instant,1,177,20,1.045e-05,4.40393270002096,False,,False
64,self_consistency,llama-3.1-8b-instant,1,72,10,4.4e-06,2.306133600010071,False,1.0,False
64,self_consistency,llama-3.1-8b-instant,3,216,43,1.4240000000000001e-05,6.868180000019493,True,0.3333333333333333,False
64,self_consistency,llama-3.1-8b-instant,5,360,80,2.44e-05,11.284971200017026,True,0.4,False
64,self_consistency,llama-3.1-8b-instant,10,720,149,4.7919999999999995e-05,22.431613300024765,True,0.3,False
64,semantic_entropy,llama-3.1-8b-instant,1,72,10,4.4e-06,2.306133600010071,False,0.0,False
64,semantic_entropy,llama-3.1-8b-instant,3,216,43,1.4240000000000001e-05,6.868180000019493,False,0.5793801642856949,False
64,semantic_entropy,llama-3.1-8b-instant,5,360,80,2.44e-05,11.284971200017026,False,0.5904362833084089,False
64,semantic_entropy,llama-3.1-8b-instant,10,720,149,4.7919999999999995e-05,22.431613300024765,False,0.34822537285722394,False
65,verbalized_confidence,llama-3.1-8b-instant,1,125,44,9.77e-06,2.275958800018998,False,95.0,False
65,llm_judge,llama-3.1-8b-instant,1,187,23,1.119e-05,4.523096499993699,False,,False
65,self_consistency,llama-3.1-8b-instant,1,75,27,5.91e-06,2.2258912000106648,False,1.0,False
65,self_consistency,llama-3.1-8b-instant,3,225,85,1.805e-05,6.752646200009622,True,0.3333333333333333,False
65,self_consistency,llama-3.1-8b-instant,5,375,133,2.939e-05,11.236339200026123,True,0.2,False
65,self_consistency,llama-3.1-8b-instant,10,750,263,5.8540000000000005e-05,22.43388789999881,True,0.1,False
65,semantic_entropy,llama-3.1-8b-instant,1,75,27,5.91e-06,2.2258912000106648,False,0.0,False
65,semantic_entropy,llama-3.1-8b-instant,3,225,85,1.805e-05,6.752646200009622,False,0.5793801642856949,False
65,semantic_entropy,llama-3.1-8b-instant,5,375,133,2.939e-05,11.236339200026123,False,0.31091750708257115,False
65,semantic_entropy,llama-3.1-8b-instant,10,750,263,5.8540000000000005e-05,22.43388789999881,False,-0.0,False
66,verbalized_confidence,llama-3.1-8b-instant,1,127,16,7.630000000000001e-06,2.219085399992764,False,100.0,False
66,llm_judge,llama-3.1-8b-instant,1,177,10,9.65e-06,4.397518999991007,False,,False
66,self_consistency,llama-3.1-8b-instant,1,77,8,4.49e-06,2.198153100005584,False,1.0,False
66,self_consistency,llama-3.1-8b-instant,3,231,22,1.331e-05,6.599103500018828,True,0.3333333333333333,False
66,self_consistency,llama-3.1-8b-instant,5,385,38,2.229e-05,11.039885700040031,True,0.4,False
66,self_consistency,llama-3.1-8b-instant,10,770,73,4.433999999999999e-05,22.179080600006273,False,0.5,False
66,semantic_entropy,llama-3.1-8b-instant,1,77,8,4.49e-06,2.198153100005584,False,0.0,False
66,semantic_entropy,llama-3.1-8b-instant,3,231,22,1.331e-05,6.599103500018828,False,-0.0,False
66,semantic_entropy,llama-3.1-8b-instant,5,385,38,2.229e-05,11.039885700040031,False,-0.0,False
66,semantic_entropy,llama-3.1-8b-instant,10,770,73,4.433999999999999e-05,22.179080600006273,False,-0.0,False
67,verbalized_confidence,llama-3.1-8b-instant,1,122,22,7.860000000000001e-06,2.355824300000677,False,90.0,True
67,llm_judge,llama-3.1-8b-instant,1,173,15,9.850000000000002e-06,4.3939919999975245,False,,True
67,self_consistency,llama-3.1-8b-instant,1,72,13,4.6400000000000005e-06,2.2028839999984484,False,1.0,True
67,self_consistency,llama-3.1-8b-instant,3,216,53,1.5040000000000002e-05,6.753209299989976,False,0.6666666666666666,True
67,self_consistency,llama-3.1-8b-instant,5,360,95,2.5600000000000002e-05,11.198326100013219,False,0.6,True
67,self_consistency,llama-3.1-8b-instant,10,720,172,4.976000000000001e-05,22.37239890001365,False,0.6,True
67,semantic_entropy,llama-3.1-8b-instant,1,72,13,4.6400000000000005e-06,2.2028839999984484,False,0.0,True
67,semantic_entropy,llama-3.1-8b-instant,3,216,53,1.5040000000000002e-05,6.753209299989976,False,0.5793801642856949,True
67,semantic_entropy,llama-3.1-8b-instant,5,360,95,2.5600000000000002e-05,11.198326100013219,False,0.5904362833084089,True
67,semantic_entropy,llama-3.1-8b-instant,10,720,172,4.976000000000001e-05,22.37239890001365,False,0.2775280104064451,True
68,verbalized_confidence,llama-3.1-8b-instant,1,115,15,6.95e-06,2.2005935999914072,False,90.0,True
68,llm_judge,llama-3.1-8b-instant,1,177,33,1.149e-05,4.433405599993421,False,,False
68,self_consistency,llama-3.1-8b-instant,1,65,31,5.73e-06,2.2472380000108387,False,1.0,False
68,self_consistency,llama-3.1-8b-instant,3,195,534,5.2470000000000004e-05,7.688223300006939,True,0.3333333333333333,False
68,self_consistency,llama-3.1-8b-instant,5,325,584,6.297e-05,12.3138401999895,True,0.2,False
68,self_consistency,llama-3.1-8b-instant,10,650,708,8.914e-05,23.59895059998962,True,0.1,False
68,semantic_entropy,llama-3.1-8b-instant,1,65,31,5.73e-06,2.2472380000108387,False,0.0,False
68,semantic_entropy,llama-3.1-8b-instant,3,195,534,5.2470000000000004e-05,7.688223300006939,False,-0.0,False
68,semantic_entropy,llama-3.1-8b-instant,5,325,584,6.297e-05,12.3138401999895,False,-0.0,False
68,semantic_entropy,llama-3.1-8b-instant,10,650,708,8.914e-05,23.59895059998962,False,0.14118174150460758,False
69,verbalized_confidence,llama-3.1-8b-instant,1,118,12,6.86e-06,2.200708799995482,False,100.0,False
69,llm_judge,llama-3.1-8b-instant,1,155,6,8.23e-06,4.38174730000901,True,,False
69,self_consistency,llama-3.1-8b-instant,1,68,9,4.12e-06,2.2091097999946214,False,1.0,False
69,self_consistency,llama-3.1-8b-instant,3,204,22,1.196e-05,6.60593499999959,True,0.3333333333333333,False
69,self_consistency,llama-3.1-8b-instant,5,340,36,1.988e-05,11.02584129999741,True,0.4,False
69,self_consistency,llama-3.1-8b-instant,10,680,65,3.92e-05,22.003940800001146,False,0.6,False
69,semantic_entropy,llama-3.1-8b-instant,1,68,9,4.12e-06,2.2091097999946214,False,0.0,False
69,semantic_entropy,llama-3.1-8b-instant,3,204,22,1.196e-05,6.60593499999959,True,0.9999999999999998,False
69,semantic_entropy,llama-3.1-8b-instant,5,340,36,1.988e-05,11.02584129999741,True,0.6554587535412857,False
69,semantic_entropy,llama-3.1-8b-instant,10,680,65,3.92e-05,22.003940800001146,False,0.389972873353915,False
70,verbalized_confidence,llama-3.1-8b-instant,1,121,14,7.170000000000001e-06,2.3623081000114325,False,100.0,False
70,llm_judge,llama-3.1-8b-instant,1,184,28,1.1440000000000002e-05,4.455914499994833,False,,False
70,self_consistency,llama-3.1-8b-instant,1,71,15,4.75e-06,2.211477799981367,False,1.0,False
70,self_consistency,llama-3.1-8b-instant,3,213,40,1.3850000000000001e-05,6.808355499990284,True,0.3333333333333333,False
70,self_consistency,llama-3.1-8b-instant,5,355,67,2.311e-05,11.247218300006352,True,0.2,False
70,self_consistency,llama-3.1-8b-instant,10,710,145,4.71e-05,22.405422799958615,True,0.1,False
70,semantic_entropy,llama-3.1-8b-instant,1,71,15,4.75e-06,2.211477799981367,False,0.0,False
70,semantic_entropy,llama-3.1-8b-instant,3,213,40,1.3850000000000001e-05,6.808355499990284,False,0.5793801642856949,False
70,semantic_entropy,llama-3.1-8b-instant,5,355,67,2.311e-05,11.247218300006352,True,0.6554587535412857,False
70,semantic_entropy,llama-3.1-8b-instant,10,710,145,4.71e-05,22.405422799958615,False,0.5301029995663982,False
71,verbalized_confidence,llama-3.1-8b-instant,1,121,15,7.250000000000001e-06,2.2721630000160076,False,90.0,False
71,llm_judge,llama-3.1-8b-instant,1,168,12,9.360000000000002e-06,4.503278999996837,False,,False
71,self_consistency,llama-3.1-8b-instant,1,71,10,4.350000000000001e-06,2.3702354000124615,False,1.0,False
71,self_consistency,llama-3.1-8b-instant,3,213,30,1.3050000000000002e-05,6.783397799998056,True,0.3333333333333333,False
71,self_consistency,llama-3.1-8b-instant,5,355,50,2.175e-05,11.202237899997272,True,0.4,False
71,self_consistency,llama-3.1-8b-instant,10,710,93,4.293999999999999e-05,22.204224199987948,True,0.2,False
71,semantic_entropy,llama-3.1-8b-instant,1,71,10,4.350000000000001e-06,2.3702354000124615,False,0.0,False
71,semantic_entropy,llama-3.1-8b-instant,3,213,30,1.3050000000000002e-05,6.783397799998056,False,0.5793801642856949,False
71,semantic_entropy,llama-3.1-8b-instant,5,355,50,2.175e-05,11.202237899997272,False,0.31091750708257115,False
71,semantic_entropy,llama-3.1-8b-instant,10,710,93,4.293999999999999e-05,22.204224199987948,True,0.6989700043360186,False
72,verbalized_confidence,llama-3.1-8b-instant,1,118,13,6.9400000000000005e-06,2.2164574000053108,False,80.0,True
72,llm_judge,llama-3.1-8b-instant,1,167,17,9.71e-06,4.38526529999217,False,,True
72,self_consistency,llama-3.1-8b-instant,1,68,16,4.680000000000001e-06,2.322071699978551,False,1.0,True
72,self_consistency,llama-3.1-8b-instant,3,204,44,1.3720000000000002e-05,6.797659499978181,True,0.3333333333333333,True
72,self_consistency,llama-3.1-8b-instant,5,340,76,2.3080000000000003e-05,11.245717999961926,True,0.2,True
72,self_consistency,llama-3.1-8b-instant,10,680,156,4.6480000000000016e-05,22.3862625999609,True,0.2,True
72,semantic_entropy,llama-3.1-8b-instant,1,68,16,4.680000000000001e-06,2.322071699978551,False,0.0,True
72,semantic_entropy,llama-3.1-8b-instant,3,204,44,1.3720000000000002e-05,6.797659499978181,False,0.5793801642856949,True
72,semantic_entropy,llama-3.1-8b-instant,5,340,76,2.3080000000000003e-05,11.245717999961926,False,0.4181656600790517,True
72,semantic_entropy,llama-3.1-8b-instant,10,680,156,4.6480000000000016e-05,22.3862625999609,False,0.4729032506370175,True
73,verbalized_confidence,llama-3.1-8b-instant,1,119,13,6.99e-06,2.214061100006802,False,100.0,False
73,llm_judge,llama-3.1-8b-instant,1,159,7,8.510000000000002e-06,4.567054600018309,False,,False
73,self_consistency,llama-3.1-8b-instant,1,69,5,3.85e-06,2.226857100002235,False,1.0,False
73,self_consistency,llama-3.1-8b-instant,3,207,22,1.2110000000000001e-05,6.750489500002004,False,0.6666666666666666,False
73,self_consistency,llama-3.1-8b-instant,5,345,32,1.9810000000000002e-05,11.150111699971603,False,0.6,False
73,self_consistency,llama-3.1-8b-instant,10,690,71,4.018e-05,22.353797399962787,False,0.6,False
73,semantic_entropy,llama-3.1-8b-instant,1,69,5,3.85e-06,2.226857100002235,False,0.0,False
73,semantic_entropy,llama-3.1-8b-instant,3,207,22,1.2110000000000001e-05,6.750489500002004,False,-0.0,False
73,semantic_entropy,llama-3.1-8b-instant,5,345,32,1.9810000000000002e-05,11.150111699971603,False,0.31091750708257115,False
73,semantic_entropy,llama-3.1-8b-instant,10,690,71,4.018e-05,22.353797399962787,False,0.14118174150460758,False
74,verbalized_confidence,llama-3.1-8b-instant,1,120,17,7.360000000000001e-06,2.2446714999969117,False,90.0,False
74,llm_judge,llama-3.1-8b-instant,1,170,16,9.78e-06,4.41917760000797,False,,False
74,self_consistency,llama-3.1-8b-instant,1,70,20,5.0999999999999995e-06,2.2965920999995433,False,1.0,False
74,self_consistency,llama-3.1-8b-instant,3,210,46,1.418e-05,6.728702000022167,True,0.3333333333333333,False
74,self_consistency,llama-3.1-8b-instant,5,350,77,2.366e-05,11.215084300027229,True,0.2,False
74,self_consistency,llama-3.1-8b-instant,10,700,176,4.908e-05,22.751610700041056,True,0.1,False
74,semantic_entropy,llama-3.1-8b-instant,1,70,20,5.0999999999999995e-06,2.2965920999995433,False,0.0,False
74,semantic_entropy,llama-3.1-8b-instant,3,210,46,1.418e-05,6.728702000022167,False,-0.0,False
74,semantic_entropy,llama-3.1-8b-instant,5,350,77,2.366e-05,11.215084300027229,False,-0.0,False
74,semantic_entropy,llama-3.1-8b-instant,10,700,176,4.908e-05,22.751610700041056,False,-0.0,False
75,verbalized_confidence,llama-3.1-8b-instant,1,126,12,7.260000000000001e-06,2.346667600009823,False,100.0,False
75,llm_judge,llama-3.1-8b-instant,1,181,15,1.025e-05,4.412304500001483,False,,True
75,self_consistency,llama-3.1-8b-instant,1,76,16,5.0800000000000005e-06,2.2059693000046536,False,1.0,True
75,self_consistency,llama-3.1-8b-instant,3,228,38,1.444e-05,6.742703700001584,True,0.3333333333333333,True
75,self_consistency,llama-3.1-8b-instant,5,380,62,2.396e-05,11.318026900029508,True,0.2,True
75,self_consistency,llama-3.1-8b-instant,10,760,115,4.720000000000001e-05,22.590670100034913,True,0.2,True
75,semantic_entropy,llama-3.1-8b-instant,1,76,16,5.0800000000000005e-06,2.2059693000046536,False,0.0,True
75,semantic_entropy,llama-3.1-8b-instant,3,228,38,1.444e-05,6.742703700001584,False,0.5793801642856949,True
75,semantic_entropy,llama-3.1-8b-instant,5,380,62,2.396e-05,11.318026900029508,False,0.31091750708257115,True
75,semantic_entropy,llama-3.1-8b-instant,10,760,115,4.720000000000001e-05,22.590670100034913,False,0.14118174150460758,True
76,verbalized_confidence,llama-3.1-8b-instant,1,120,20,7.599999999999999e-06,2.225720500020543,False,80.0,False
76,llm_judge,llama-3.1-8b-instant,1,175,21,1.043e-05,4.4916640000010375,False,,False
76,self_consistency,llama-3.1-8b-instant,1,70,22,5.26e-06,2.2360241999849677,False,1.0,False
76,self_consistency,llama-3.1-8b-instant,3,210,49,1.442e-05,6.662310299987439,True,0.3333333333333333,False
76,self_consistency,llama-3.1-8b-instant,5,350,99,2.542e-05,11.16397149997647,True,0.2,False
76,self_consistency,llama-3.1-8b-instant,10,700,185,4.9800000000000004e-05,22.558272499940358,True,0.1,False
76,semantic_entropy,llama-3.1-8b-instant,1,70,22,5.26e-06,2.2360241999849677,False,0.0,False
76,semantic_entropy,llama-3.1-8b-instant,3,210,49,1.442e-05,6.662310299987439,False,-0.0,False
76,semantic_entropy,llama-3.1-8b-instant,5,350,99,2.542e-05,11.16397149997647,False,-0.0,False
76,semantic_entropy,llama-3.1-8b-instant,10,700,185,4.9800000000000004e-05,22.558272499940358,False,-0.0,False
77,verbalized_confidence,llama-3.1-8b-instant,1,117,14,6.970000000000001e-06,2.205194800015306,False,90.0,True
77,llm_judge,llama-3.1-8b-instant,1,155,7,8.31e-06,4.382894599984866,False,,True
77,self_consistency,llama-3.1-8b-instant,1,67,5,3.75e-06,2.1890388000174426,False,1.0,True
77,self_consistency,llama-3.1-8b-instant,3,201,15,1.125e-05,6.711750099988421,False,1.0,True
77,self_consistency,llama-3.1-8b-instant,5,335,25,1.8750000000000002e-05,11.17606629995862,False,1.0,True
77,self_consistency,llama-3.1-8b-instant,10,670,55,3.7900000000000006e-05,22.48450289995526,False,0.9,True
77,semantic_entropy,llama-3.1-8b-instant,1,67,5,3.75e-06,2.1890388000174426,False,0.0,True
77,semantic_entropy,llama-3.1-8b-instant,3,201,15,1.125e-05,6.711750099988421,False,-0.0,True
77,semantic_entropy,llama-3.1-8b-instant,5,335,25,1.8750000000000002e-05,11.17606629995862,False,-0.0,True
77,semantic_entropy,llama-3.1-8b-instant,10,670,55,3.7900000000000006e-05,22.48450289995526,False,0.14118174150460758,True
78,verbalized_confidence,llama-3.1-8b-instant,1,123,13,7.190000000000001e-06,2.24958110001171,False,90.0,True
78,llm_judge,llama-3.1-8b-instant,1,167,7,8.910000000000001e-06,4.453444699989632,False,,True
78,self_consistency,llama-3.1-8b-instant,1,73,25,5.65e-06,2.2441373000037856,False,1.0,True
78,self_consistency,llama-3.1-8b-instant,3,219,36,1.3830000000000001e-05,6.674156699969899,True,0.3333333333333333,True
78,self_consistency,llama-3.1-8b-instant,5,365,52,2.241e-05,11.1039820999722,True,0.4,True
78,self_consistency,llama-3.1-8b-instant,10,730,106,4.4980000000000006e-05,22.278694299980998,True,0.4,True
78,semantic_entropy,llama-3.1-8b-instant,1,73,25,5.65e-06,2.2441373000037856,False,0.0,True
78,semantic_entropy,llama-3.1-8b-instant,3,219,36,1.3830000000000001e-05,6.674156699969899,True,0.9999999999999998,True
78,semantic_entropy,llama-3.1-8b-instant,5,365,52,2.241e-05,11.1039820999722,True,0.8277293767706428,True
78,semantic_entropy,llama-3.1-8b-instant,10,730,106,4.4980000000000006e-05,22.278694299980998,True,0.7591760034688149,True
79,verbalized_confidence,llama-3.1-8b-instant,1,121,12,7.010000000000001e-06,2.2091320999898016,False,80.0,False
79,llm_judge,llama-3.1-8b-instant,1,163,7,8.710000000000001e-06,4.57447520000278,False,,False
79,self_consistency,llama-3.1-8b-instant,1,71,4,3.87e-06,2.234355599997798,False,1.0,True
79,self_consistency,llama-3.1-8b-instant,3,213,13,1.1690000000000002e-05,6.6308015000249725,False,0.6666666666666666,True
79,self_consistency,llama-3.1-8b-instant,5,355,39,2.0870000000000002e-05,11.078293100028532,True,0.4,True
79,self_consistency,llama-3.1-8b-instant,10,710,93,4.2940000000000006e-05,22.237051000003703,True,0.2,True
79,semantic_entropy,llama-3.1-8b-instant,1,71,4,3.87e-06,2.234355599997798,False,0.0,True
79,semantic_entropy,llama-3.1-8b-instant,3,213,13,1.1690000000000002e-05,6.6308015000249725,False,0.5793801642856949,True
79,semantic_entropy,llama-3.1-8b-instant,5,355,39,2.0870000000000002e-05,11.078293100028532,True,0.8277293767706428,True
79,semantic_entropy,llama-3.1-8b-instant,10,710,93,4.2940000000000006e-05,22.237051000003703,True,0.6387640052032224,True
80,verbalized_confidence,llama-3.1-8b-instant,1,128,12,7.360000000000001e-06,2.199308100010967,False,90.0,False
80,llm_judge,llama-3.1-8b-instant,1,175,6,9.230000000000001e-06,4.504729400010547,False,,False
80,self_consistency,llama-3.1-8b-instant,1,78,3,4.14e-06,2.217579200019827,False,1.0,False
80,self_consistency,llama-3.1-8b-instant,3,234,9,1.242e-05,6.77895870001521,False,1.0,False
80,self_consistency,llama-3.1-8b-instant,5,390,24,2.142e-05,11.182669700006954,False,0.8,False
80,self_consistency,llama-3.1-8b-instant,10,780,40,4.2199999999999996e-05,22.243834900000365,False,0.8,False
80,semantic_entropy,llama-3.1-8b-instant,1,78,3,4.14e-06,2.217579200019827,False,0.0,False
80,semantic_entropy,llama-3.1-8b-instant,3,234,9,1.242e-05,6.77895870001521,False,-0.0,False
80,semantic_entropy,llama-3.1-8b-instant,5,390,24,2.142e-05,11.182669700006954,False,0.31091750708257115,False
80,semantic_entropy,llama-3.1-8b-instant,10,780,40,4.2199999999999996e-05,22.243834900000365,False,0.2775280104064451,False
81,verbalized_confidence,llama-3.1-8b-instant,1,119,20,7.5500000000000006e-06,2.232354600011604,True,60.0,True
81,llm_judge,llama-3.1-8b-instant,1,185,34,1.197e-05,4.445753800013335,False,,False
81,self_consistency,llama-3.1-8b-instant,1,69,34,6.17e-06,2.2890546999988146,False,1.0,True
81,self_consistency,llama-3.1-8b-instant,3,207,75,1.635e-05,6.834844800003339,True,0.3333333333333333,True
81,self_consistency,llama-3.1-8b-instant,5,345,120,2.6850000000000002e-05,11.341610900009982,True,0.2,True
81,self_consistency,llama-3.1-8b-instant,10,690,231,5.2980000000000004e-05,22.680674600036582,True,0.1,True
81,semantic_entropy,llama-3.1-8b-instant,1,69,34,6.17e-06,2.2890546999988146,False,0.0,True
81,semantic_entropy,llama-3.1-8b-instant,3,207,75,1.635e-05,6.834844800003339,True,0.9999999999999998,True
81,semantic_entropy,llama-3.1-8b-instant,5,345,120,2.6850000000000002e-05,11.341610900009982,True,0.8277293767706428,True
81,semantic_entropy,llama-3.1-8b-instant,10,690,231,5.2980000000000004e-05,22.680674600036582,False,0.4729032506370175,True
82,verbalized_confidence,llama-3.1-8b-instant,1,118,16,7.180000000000001e-06,2.225825100002112,False,80.0,False
82,llm_judge,llama-3.1-8b-instant,1,177,27,1.1010000000000001e-05,4.482035799999721,False,,False
82,self_consistency,llama-3.1-8b-instant,1,68,18,4.84e-06,2.2262672999931965,False,1.0,False
82,self_consistency,llama-3.1-8b-instant,3,204,89,1.732e-05,6.757490999967558,True,0.3333333333333333,False
82,self_consistency,llama-3.1-8b-instant,5,340,138,2.8040000000000003e-05,11.274578999960795,True,0.2,False
82,self_consistency,llama-3.1-8b-instant,10,680,359,6.272000000000001e-05,22.579377099958947,True,0.1,False
82,semantic_entropy,llama-3.1-8b-instant,1,68,18,4.84e-06,2.2262672999931965,False,0.0,False
82,semantic_entropy,llama-3.1-8b-instant,3,204,89,1.732e-05,6.757490999967558,True,0.9999999999999998,False
82,semantic_entropy,llama-3.1-8b-instant,5,340,138,2.8040000000000003e-05,11.274578999960795,False,0.31091750708257115,False
82,semantic_entropy,llama-3.1-8b-instant,10,680,359,6.272000000000001e-05,22.579377099958947,False,0.40843137199002016,False
83,verbalized_confidence,llama-3.1-8b-instant,1,118,12,6.86e-06,2.209291299979668,False,80.0,True
83,llm_judge,llama-3.1-8b-instant,1,158,8,8.54e-06,4.449870800017379,False,,True
83,self_consistency,llama-3.1-8b-instant,1,68,6,3.88e-06,2.2018058999965433,False,1.0,True
83,self_consistency,llama-3.1-8b-instant,3,204,18,1.164e-05,6.635507400002098,False,1.0,True
83,self_consistency,llama-3.1-8b-instant,5,340,39,2.012e-05,11.177642199996626,False,0.8,True
83,self_consistency,llama-3.1-8b-instant,10,680,88,4.104e-05,22.37353699997766,False,0.5,True
83,semantic_entropy,llama-3.1-8b-instant,1,68,6,3.88e-06,2.2018058999965433,False,0.0,True
83,semantic_entropy,llama-3.1-8b-instant,3,204,18,1.164e-05,6.635507400002098,False,-0.0,True
83,semantic_entropy,llama-3.1-8b-instant,5,340,39,2.012e-05,11.177642199996626,False,0.31091750708257115,True
83,semantic_entropy,llama-3.1-8b-instant,10,680,88,4.104e-05,22.37353699997766,False,0.40969100130080555,True
84,verbalized_confidence,llama-3.1-8b-instant,1,125,13,7.29e-06,2.203390600014245,False,100.0,False
84,llm_judge,llama-3.1-8b-instant,1,180,16,1.028e-05,4.536176099994918,False,,True
84,self_consistency,llama-3.1-8b-instant,1,75,12,4.71e-06,2.2015598000143655,False,1.0,True
84,self_consistency,llama-3.1-8b-instant,3,225,42,1.461e-05,6.950074000022141,True,0.3333333333333333,True
84,self_consistency,llama-3.1-8b-instant,5,375,60,2.3550000000000003e-05,11.357788699999219,True,0.2,True
84,self_consistency,llama-3.1-8b-instant,10,750,115,4.6700000000000003e-05,22.495476899988716,True,0.1,True
84,semantic_entropy,llama-3.1-8b-instant,1,75,12,4.71e-06,2.2015598000143655,False,0.0,True
84,semantic_entropy,llama-3.1-8b-instant,3,225,42,1.461e-05,6.950074000022141,True,0.9999999999999998,True
84,semantic_entropy,llama-3.1-8b-instant,5,375,60,2.3550000000000003e-05,11.357788699999219,True,1.0000000000000002,True
84,semantic_entropy,llama-3.1-8b-instant,10,750,115,4.6700000000000003e-05,22.495476899988716,True,0.9397940008672035,True
85,verbalized_confidence,llama-3.1-8b-instant,1,121,13,7.090000000000001e-06,2.2196853999921586,False,100.0,True
85,llm_judge,llama-3.1-8b-instant,1,167,11,9.230000000000001e-06,4.443090400018264,False,,True
85,self_consistency,llama-3.1-8b-instant,1,71,9,4.270000000000001e-06,2.310775099991588,False,1.0,True
85,self_consistency,llama-3.1-8b-instant,3,213,27,1.2810000000000001e-05,6.83754740000586,False,1.0,True
85,self_consistency,llama-3.1-8b-instant,5,355,45,2.1350000000000004e-05,11.245335000014165,False,1.0,True
85,self_consistency,llama-3.1-8b-instant,10,710,101,4.358e-05,22.399236299999757,False,0.8,True
85,semantic_entropy,llama-3.1-8b-instant,1,71,9,4.270000000000001e-06,2.310775099991588,False,0.0,True
85,semantic_entropy,llama-3.1-8b-instant,3,213,27,1.2810000000000001e-05,6.83754740000586,False,-0.0,True
85,semantic_entropy,llama-3.1-8b-instant,5,355,45,2.1350000000000004e-05,11.245335000014165,False,-0.0,True
85,semantic_entropy,llama-3.1-8b-instant,10,710,101,4.358e-05,22.399236299999757,False,-0.0,True
86,verbalized_confidence,llama-3.1-8b-instant,1,122,12,7.06e-06,2.2132710999867413,False,80.0,True
86,llm_judge,llama-3.1-8b-instant,1,171,14,9.67e-06,4.515137600013986,False,,False
86,self_consistency,llama-3.1-8b-instant,1,72,12,4.56e-06,2.2062590999994427,False,1.0,False
86,self_consistency,llama-3.1-8b-instant,3,216,43,1.424e-05,6.666704999981448,True,0.3333333333333333,False
86,self_consistency,llama-3.1-8b-instant,5,360,64,2.3120000000000002e-05,11.097167400002945,True,0.2,False
86,self_consistency,llama-3.1-8b-instant,10,720,126,4.608e-05,22.195612800016534,True,0.1,False
86,semantic_entropy,llama-3.1-8b-instant,1,72,12,4.56e-06,2.2062590999994427,False,0.0,False
86,semantic_entropy,llama-3.1-8b-instant,3,216,43,1.424e-05,6.666704999981448,False,0.5793801642856949,False
86,semantic_entropy,llama-3.1-8b-instant,5,360,64,2.3120000000000002e-05,11.097167400002945,False,0.4181656600790517,False
86,semantic_entropy,llama-3.1-8b-instant,10,720,126,4.608e-05,22.195612800016534,False,0.4096910013008056,False
87,verbalized_confidence,llama-3.1-8b-instant,1,124,13,7.24e-06,2.304954599996563,False,100.0,True
87,llm_judge,llama-3.1-8b-instant,1,179,17,1.0310000000000001e-05,4.520356599998195,False,,False
87,self_consistency,llama-3.1-8b-instant,1,74,27,5.860000000000001e-06,2.248315700009698,False,1.0,False
87,self_consistency,llama-3.1-8b-instant,3,222,62,1.606e-05,6.707821300020441,True,0.3333333333333333,False
87,self_consistency,llama-3.1-8b-instant,5,370,97,2.626e-05,11.323253200011095,True,0.2,False
87,self_consistency,llama-3.1-8b-instant,10,740,187,5.1960000000000004e-05,22.485844499984523,True,0.2,True
87,semantic_entropy,llama-3.1-8b-instant,1,74,27,5.860000000000001e-06,2.248315700009698,False,0.0,False
87,semantic_entropy,llama-3.1-8b-instant,3,222,62,1.606e-05,6.707821300020441,False,0.5793801642856949,False
87,semantic_entropy,llama-3.1-8b-instant,5,370,97,2.626e-05,11.323253200011095,False,0.5904362833084089,False
87,semantic_entropy,llama-3.1-8b-instant,10,740,187,5.1960000000000004e-05,22.485844499984523,False,0.34822537285722394,False
88,verbalized_confidence,llama-3.1-8b-instant,1,117,16,7.130000000000001e-06,2.223969400016358,False,80.0,False
88,llm_judge,llama-3.1-8b-instant,1,171,23,1.039e-05,4.414849399996456,False,,False
88,self_consistency,llama-3.1-8b-instant,1,67,15,4.55e-06,2.2537315000081435,False,1.0,False
88,self_consistency,llama-3.1-8b-instant,3,201,52,1.4209999999999998e-05,6.70769680000376,True,0.3333333333333333,False
88,self_consistency,llama-3.1-8b-instant,5,335,77,2.2909999999999996e-05,11.171843099989928,True,0.2,False
88,self_consistency,llama-3.1-8b-instant,10,670,167,4.686e-05,22.478903299983358,True,0.1,False
88,semantic_entropy,llama-3.1-8b-instant,1,67,15,4.55e-06,2.2537315000081435,False,0.0,False
88,semantic_entropy,llama-3.1-8b-instant,3,201,52,1.4209999999999998e-05,6.70769680000376,True,0.9999999999999998,False
88,semantic_entropy,llama-3.1-8b-instant,5,335,77,2.2909999999999996e-05,11.171843099989928,True,0.8277293767706428,False
88,semantic_entropy,llama-3.1-8b-instant,10,670,167,4.686e-05,22.478903299983358,True,0.9397940008672035,False
89,verbalized_confidence,llama-3.1-8b-instant,1,117,14,6.970000000000001e-06,2.205260899994755,False,100.0,False
89,llm_judge,llama-3.1-8b-instant,1,157,9,8.570000000000001e-06,4.411353999981657,True,,False
89,self_consistency,llama-3.1-8b-instant,1,67,5,3.75e-06,2.1959026000113226,False,1.0,True
89,self_consistency,llama-3.1-8b-instant,3,201,18,1.149e-05,6.734080099995481,True,0.3333333333333333,True
89,self_consistency,llama-3.1-8b-instant,5,335,31,1.923e-05,11.129388899978949,True,0.4,True
89,self_consistency,llama-3.1-8b-instant,10,670,60,3.83e-05,22.12263530000928,True,0.3,True
89,semantic_entropy,llama-3.1-8b-instant,1,67,5,3.75e-06,2.1959026000113226,False,0.0,True
89,semantic_entropy,llama-3.1-8b-instant,3,201,18,1.149e-05,6.734080099995481,False,0.5793801642856949,True
89,semantic_entropy,llama-3.1-8b-instant,5,335,31,1.923e-05,11.129388899978949,False,0.4181656600790517,True
89,semantic_entropy,llama-3.1-8b-instant,10,670,60,3.83e-05,22.12263530000928,True,0.6160396270529163,True
90,verbalized_confidence,llama-3.1-8b-instant,1,126,15,7.500000000000001e-06,2.1996995999943465,False,100.0,False
90,llm_judge,llama-3.1-8b-instant,1,174,8,9.340000000000002e-06,4.390643799997633,False,,False
90,self_consistency,llama-3.1-8b-instant,1,76,6,4.2800000000000005e-06,2.191881100006867,False,1.0,False
90,self_consistency,llama-3.1-8b-instant,3,228,19,1.2920000000000002e-05,6.618019600020489,True,0.3333333333333333,False
90,self_consistency,llama-3.1-8b-instant,5,380,32,2.1560000000000004e-05,11.05494489998091,True,0.4,False
90,self_consistency,llama-3.1-8b-instant,10,760,80,4.44e-05,22.184394999960205,True,0.3,False
90,semantic_entropy,llama-3.1-8b-instant,1,76,6,4.2800000000000005e-06,2.191881100006867,False,0.0,False
90,semantic_entropy,llama-3.1-8b-instant,3,228,19,1.2920000000000002e-05,6.618019600020489,True,0.9999999999999998,False
90,semantic_entropy,llama-3.1-8b-instant,5,380,32,2.1560000000000004e-05,11.05494489998091,False,0.5904362833084089,False
90,semantic_entropy,llama-3.1-8b-instant,10,760,80,4.44e-05,22.184394999960205,True,0.7591760034688149,False
91,verbalized_confidence,llama-3.1-8b-instant,1,129,17,7.81e-06,2.207657899998594,False,100.0,True
91,llm_judge,llama-3.1-8b-instant,1,186,14,1.0420000000000002e-05,4.433246200002031,True,,True
91,self_consistency,llama-3.1-8b-instant,1,79,14,5.070000000000001e-06,2.221612700028345,False,1.0,True
91,self_consistency,llama-3.1-8b-instant,3,237,41,1.5130000000000003e-05,6.666860600031214,True,0.3333333333333333,True
91,self_consistency,llama-3.1-8b-instant,5,395,64,2.4870000000000004e-05,11.128241100057494,True,0.2,True
91,self_consistency,llama-3.1-8b-instant,10,790,143,5.094000000000001e-05,22.334652400022605,True,0.1,True
91,semantic_entropy,llama-3.1-8b-instant,1,79,14,5.070000000000001e-06,2.221612700028345,False,0.0,True
91,semantic_entropy,llama-3.1-8b-instant,3,237,41,1.5130000000000003e-05,6.666860600031214,False,-0.0,True
91,semantic_entropy,llama-3.1-8b-instant,5,395,64,2.4870000000000004e-05,11.128241100057494,False,-0.0,True
91,semantic_entropy,llama-3.1-8b-instant,10,790,143,5.094000000000001e-05,22.334652400022605,False,-0.0,True
92,verbalized_confidence,llama-3.1-8b-instant,1,117,18,7.2900000000000005e-06,2.2076141000143252,False,80.0,False
92,llm_judge,llama-3.1-8b-instant,1,181,33,1.1690000000000002e-05,4.43805979998433,False,,False
92,self_consistency,llama-3.1-8b-instant,1,67,17,4.71e-06,2.2648217000241857,False,1.0,False
92,self_consistency,llama-3.1-8b-instant,3,201,49,1.397e-05,6.712480499991216,True,0.3333333333333333,False
92,self_consistency,llama-3.1-8b-instant,5,335,77,2.2910000000000003e-05,11.14200749999145,True,0.4,False
92,self_consistency,llama-3.1-8b-instant,10,670,169,4.702000000000001e-05,22.446672100020805,True,0.2,False
92,semantic_entropy,llama-3.1-8b-instant,1,67,17,4.71e-06,2.2648217000241857,False,0.0,False
92,semantic_entropy,llama-3.1-8b-instant,3,201,49,1.397e-05,6.712480499991216,False,0.5793801642856949,False
92,semantic_entropy,llama-3.1-8b-instant,5,335,77,2.2910000000000003e-05,11.14200749999145,False,0.4181656600790517,False
92,semantic_entropy,llama-3.1-8b-instant,10,670,169,4.702000000000001e-05,22.446672100020805,False,0.389972873353915,False
93,verbalized_confidence,llama-3.1-8b-instant,1,120,16,7.280000000000001e-06,2.3404939000029117,False,100.0,False
93,llm_judge,llama-3.1-8b-instant,1,167,13,9.39e-06,4.4287692999932915,False,,False
93,self_consistency,llama-3.1-8b-instant,1,70,11,4.3799999999999996e-06,2.194240600016201,False,1.0,False
93,self_consistency,llama-3.1-8b-instant,3,210,32,1.3059999999999999e-05,6.6001787000277545,False,0.6666666666666666,False
93,self_consistency,llama-3.1-8b-instant,5,350,53,2.1739999999999995e-05,11.100437000015518,False,0.6,False
93,self_consistency,llama-3.1-8b-instant,10,700,107,4.3559999999999996e-05,22.141218900011154,False,0.7,False
93,semantic_entropy,llama-3.1-8b-instant,1,70,11,4.3799999999999996e-06,2.194240600016201,False,0.0,False
93,semantic_entropy,llama-3.1-8b-instant,3,210,32,1.3059999999999999e-05,6.6001787000277545,False,-0.0,False
93,semantic_entropy,llama-3.1-8b-instant,5,350,53,2.1739999999999995e-05,11.100437000015518,False,-0.0,False
93,semantic_entropy,llama-3.1-8b-instant,10,700,107,4.3559999999999996e-05,22.141218900011154,False,-0.0,False
94,verbalized_confidence,llama-3.1-8b-instant,1,120,18,7.44e-06,2.207245600002352,False,100.0,False
94,llm_judge,llama-3.1-8b-instant,1,167,13,9.39e-06,4.410060700000031,False,,False
94,self_consistency,llama-3.1-8b-instant,1,70,10,4.2999999999999995e-06,2.200913300010143,False,1.0,False
94,self_consistency,llama-3.1-8b-instant,3,210,29,1.282e-05,6.6305569000251126,True,0.3333333333333333,False
94,self_consistency,llama-3.1-8b-instant,5,350,52,2.166e-05,11.071620800008532,True,0.2,False
94,self_consistency,llama-3.1-8b-instant,10,700,102,4.3159999999999987e-05,22.11623200000031,True,0.4,False
94,semantic_entropy,llama-3.1-8b-instant,1,70,10,4.2999999999999995e-06,2.200913300010143,False,0.0,False
94,semantic_entropy,llama-3.1-8b-instant,3,210,29,1.282e-05,6.6305569000251126,False,-0.0,False
94,semantic_entropy,llama-3.1-8b-instant,5,350,52,2.166e-05,11.071620800008532,False,-0.0,False
94,semantic_entropy,llama-3.1-8b-instant,10,700,102,4.3159999999999987e-05,22.11623200000031,False,-0.0,False
95,verbalized_confidence,llama-3.1-8b-instant,1,119,16,7.23e-06,2.2148004999908153,False,80.0,False
95,llm_judge,llama-3.1-8b-instant,1,180,28,1.124e-05,4.448614000022644,False,,False
95,self_consistency,llama-3.1-8b-instant,1,69,16,4.7300000000000005e-06,2.226850300008664,False,1.0,False
95,self_consistency,llama-3.1-8b-instant,3,207,63,1.539e-05,6.683790900016902,True,0.3333333333333333,False
95,self_consistency,llama-3.1-8b-instant,5,345,91,2.453e-05,11.135988100024406,True,0.2,False
95,self_consistency,llama-3.1-8b-instant,10,690,196,5.018e-05,22.380623900011415,True,0.1,False
95,semantic_entropy,llama-3.1-8b-instant,1,69,16,4.7300000000000005e-06,2.226850300008664,False,0.0,False
95,semantic_entropy,llama-3.1-8b-instant,3,207,63,1.539e-05,6.683790900016902,False,0.5793801642856949,False
95,semantic_entropy,llama-3.1-8b-instant,5,345,91,2.453e-05,11.135988100024406,True,0.6554587535412857,False
95,semantic_entropy,llama-3.1-8b-instant,10,690,196,5.018e-05,22.380623900011415,False,0.44717262228329563,False
96,verbalized_confidence,llama-3.1-8b-instant,1,118,16,7.180000000000001e-06,2.216197999980068,False,100.0,True
96,llm_judge,llama-3.1-8b-instant,1,159,9,8.67e-06,4.387570699997013,False,,False
96,self_consistency,llama-3.1-8b-instant,1,68,10,4.2000000000000004e-06,2.274600900011137,False,1.0,True
96,self_consistency,llama-3.1-8b-instant,3,204,29,1.2520000000000002e-05,6.7508356000471395,False,0.6666666666666666,True
96,self_consistency,llama-3.1-8b-instant,5,340,49,2.0920000000000003e-05,11.22420340005192,True,0.4,True
96,self_consistency,llama-3.1-8b-instant,10,680,85,4.08e-05,22.318344000086654,True,0.3,False
96,semantic_entropy,llama-3.1-8b-instant,1,68,10,4.2000000000000004e-06,2.274600900011137,False,0.0,True
96,semantic_entropy,llama-3.1-8b-instant,3,204,29,1.2520000000000002e-05,6.7508356000471395,False,-0.0,True
96,semantic_entropy,llama-3.1-8b-instant,5,340,49,2.0920000000000003e-05,11.22420340005192,False,-0.0,True
96,semantic_entropy,llama-3.1-8b-instant,10,680,85,4.08e-05,22.318344000086654,False,0.2775280104064451,True
97,verbalized_confidence,llama-3.1-8b-instant,1,118,12,6.86e-06,2.228936599974986,False,100.0,True
97,llm_judge,llama-3.1-8b-instant,1,172,22,1.036e-05,4.488630500010913,False,,False
97,self_consistency,llama-3.1-8b-instant,1,68,9,4.12e-06,2.203494800021872,False,1.0,False
97,self_consistency,llama-3.1-8b-instant,3,204,49,1.412e-05,6.780320200021379,False,0.6666666666666666,False
97,self_consistency,llama-3.1-8b-instant,5,340,93,2.444e-05,11.239392600022256,True,0.4,False
97,self_consistency,llama-3.1-8b-instant,10,680,192,4.936e-05,22.36945509997895,True,0.3,False
97,semantic_entropy,llama-3.1-8b-instant,1,68,9,4.12e-06,2.203494800021872,False,0.0,False
97,semantic_entropy,llama-3.1-8b-instant,3,204,49,1.412e-05,6.780320200021379,False,-0.0,False
97,semantic_entropy,llama-3.1-8b-instant,5,340,93,2.444e-05,11.239392600022256,False,-0.0,False
97,semantic_entropy,llama-3.1-8b-instant,10,680,192,4.936e-05,22.36945509997895,False,-0.0,False
98,verbalized_confidence,llama-3.1-8b-instant,1,121,26,8.13e-06,2.229654800001299,False,90.0,False
98,llm_judge,llama-3.1-8b-instant,1,171,15,9.75e-06,4.4021732000110205,False,,False
98,self_consistency,llama-3.1-8b-instant,1,71,13,4.59e-06,2.2141117000137456,False,1.0,False
98,self_consistency,llama-3.1-8b-instant,3,213,50,1.465e-05,6.733502500021132,True,0.3333333333333333,False
98,self_consistency,llama-3.1-8b-instant,5,355,88,2.479e-05,11.201857800013386,True,0.2,False
98,self_consistency,llama-3.1-8b-instant,10,710,169,4.902e-05,22.431671900005313,True,0.1,False
98,semantic_entropy,llama-3.1-8b-instant,1,71,13,4.59e-06,2.2141117000137456,False,0.0,False
98,semantic_entropy,llama-3.1-8b-instant,3,213,50,1.465e-05,6.733502500021132,False,0.5793801642856949,False
98,semantic_entropy,llama-3.1-8b-instant,5,355,88,2.479e-05,11.201857800013386,False,0.4181656600790517,False
98,semantic_entropy,llama-3.1-8b-instant,10,710,169,4.902e-05,22.431671900005313,False,0.40969100130080566,False
99,verbalized_confidence,llama-3.1-8b-instant,1,125,13,7.29e-06,2.2209348999895155,False,80.0,False
99,llm_judge,llama-3.1-8b-instant,1,173,9,9.37e-06,4.487321099994006,False,,False
99,self_consistency,llama-3.1-8b-instant,1,75,9,4.4699999999999996e-06,2.2090197000070475,False,1.0,False
99,self_consistency,llama-3.1-8b-instant,3,225,41,1.4529999999999998e-05,6.682334299955983,True,0.3333333333333333,False
99,self_consistency,llama-3.1-8b-instant,5,375,64,2.3869999999999997e-05,11.239261299924692,True,0.2,False
99,self_consistency,llama-3.1-8b-instant,10,750,114,4.661999999999999e-05,22.531874599924777,True,0.1,False
99,semantic_entropy,llama-3.1-8b-instant,1,75,9,4.4699999999999996e-06,2.2090197000070475,False,0.0,False
99,semantic_entropy,llama-3.1-8b-instant,3,225,41,1.4529999999999998e-05,6.682334299955983,False,0.5793801642856949,False
99,semantic_entropy,llama-3.1-8b-instant,5,375,64,2.3869999999999997e-05,11.239261299924692,True,0.8277293767706428,False
99,semantic_entropy,llama-3.1-8b-instant,10,750,114,4.661999999999999e-05,22.531874599924777,True,0.6160396270529163,False
100,verbalized_confidence,llama-3.1-8b-instant,1,119,13,6.99e-06,2.2032868999813218,False,90.0,False
100,llm_judge,llama-3.1-8b-instant,1,165,13,9.29e-06,4.537541099998634,False,,False
100,self_consistency,llama-3.1-8b-instant,1,69,9,4.17e-06,2.2469154999998864,False,1.0,False
100,self_consistency,llama-3.1-8b-instant,3,207,31,1.2829999999999999e-05,6.712936299998546,True,0.3333333333333333,False
100,self_consistency,llama-3.1-8b-instant,5,345,46,2.0929999999999998e-05,11.242420599999605,True,0.2,False
100,self_consistency,llama-3.1-8b-instant,10,690,94,4.2019999999999994e-05,22.346496600017417,True,0.2,False
100,semantic_entropy,llama-3.1-8b-instant,1,69,9,4.17e-06,2.2469154999998864,False,0.0,False
100,semantic_entropy,llama-3.1-8b-instant,3,207,31,1.2829999999999999e-05,6.712936299998546,False,0.5793801642856949,False
100,semantic_entropy,llama-3.1-8b-instant,5,345,46,2.0929999999999998e-05,11.242420599999605,False,0.5904362833084089,False
100,semantic_entropy,llama-3.1-8b-instant,10,690,94,4.2019999999999994e-05,22.346496600017417,False,0.5903089986991943,False
101,verbalized_confidence,llama-3.1-8b-instant,1,144,12,8.16e-06,2.209823899989715,True,0.0,False
101,llm_judge,llama-3.1-8b-instant,1,208,7,1.096e-05,4.476279200025601,True,,True
101,self_consistency,llama-3.1-8b-instant,1,94,5,5.1e-06,2.2469695000036154,False,1.0,True
101,self_consistency,llama-3.1-8b-instant,3,282,15,1.53e-05,6.722263900010148,False,0.6666666666666666,True
101,self_consistency,llama-3.1-8b-instant,5,470,170,3.71e-05,11.54787939999369,False,0.6,True
101,self_consistency,llama-3.1-8b-instant,10,940,200,6.300000000000001e-05,22.834031699982006,False,0.5,True
101,semantic_entropy,llama-3.1-8b-instant,1,94,5,5.1e-06,2.2469695000036154,False,0.0,True
101,semantic_entropy,llama-3.1-8b-instant,3,282,15,1.53e-05,6.722263900010148,False,0.5793801642856949,True
101,semantic_entropy,llama-3.1-8b-instant,5,470,170,3.71e-05,11.54787939999369,False,0.5904362833084089,True
101,semantic_entropy,llama-3.1-8b-instant,10,940,200,6.300000000000001e-05,22.834031699982006,False,0.4729032506370175,True
102,verbalized_confidence,llama-3.1-8b-instant,1,127,15,7.5500000000000006e-06,2.2303246000083163,False,100.0,False
102,llm_judge,llama-3.1-8b-instant,1,177,10,9.65e-06,4.523843699978897,False,,False
102,self_consistency,llama-3.1-8b-instant,1,77,11,4.7300000000000005e-06,2.2145975999883376,False,1.0,False
102,self_consistency,llama-3.1-8b-instant,3,231,30,1.395e-05,6.698753999982728,True,0.3333333333333333,False
102,self_consistency,llama-3.1-8b-instant,5,385,50,2.325e-05,11.319444699998712,True,0.2,False
102,self_consistency,llama-3.1-8b-instant,10,770,94,4.602e-05,22.52575399997295,True,0.3,False
102,semantic_entropy,llama-3.1-8b-instant,1,77,11,4.7300000000000005e-06,2.2145975999883376,False,0.0,False
102,semantic_entropy,llama-3.1-8b-instant,3,231,30,1.395e-05,6.698753999982728,False,-0.0,False
102,semantic_entropy,llama-3.1-8b-instant,5,385,50,2.325e-05,11.319444699998712,False,-0.0,False
102,semantic_entropy,llama-3.1-8b-instant,10,770,94,4.602e-05,22.52575399997295,False,0.14118174150460758,False
103,verbalized_confidence,llama-3.1-8b-instant,1,124,113,1.5240000000000001e-05,2.3815992000163533,False,100.0,False
103,llm_judge,llama-3.1-8b-instant,1,249,87,1.941e-05,4.545561400009319,False,,False
103,self_consistency,llama-3.1-8b-instant,1,74,138,1.4740000000000001e-05,2.399656599998707,False,1.0,False
103,self_consistency,llama-3.1-8b-instant,3,222,310,3.5900000000000005e-05,7.216871200012974,True,0.3333333333333333,False
103,self_consistency,llama-3.1-8b-instant,5,370,429,5.2820000000000006e-05,11.794074400007958,True,0.2,False
103,self_consistency,llama-3.1-8b-instant,10,740,1119,0.00012652000000000003,23.996175400039647,True,0.1,False
103,semantic_entropy,llama-3.1-8b-instant,1,74,138,1.4740000000000001e-05,2.399656599998707,False,0.0,False
103,semantic_entropy,llama-3.1-8b-instant,3,222,310,3.5900000000000005e-05,7.216871200012974,False,0.5793801642856949,False
103,semantic_entropy,llama-3.1-8b-instant,5,370,429,5.2820000000000006e-05,11.794074400007958,False,0.31091750708257115,False
103,semantic_entropy,llama-3.1-8b-instant,10,740,1119,0.00012652000000000003,23.996175400039647,False,0.389972873353915,False
104,verbalized_confidence,llama-3.1-8b-instant,1,120,13,7.04e-06,2.2305700999859255,False,80.0,True
104,llm_judge,llama-3.1-8b-instant,1,160,6,8.48e-06,4.531360099994345,False,,True
104,self_consistency,llama-3.1-8b-instant,1,70,4,3.82e-06,2.2164938999922015,False,1.0,True
104,self_consistency,llama-3.1-8b-instant,3,210,12,1.1459999999999999e-05,6.652566500008106,False,1.0,True
104,self_consistency,llama-3.1-8b-instant,5,350,21,1.918e-05,11.085925299994415,False,1.0,True
104,self_consistency,llama-3.1-8b-instant,10,700,47,3.8759999999999995e-05,22.29889999999432,False,0.8,True
104,semantic_entropy,llama-3.1-8b-instant,1,70,4,3.82e-06,2.2164938999922015,False,0.0,True
104,semantic_entropy,llama-3.1-8b-instant,3,210,12,1.1459999999999999e-05,6.652566500008106,False,-0.0,True
104,semantic_entropy,llama-3.1-8b-instant,5,350,21,1.918e-05,11.085925299994415,False,-0.0,True
104,semantic_entropy,llama-3.1-8b-instant,10,700,47,3.8759999999999995e-05,22.29889999999432,False,0.14118174150460758,True
105,verbalized_confidence,llama-3.1-8b-instant,1,118,12,6.86e-06,2.331331199995475,False,80.0,True
105,llm_judge,llama-3.1-8b-instant,1,168,18,9.84e-06,4.604118699993705,False,,False
105,self_consistency,llama-3.1-8b-instant,1,68,7,3.96e-06,2.2202430999896023,False,1.0,False
105,self_consistency,llama-3.1-8b-instant,3,204,33,1.2839999999999999e-05,6.799953999987338,False,0.6666666666666666,False
105,self_consistency,llama-3.1-8b-instant,5,340,61,2.188e-05,11.309764699981315,True,0.4,False
105,self_consistency,llama-3.1-8b-instant,10,680,144,4.5520000000000005e-05,22.621656000002986,True,0.2,False
105,semantic_entropy,llama-3.1-8b-instant,1,68,7,3.96e-06,2.2202430999896023,False,0.0,False
105,semantic_entropy,llama-3.1-8b-instant,3,204,33,1.2839999999999999e-05,6.799953999987338,False,0.5793801642856949,False
105,semantic_entropy,llama-3.1-8b-instant,5,340,61,2.188e-05,11.309764699981315,True,0.6554587535412857,False
105,semantic_entropy,llama-3.1-8b-instant,10,680,144,4.5520000000000005e-05,22.621656000002986,True,0.8193820026016111,False
106,verbalized_confidence,llama-3.1-8b-instant,1,120,22,7.76e-06,2.2576930999930482,False,80.0,False
106,llm_judge,llama-3.1-8b-instant,1,180,26,1.1079999999999999e-05,4.555544500006363,True,,True
106,self_consistency,llama-3.1-8b-instant,1,70,50,7.5e-06,2.318784200004302,False,1.0,True
106,self_consistency,llama-3.1-8b-instant,3,210,125,2.05e-05,6.908452200004831,True,0.3333333333333333,True
106,self_consistency,llama-3.1-8b-instant,5,350,182,3.206e-05,11.405509100004565,True,0.2,True
106,self_consistency,llama-3.1-8b-instant,10,700,369,6.452e-05,22.901636700029485,True,0.1,True
106,semantic_entropy,llama-3.1-8b-instant,1,70,50,7.5e-06,2.318784200004302,False,0.0,True
106,semantic_entropy,llama-3.1-8b-instant,3,210,125,2.05e-05,6.908452200004831,False,-0.0,True
106,semantic_entropy,llama-3.1-8b-instant,5,350,182,3.206e-05,11.405509100004565,False,-0.0,True
106,semantic_entropy,llama-3.1-8b-instant,10,700,369,6.452e-05,22.901636700029485,False,-0.0,True
107,verbalized_confidence,llama-3.1-8b-instant,1,122,26,8.18e-06,2.2977053999784403,False,80.0,False
107,llm_judge,llama-3.1-8b-instant,1,191,33,1.219e-05,4.453922799992142,False,,False
107,self_consistency,llama-3.1-8b-instant,1,72,30,6e-06,2.2522133000020403,False,1.0,False
107,self_consistency,llama-3.1-8b-instant,3,216,98,1.864e-05,6.756137599993963,True,0.3333333333333333,False
107,self_consistency,llama-3.1-8b-instant,5,360,168,3.1440000000000004e-05,11.383853799983626,True,0.2,False
107,self_consistency,llama-3.1-8b-instant,10,720,345,6.36e-05,22.759668099984992,True,0.1,False
107,semantic_entropy,llama-3.1-8b-instant,1,72,30,6e-06,2.2522133000020403,False,0.0,False
107,semantic_entropy,llama-3.1-8b-instant,3,216,98,1.864e-05,6.756137599993963,False,0.5793801642856949,False
107,semantic_entropy,llama-3.1-8b-instant,5,360,168,3.1440000000000004e-05,11.383853799983626,False,0.5904362833084089,False
107,semantic_entropy,llama-3.1-8b-instant,10,720,345,6.36e-05,22.759668099984992,True,0.6160396270529163,False
108,verbalized_confidence,llama-3.1-8b-instant,1,127,12,7.31e-06,2.3065598999965005,False,80.0,True
108,llm_judge,llama-3.1-8b-instant,1,184,16,1.0480000000000001e-05,4.5274026000115555,False,,True
108,self_consistency,llama-3.1-8b-instant,1,77,14,4.970000000000001e-06,2.226149499998428,False,1.0,True
108,self_consistency,llama-3.1-8b-instant,3,231,37,1.4510000000000002e-05,6.685118000023067,True,0.3333333333333333,True
108,self_consistency,llama-3.1-8b-instant,5,385,72,2.501e-05,11.168298800010234,True,0.2,True
108,self_consistency,llama-3.1-8b-instant,10,770,156,5.0979999999999996e-05,22.29128120004316,True,0.1,True
108,semantic_entropy,llama-3.1-8b-instant,1,77,14,4.970000000000001e-06,2.226149499998428,False,0.0,True
108,semantic_entropy,llama-3.1-8b-instant,3,231,37,1.4510000000000002e-05,6.685118000023067,True,0.9999999999999998,True
108,semantic_entropy,llama-3.1-8b-instant,5,385,72,2.501e-05,11.168298800010234,True,0.8277293767706428,True
108,semantic_entropy,llama-3.1-8b-instant,10,770,156,5.0979999999999996e-05,22.29128120004316,False,0.5903089986991943,True
109,verbalized_confidence,llama-3.1-8b-instant,1,143,12,8.109999999999999e-06,2.2325863000005484,False,100.0,False
109,llm_judge,llama-3.1-8b-instant,1,205,6,1.073e-05,4.410929800011218,False,,False
109,self_consistency,llama-3.1-8b-instant,1,93,8,5.29e-06,2.1992528999981005,False,1.0,True
109,self_consistency,llama-3.1-8b-instant,3,279,16,1.5230000000000002e-05,6.6040644999884535,False,0.6666666666666666,False
109,self_consistency,llama-3.1-8b-instant,5,465,24,2.5170000000000005e-05,11.05582580002374,False,0.8,False
109,self_consistency,llama-3.1-8b-instant,10,930,44,5.002000000000001e-05,22.11873120002565,False,0.9,False
109,semantic_entropy,llama-3.1-8b-instant,1,93,8,5.29e-06,2.1992528999981005,False,0.0,True
109,semantic_entropy,llama-3.1-8b-instant,3,279,16,1.5230000000000002e-05,6.6040644999884535,False,0.5793801642856949,True
109,semantic_entropy,llama-3.1-8b-instant,5,465,24,2.5170000000000005e-05,11.05582580002374,False,0.31091750708257115,True
109,semantic_entropy,llama-3.1-8b-instant,10,930,44,5.002000000000001e-05,22.11873120002565,False,0.14118174150460758,True
110,verbalized_confidence,llama-3.1-8b-instant,1,122,13,7.14e-06,2.208105100027751,False,100.0,False
110,llm_judge,llama-3.1-8b-instant,1,172,14,9.72e-06,4.417579900007695,True,,False
110,self_consistency,llama-3.1-8b-instant,1,72,27,5.76e-06,2.2867568000219762,False,1.0,True
110,self_consistency,llama-3.1-8b-instant,3,216,56,1.528e-05,6.740850199974375,True,0.3333333333333333,True
110,self_consistency,llama-3.1-8b-instant,5,360,89,2.5120000000000003e-05,11.22164839998004,True,0.2,True
110,self_consistency,llama-3.1-8b-instant,10,720,139,4.712e-05,22.502096099953633,True,0.1,True
110,semantic_entropy,llama-3.1-8b-instant,1,72,27,5.76e-06,2.2867568000219762,False,0.0,True
110,semantic_entropy,llama-3.1-8b-instant,3,216,56,1.528e-05,6.740850199974375,True,0.9999999999999998,True
110,semantic_entropy,llama-3.1-8b-instant,5,360,89,2.5120000000000003e-05,11.22164839998004,True,1.0000000000000002,True
110,semantic_entropy,llama-3.1-8b-instant,10,720,139,4.712e-05,22.502096099953633,True,0.9999999999999998,True
111,verbalized_confidence,llama-3.1-8b-instant,1,134,14,7.82e-06,2.2128201999876183,False,90.0,True
111,llm_judge,llama-3.1-8b-instant,1,194,12,1.066e-05,4.412408699980006,False,,True
111,self_consistency,llama-3.1-8b-instant,1,84,10,5e-06,2.2383196000009775,False,1.0,False
111,self_consistency,llama-3.1-8b-instant,3,252,28,1.484e-05,6.669906800001627,False,0.6666666666666666,False
111,self_consistency,llama-3.1-8b-instant,5,420,47,2.476e-05,11.176361999998335,True,0.4,False
111,self_consistency,llama-3.1-8b-instant,10,840,96,4.968e-05,22.269757999980357,True,0.4,False
111,semantic_entropy,llama-3.1-8b-instant,1,84,10,5e-06,2.2383196000009775,False,0.0,False
111,semantic_entropy,llama-3.1-8b-instant,3,252,28,1.484e-05,6.669906800001627,False,0.5793801642856949,False
111,semantic_entropy,llama-3.1-8b-instant,5,420,47,2.476e-05,11.176361999998335,True,0.6554587535412857,False
111,semantic_entropy,llama-3.1-8b-instant,10,840,96,4.968e-05,22.269757999980357,False,0.40969100130080555,False
112,verbalized_confidence,llama-3.1-8b-instant,1,123,12,7.1100000000000005e-06,2.2784596999990754,False,90.0,False
112,llm_judge,llama-3.1-8b-instant,1,176,16,1.0080000000000002e-05,4.433839100005571,False,,False
112,self_consistency,llama-3.1-8b-instant,1,73,15,4.85e-06,2.2172319999954198,False,1.0,False
112,self_consistency,llama-3.1-8b-instant,3,219,42,1.431e-05,6.76558439998189,True,0.3333333333333333,False
112,self_consistency,llama-3.1-8b-instant,5,365,70,2.385e-05,11.401682699972298,True,0.2,False
112,self_consistency,llama-3.1-8b-instant,10,730,139,4.7619999999999995e-05,22.557926800014684,True,0.4,False
112,semantic_entropy,llama-3.1-8b-instant,1,73,15,4.85e-06,2.2172319999954198,False,0.0,False
112,semantic_entropy,llama-3.1-8b-instant,3,219,42,1.431e-05,6.76558439998189,False,-0.0,False
112,semantic_entropy,llama-3.1-8b-instant,5,365,70,2.385e-05,11.401682699972298,False,-0.0,False
112,semantic_entropy,llama-3.1-8b-instant,10,730,139,4.7619999999999995e-05,22.557926800014684,False,-0.0,False
113,verbalized_confidence,llama-3.1-8b-instant,1,127,12,7.31e-06,2.209412500000326,False,80.0,True
113,llm_judge,llama-3.1-8b-instant,1,190,22,1.126e-05,4.459290900005726,False,,True
113,self_consistency,llama-3.1-8b-instant,1,77,32,6.4100000000000005e-06,2.267223099974217,False,1.0,False
113,self_consistency,llama-3.1-8b-instant,3,231,76,1.7630000000000002e-05,7.047292599978391,True,0.3333333333333333,False
113,self_consistency,llama-3.1-8b-instant,5,385,152,3.141e-05,11.65153829997871,True,0.2,False
113,self_consistency,llama-3.1-8b-instant,10,770,244,5.8020000000000004e-05,22.820677699986845,True,0.1,False
113,semantic_entropy,llama-3.1-8b-instant,1,77,32,6.4100000000000005e-06,2.267223099974217,False,0.0,False
113,semantic_entropy,llama-3.1-8b-instant,3,231,76,1.7630000000000002e-05,7.047292599978391,False,-0.0,False
113,semantic_entropy,llama-3.1-8b-instant,5,385,152,3.141e-05,11.65153829997871,False,-0.0,False
113,semantic_entropy,llama-3.1-8b-instant,10,770,244,5.8020000000000004e-05,22.820677699986845,False,0.14118174150460758,False
114,verbalized_confidence,llama-3.1-8b-instant,1,135,18,8.19e-06,2.21956689999206,True,20.0,False
114,llm_judge,llama-3.1-8b-instant,1,195,11,1.063e-05,4.447834099992178,False,,False
114,self_consistency,llama-3.1-8b-instant,1,85,15,5.45e-06,2.2122518999967724,False,1.0,False
114,self_consistency,llama-3.1-8b-instant,3,255,31,1.523e-05,6.768849299987778,True,0.3333333333333333,False
114,self_consistency,llama-3.1-8b-instant,5,425,44,2.477e-05,11.315590599988354,True,0.2,False
114,self_consistency,llama-3.1-8b-instant,10,850,89,4.9619999999999996e-05,22.626095399988117,True,0.1,False
114,semantic_entropy,llama-3.1-8b-instant,1,85,15,5.45e-06,2.2122518999967724,False,0.0,False
114,semantic_entropy,llama-3.1-8b-instant,3,255,31,1.523e-05,6.768849299987778,True,0.9999999999999998,False
114,semantic_entropy,llama-3.1-8b-instant,5,425,44,2.477e-05,11.315590599988354,True,0.8277293767706428,False
114,semantic_entropy,llama-3.1-8b-instant,10,850,89,4.9619999999999996e-05,22.626095399988117,True,0.7364516253185087,False
115,verbalized_confidence,llama-3.1-8b-instant,1,119,14,7.07e-06,2.233687700005248,False,80.0,False
115,llm_judge,llama-3.1-8b-instant,1,160,9,8.72e-06,4.389128400012851,False,,False
115,self_consistency,llama-3.1-8b-instant,1,69,7,4.01e-06,2.199173000000883,False,1.0,False
115,self_consistency,llama-3.1-8b-instant,3,207,22,1.211e-05,6.602792199992109,True,0.3333333333333333,False
115,self_consistency,llama-3.1-8b-instant,5,345,39,2.0369999999999996e-05,11.059478599985596,True,0.4,False
115,self_consistency,llama-3.1-8b-instant,10,690,87,4.146e-05,22.201962599996477,True,0.3,False
115,semantic_entropy,llama-3.1-8b-instant,1,69,7,4.01e-06,2.199173000000883,False,0.0,False
115,semantic_entropy,llama-3.1-8b-instant,3,207,22,1.211e-05,6.602792199992109,False,0.5793801642856949,False
115,semantic_entropy,llama-3.1-8b-instant,5,345,39,2.0369999999999996e-05,11.059478599985596,False,0.4181656600790517,False
115,semantic_entropy,llama-3.1-8b-instant,10,690,87,4.146e-05,22.201962599996477,False,0.29228525323862886,False
116,verbalized_confidence,llama-3.1-8b-instant,1,124,14,7.32e-06,2.2252985000086483,False,80.0,False
116,llm_judge,llama-3.1-8b-instant,1,174,12,9.659999999999999e-06,4.537259099975927,False,,False
116,self_consistency,llama-3.1-8b-instant,1,74,10,4.5e-06,2.206275500007905,False,1.0,False
116,self_consistency,llama-3.1-8b-instant,3,222,31,1.358e-05,6.640429899998708,True,0.3333333333333333,False
116,self_consistency,llama-3.1-8b-instant,5,370,53,2.274e-05,11.208656600007089,True,0.2,False
116,self_consistency,llama-3.1-8b-instant,10,740,118,4.6439999999999996e-05,22.490239700011443,True,0.3,False
116,semantic_entropy,llama-3.1-8b-instant,1,74,10,4.5e-06,2.206275500007905,False,0.0,False
116,semantic_entropy,llama-3.1-8b-instant,3,222,31,1.358e-05,6.640429899998708,False,0.5793801642856949,False
116,semantic_entropy,llama-3.1-8b-instant,5,370,53,2.274e-05,11.208656600007089,True,0.6554587535412857,False
116,semantic_entropy,llama-3.1-8b-instant,10,740,118,4.6439999999999996e-05,22.490239700011443,False,0.5301029995663982,False
117,verbalized_confidence,llama-3.1-8b-instant,1,119,15,7.15e-06,2.212803600006737,False,100.0,True
117,llm_judge,llama-3.1-8b-instant,1,160,8,8.64e-06,4.424778599990532,True,,True
117,self_consistency,llama-3.1-8b-instant,1,69,6,3.9300000000000005e-06,2.3057014000078198,False,1.0,True
117,self_consistency,llama-3.1-8b-instant,3,207,18,1.179e-05,6.712770100013586,False,1.0,True
117,self_consistency,llama-3.1-8b-instant,5,345,30,1.9650000000000003e-05,11.146537199994782,False,1.0,True
117,self_consistency,llama-3.1-8b-instant,10,690,60,3.93e-05,22.282043699990027,False,1.0,True
117,semantic_entropy,llama-3.1-8b-instant,1,69,6,3.9300000000000005e-06,2.3057014000078198,False,0.0,True
117,semantic_entropy,llama-3.1-8b-instant,3,207,18,1.179e-05,6.712770100013586,False,-0.0,True
117,semantic_entropy,llama-3.1-8b-instant,5,345,30,1.9650000000000003e-05,11.146537199994782,False,-0.0,True
117,semantic_entropy,llama-3.1-8b-instant,10,690,60,3.93e-05,22.282043699990027,False,-0.0,True
118,verbalized_confidence,llama-3.1-8b-instant,1,118,12,6.86e-06,2.2047462000045925,False,100.0,False
118,llm_judge,llama-3.1-8b-instant,1,160,10,8.8e-06,4.462500199995702,True,,False
118,self_consistency,llama-3.1-8b-instant,1,68,7,3.96e-06,2.2134237000136636,False,1.0,False
118,self_consistency,llama-3.1-8b-instant,3,204,20,1.18e-05,6.648553100036224,True,0.3333333333333333,False
118,self_consistency,llama-3.1-8b-instant,5,340,46,2.0680000000000002e-05,11.283151400042698,True,0.2,False
118,self_consistency,llama-3.1-8b-instant,10,680,106,4.248000000000001e-05,22.828399500023806,True,0.1,False
118,semantic_entropy,llama-3.1-8b-instant,1,68,7,3.96e-06,2.2134237000136636,False,0.0,False
118,semantic_entropy,llama-3.1-8b-instant,3,204,20,1.18e-05,6.648553100036224,True,0.9999999999999998,False
118,semantic_entropy,llama-3.1-8b-instant,5,340,46,2.0680000000000002e-05,11.283151400042698,True,0.8277293767706428,False
118,semantic_entropy,llama-3.1-8b-instant,10,680,106,4.248000000000001e-05,22.828399500023806,True,0.8193820026016112,False
119,verbalized_confidence,llama-3.1-8b-instant,1,124,12,7.16e-06,2.2820887000125367,False,80.0,False
119,llm_judge,llama-3.1-8b-instant,1,167,6,8.830000000000002e-06,4.502536700019846,False,,False
119,self_consistency,llama-3.1-8b-instant,1,74,3,3.94e-06,2.230170700000599,False,1.0,False
119,self_consistency,llama-3.1-8b-instant,3,222,10,1.1900000000000001e-05,6.788602599990554,False,0.6666666666666666,False
119,self_consistency,llama-3.1-8b-instant,5,370,16,1.978e-05,11.242461399990134,False,0.6,False
119,self_consistency,llama-3.1-8b-instant,10,740,34,3.972e-05,22.610645799984923,False,0.5,False
119,semantic_entropy,llama-3.1-8b-instant,1,74,3,3.94e-06,2.230170700000599,False,0.0,False
119,semantic_entropy,llama-3.1-8b-instant,3,222,10,1.1900000000000001e-05,6.788602599990554,False,0.5793801642856949,False
119,semantic_entropy,llama-3.1-8b-instant,5,370,16,1.978e-05,11.242461399990134,False,0.5904362833084089,False
119,semantic_entropy,llama-3.1-8b-instant,10,740,34,3.972e-05,22.610645799984923,False,0.5301029995663981,False
120,verbalized_confidence,llama-3.1-8b-instant,1,118,12,6.86e-06,2.2232526000007056,False,80.0,True
120,llm_judge,llama-3.1-8b-instant,1,163,13,9.190000000000002e-06,4.443529499985743,False,,False
120,self_consistency,llama-3.1-8b-instant,1,68,18,4.84e-06,2.35904730000766,False,1.0,False
120,self_consistency,llama-3.1-8b-instant,3,204,40,1.34e-05,6.868498299998464,True,0.3333333333333333,False
120,self_consistency,llama-3.1-8b-instant,5,340,75,2.3000000000000003e-05,11.34232430002885,True,0.2,False
120,self_consistency,llama-3.1-8b-instant,10,680,175,4.800000000000001e-05,22.68901459997869,True,0.1,False
120,semantic_entropy,llama-3.1-8b-instant,1,68,18,4.84e-06,2.35904730000766,False,0.0,False
120,semantic_entropy,llama-3.1-8b-instant,3,204,40,1.34e-05,6.868498299998464,False,-0.0,False
120,semantic_entropy,llama-3.1-8b-instant,5,340,75,2.3000000000000003e-05,11.34232430002885,False,0.31091750708257115,False
120,semantic_entropy,llama-3.1-8b-instant,10,680,175,4.800000000000001e-05,22.68901459997869,False,0.40843137199002016,False
121,verbalized_confidence,llama-3.1-8b-instant,1,121,19,7.57e-06,2.232222599996021,False,90.0,False
121,llm_judge,llama-3.1-8b-instant,1,171,15,9.75e-06,4.4335413000080734,False,,False
121,self_consistency,llama-3.1-8b-instant,1,71,13,4.59e-06,2.3274453000049107,False,1.0,False
121,self_consistency,llama-3.1-8b-instant,3,213,44,1.4170000000000002e-05,6.783063700015191,True,0.3333333333333333,False
121,self_consistency,llama-3.1-8b-instant,5,355,70,2.3350000000000005e-05,11.328009100019699,True,0.4,False
121,self_consistency,llama-3.1-8b-instant,10,710,131,4.598000000000001e-05,22.545005800027866,True,0.3,False
121,semantic_entropy,llama-3.1-8b-instant,1,71,13,4.59e-06,2.3274453000049107,False,0.0,False
121,semantic_entropy,llama-3.1-8b-instant,3,213,44,1.4170000000000002e-05,6.783063700015191,False,-0.0,False
121,semantic_entropy,llama-3.1-8b-instant,5,355,70,2.3350000000000005e-05,11.328009100019699,False,-0.0,False
121,semantic_entropy,llama-3.1-8b-instant,10,710,131,4.598000000000001e-05,22.545005800027866,False,0.14118174150460758,False
122,verbalized_confidence,llama-3.1-8b-instant,1,137,12,7.81e-06,2.329918900009943,False,100.0,True
122,llm_judge,llama-3.1-8b-instant,1,193,6,1.0130000000000003e-05,4.562754299986409,False,,True
122,self_consistency,llama-3.1-8b-instant,1,87,4,4.670000000000001e-06,2.3371031999995466,False,1.0,True
122,self_consistency,llama-3.1-8b-instant,3,261,11,1.3930000000000004e-05,6.748838600004092,False,1.0,True
122,self_consistency,llama-3.1-8b-instant,5,435,19,2.3270000000000006e-05,11.18983840002329,False,1.0,True
122,self_consistency,llama-3.1-8b-instant,10,870,39,4.662000000000001e-05,22.282707700011088,False,1.0,True
122,semantic_entropy,llama-3.1-8b-instant,1,87,4,4.670000000000001e-06,2.3371031999995466,False,0.0,True
122,semantic_entropy,llama-3.1-8b-instant,3,261,11,1.3930000000000004e-05,6.748838600004092,False,-0.0,True
122,semantic_entropy,llama-3.1-8b-instant,5,435,19,2.3270000000000006e-05,11.18983840002329,False,-0.0,True
122,semantic_entropy,llama-3.1-8b-instant,10,870,39,4.662000000000001e-05,22.282707700011088,False,-0.0,True
123,verbalized_confidence,llama-3.1-8b-instant,1,117,16,7.130000000000001e-06,2.2613793999771588,False,80.0,False
123,llm_judge,llama-3.1-8b-instant,1,157,9,8.570000000000001e-06,4.411832699988736,False,,False
123,self_consistency,llama-3.1-8b-instant,1,67,10,4.15e-06,2.214256499981275,False,1.0,False
123,self_consistency,llama-3.1-8b-instant,3,201,24,1.197e-05,6.649189199961256,True,0.3333333333333333,False
123,self_consistency,llama-3.1-8b-instant,5,335,38,1.979e-05,11.085847799957264,True,0.4,False
123,self_consistency,llama-3.1-8b-instant,10,670,85,4.0300000000000004e-05,22.260909299977357,True,0.4,False
123,semantic_entropy,llama-3.1-8b-instant,1,67,10,4.15e-06,2.214256499981275,False,0.0,False
123,semantic_entropy,llama-3.1-8b-instant,3,201,24,1.197e-05,6.649189199961256,False,0.5793801642856949,False
123,semantic_entropy,llama-3.1-8b-instant,5,335,38,1.979e-05,11.085847799957264,False,0.4181656600790517,False
123,semantic_entropy,llama-3.1-8b-instant,10,670,85,4.0300000000000004e-05,22.260909299977357,False,0.40969100130080566,False
124,verbalized_confidence,llama-3.1-8b-instant,1,118,27,8.06e-06,2.223183900001459,True,0.0,False
124,llm_judge,llama-3.1-8b-instant,1,168,18,9.84e-06,4.405698699993081,False,,False
124,self_consistency,llama-3.1-8b-instant,1,68,16,4.680000000000001e-06,2.2392492000071798,False,1.0,False
124,self_consistency,llama-3.1-8b-instant,3,204,37,1.3160000000000003e-05,6.783067799988203,True,0.3333333333333333,False
124,self_consistency,llama-3.1-8b-instant,5,340,153,2.9240000000000005e-05,11.757517999969423,True,0.2,False
124,self_consistency,llama-3.1-8b-instant,10,680,264,5.512e-05,23.077932199958013,True,0.1,False
124,semantic_entropy,llama-3.1-8b-instant,1,68,16,4.680000000000001e-06,2.2392492000071798,False,0.0,False
124,semantic_entropy,llama-3.1-8b-instant,3,204,37,1.3160000000000003e-05,6.783067799988203,True,0.9999999999999998,False
124,semantic_entropy,llama-3.1-8b-instant,5,340,153,2.9240000000000005e-05,11.757517999969423,True,0.8277293767706428,False
124,semantic_entropy,llama-3.1-8b-instant,10,680,264,5.512e-05,23.077932199958013,True,0.7591760034688149,False
125,verbalized_confidence,llama-3.1-8b-instant,1,119,38,8.99e-06,2.2709772000089288,False,80.0,False
125,llm_judge,llama-3.1-8b-instant,1,174,23,1.054e-05,4.422163599985652,False,,False
125,self_consistency,llama-3.1-8b-instant,1,69,38,6.4900000000000005e-06,2.3892231000063475,False,1.0,False
125,self_consistency,llama-3.1-8b-instant,3,207,75,1.635e-05,6.891341900016414,True,0.3333333333333333,False
125,self_consistency,llama-3.1-8b-instant,5,345,119,2.6770000000000003e-05,11.35184980003396,True,0.2,False
125,self_consistency,llama-3.1-8b-instant,10,690,221,5.218e-05,22.53780080002616,True,0.1,False
125,semantic_entropy,llama-3.1-8b-instant,1,69,38,6.4900000000000005e-06,2.3892231000063475,False,0.0,False
125,semantic_entropy,llama-3.1-8b-instant,3,207,75,1.635e-05,6.891341900016414,False,0.5793801642856949,False
125,semantic_entropy,llama-3.1-8b-instant,5,345,119,2.6770000000000003e-05,11.35184980003396,False,0.31091750708257115,False
125,semantic_entropy,llama-3.1-8b-instant,10,690,221,5.218e-05,22.53780080002616,False,0.2652949955741215,False
126,verbalized_confidence,llama-3.1-8b-instant,1,120,12,6.96e-06,2.213086400006432,False,100.0,False
126,llm_judge,llama-3.1-8b-instant,1,179,25,1.095e-05,4.454845700005535,False,,False
126,self_consistency,llama-3.1-8b-instant,1,70,18,4.939999999999999e-06,2.2741499999829102,False,1.0,False
126,self_consistency,llama-3.1-8b-instant,3,210,42,1.3859999999999998e-05,6.772005199978594,True,0.3333333333333333,False
126,self_consistency,llama-3.1-8b-instant,5,350,75,2.35e-05,11.224765699967975,True,0.2,False
126,self_consistency,llama-3.1-8b-instant,10,700,158,4.763999999999999e-05,22.63883159996476,True,0.1,False
126,semantic_entropy,llama-3.1-8b-instant,1,70,18,4.939999999999999e-06,2.2741499999829102,False,0.0,False
126,semantic_entropy,llama-3.1-8b-instant,3,210,42,1.3859999999999998e-05,6.772005199978594,True,0.9999999999999998,False
126,semantic_entropy,llama-3.1-8b-instant,5,350,75,2.35e-05,11.224765699967975,True,1.0000000000000002,False
126,semantic_entropy,llama-3.1-8b-instant,10,700,158,4.763999999999999e-05,22.63883159996476,True,0.6535212480354062,False
127,verbalized_confidence,llama-3.1-8b-instant,1,132,12,7.5600000000000005e-06,2.264105100010056,False,100.0,False
127,llm_judge,llama-3.1-8b-instant,1,184,6,9.680000000000002e-06,4.506693500006804,False,,False
127,self_consistency,llama-3.1-8b-instant,1,82,4,4.420000000000001e-06,2.2136440000031143,False,1.0,False
127,self_consistency,llama-3.1-8b-instant,3,246,12,1.3260000000000002e-05,6.7740919000061695,False,1.0,False
127,self_consistency,llama-3.1-8b-instant,5,410,26,2.2580000000000004e-05,11.15151229998446,False,0.8,False
127,self_consistency,llama-3.1-8b-instant,10,820,46,4.468000000000001e-05,22.309347800008254,False,0.8,False
127,semantic_entropy,llama-3.1-8b-instant,1,82,4,4.420000000000001e-06,2.2136440000031143,False,0.0,False
127,semantic_entropy,llama-3.1-8b-instant,3,246,12,1.3260000000000002e-05,6.7740919000061695,False,-0.0,False
127,semantic_entropy,llama-3.1-8b-instant,5,410,26,2.2580000000000004e-05,11.15151229998446,False,-0.0,False
127,semantic_entropy,llama-3.1-8b-instant,10,820,46,4.468000000000001e-05,22.309347800008254,False,0.14118174150460758,False
128,verbalized_confidence,llama-3.1-8b-instant,1,124,19,7.72e-06,2.328451600013068,False,80.0,False
128,llm_judge,llama-3.1-8b-instant,1,172,11,9.48e-06,4.439209400006803,False,,True
128,self_consistency,llama-3.1-8b-instant,1,74,11,4.58e-06,2.213700400025118,False,1.0,False
128,self_consistency,llama-3.1-8b-instant,3,222,44,1.4620000000000002e-05,6.668153600010555,True,0.3333333333333333,False
128,self_consistency,llama-3.1-8b-instant,5,370,68,2.394e-05,11.231045199994696,True,0.2,False
128,self_consistency,llama-3.1-8b-instant,10,740,138,4.804000000000001e-05,22.472099600039655,True,0.1,False
128,semantic_entropy,llama-3.1-8b-instant,1,74,11,4.58e-06,2.213700400025118,False,0.0,False
128,semantic_entropy,llama-3.1-8b-instant,3,222,44,1.4620000000000002e-05,6.668153600010555,False,0.5793801642856949,False
128,semantic_entropy,llama-3.1-8b-instant,5,370,68,2.394e-05,11.231045199994696,False,0.4181656600790517,False
128,semantic_entropy,llama-3.1-8b-instant,10,740,138,4.804000000000001e-05,22.472099600039655,False,0.30102999566398114,False
129,verbalized_confidence,llama-3.1-8b-instant,1,121,18,7.49e-06,2.2191904000064824,False,80.0,False
129,llm_judge,llama-3.1-8b-instant,1,167,11,9.230000000000001e-06,4.5434290999837685,True,,False
129,self_consistency,llama-3.1-8b-instant,1,71,9,4.270000000000001e-06,2.212676299997838,False,1.0,False
129,self_consistency,llama-3.1-8b-instant,3,213,27,1.2810000000000001e-05,6.617225199996028,False,1.0,False
129,self_consistency,llama-3.1-8b-instant,5,355,45,2.1350000000000004e-05,11.212100299977465,False,0.8,False
129,self_consistency,llama-3.1-8b-instant,10,710,90,4.27e-05,22.19705669998075,False,0.9,False
129,semantic_entropy,llama-3.1-8b-instant,1,71,9,4.270000000000001e-06,2.212676299997838,False,0.0,False
129,semantic_entropy,llama-3.1-8b-instant,3,213,27,1.2810000000000001e-05,6.617225199996028,False,-0.0,False
129,semantic_entropy,llama-3.1-8b-instant,5,355,45,2.1350000000000004e-05,11.212100299977465,False,-0.0,False
129,semantic_entropy,llama-3.1-8b-instant,10,710,90,4.27e-05,22.19705669998075,False,-0.0,False
130,verbalized_confidence,llama-3.1-8b-instant,1,119,13,6.99e-06,2.195846199989319,False,100.0,False
130,llm_judge,llama-3.1-8b-instant,1,173,21,1.0330000000000001e-05,4.454996999993455,False,,False
130,self_consistency,llama-3.1-8b-instant,1,69,18,4.890000000000001e-06,2.235192799998913,False,1.0,False
130,self_consistency,llama-3.1-8b-instant,3,207,56,1.4830000000000002e-05,6.746286799985683,False,0.6666666666666666,False
130,self_consistency,llama-3.1-8b-instant,5,345,92,2.4610000000000003e-05,11.169462699996075,True,0.4,False
130,self_consistency,llama-3.1-8b-instant,10,690,187,4.946000000000001e-05,22.401400799979456,True,0.4,False
130,semantic_entropy,llama-3.1-8b-instant,1,69,18,4.890000000000001e-06,2.235192799998913,False,0.0,False
130,semantic_entropy,llama-3.1-8b-instant,3,207,56,1.4830000000000002e-05,6.746286799985683,False,-0.0,False
130,semantic_entropy,llama-3.1-8b-instant,5,345,92,2.4610000000000003e-05,11.169462699996075,False,-0.0,False
130,semantic_entropy,llama-3.1-8b-instant,10,690,187,4.946000000000001e-05,22.401400799979456,False,-0.0,False
131,verbalized_confidence,llama-3.1-8b-instant,1,135,18,8.19e-06,2.227669500018237,False,80.0,True
131,llm_judge,llama-3.1-8b-instant,1,195,11,1.063e-05,4.420977000001585,True,,True
131,self_consistency,llama-3.1-8b-instant,1,85,8,4.89e-06,2.2059647999994922,False,1.0,False
131,self_consistency,llama-3.1-8b-instant,3,255,32,1.531e-05,6.625855400023283,True,0.3333333333333333,False
131,self_consistency,llama-3.1-8b-instant,5,425,59,2.5970000000000004e-05,11.224099700018996,True,0.2,False
131,self_consistency,llama-3.1-8b-instant,10,850,121,5.2180000000000005e-05,22.39140750002116,True,0.1,False
131,semantic_entropy,llama-3.1-8b-instant,1,85,8,4.89e-06,2.2059647999994922,False,0.0,False
131,semantic_entropy,llama-3.1-8b-instant,3,255,32,1.531e-05,6.625855400023283,True,0.9999999999999998,False
131,semantic_entropy,llama-3.1-8b-instant,5,425,59,2.5970000000000004e-05,11.224099700018996,True,0.6554587535412857,False
131,semantic_entropy,llama-3.1-8b-instant,10,850,121,5.2180000000000005e-05,22.39140750002116,False,0.55583362792012,False
132,verbalized_confidence,llama-3.1-8b-instant,1,124,12,7.16e-06,2.203300599998329,False,90.0,True
132,llm_judge,llama-3.1-8b-instant,1,178,16,1.018e-05,4.426517799991416,False,,False
132,self_consistency,llama-3.1-8b-instant,1,74,10,4.5e-06,2.324607799993828,False,1.0,False
132,self_consistency,llama-3.1-8b-instant,3,222,41,1.4380000000000001e-05,6.997853899985785,True,0.3333333333333333,False
132,self_consistency,llama-3.1-8b-instant,5,370,59,2.322e-05,11.438790499989409,True,0.2,False
132,self_consistency,llama-3.1-8b-instant,10,740,133,4.7640000000000005e-05,22.685267599998042,True,0.1,False
132,semantic_entropy,llama-3.1-8b-instant,1,74,10,4.5e-06,2.324607799993828,False,0.0,False
132,semantic_entropy,llama-3.1-8b-instant,3,222,41,1.4380000000000001e-05,6.997853899985785,True,0.9999999999999998,False
132,semantic_entropy,llama-3.1-8b-instant,5,370,59,2.322e-05,11.438790499989409,True,1.0000000000000002,False
132,semantic_entropy,llama-3.1-8b-instant,10,740,133,4.7640000000000005e-05,22.685267599998042,True,0.856863623584101,False
133,verbalized_confidence,llama-3.1-8b-instant,1,138,12,7.860000000000001e-06,2.2669243999989703,False,100.0,True
133,llm_judge,llama-3.1-8b-instant,1,196,6,1.028e-05,4.5252093999879435,True,,True
133,self_consistency,llama-3.1-8b-instant,1,88,3,4.6400000000000005e-06,2.3007176999817602,False,1.0,True
133,self_consistency,llama-3.1-8b-instant,3,264,11,1.4080000000000002e-05,6.68339210000704,False,1.0,True
133,self_consistency,llama-3.1-8b-instant,5,440,19,2.3520000000000005e-05,11.106581000000006,False,1.0,True
133,self_consistency,llama-3.1-8b-instant,10,880,39,4.7120000000000016e-05,22.187552199990023,False,0.8,True
133,semantic_entropy,llama-3.1-8b-instant,1,88,3,4.6400000000000005e-06,2.3007176999817602,False,0.0,True
133,semantic_entropy,llama-3.1-8b-instant,3,264,11,1.4080000000000002e-05,6.68339210000704,False,-0.0,True
133,semantic_entropy,llama-3.1-8b-instant,5,440,19,2.3520000000000005e-05,11.106581000000006,False,-0.0,True
133,semantic_entropy,llama-3.1-8b-instant,10,880,39,4.7120000000000016e-05,22.187552199990023,False,0.21732201127364886,True
134,verbalized_confidence,llama-3.1-8b-instant,1,124,12,7.16e-06,2.345483300014166,False,80.0,True
134,llm_judge,llama-3.1-8b-instant,1,180,18,1.0440000000000002e-05,4.533679900021525,False,,False
134,self_consistency,llama-3.1-8b-instant,1,74,11,4.58e-06,2.2232042999821715,False,1.0,False
134,self_consistency,llama-3.1-8b-instant,3,222,47,1.4860000000000003e-05,6.730452599993441,True,0.3333333333333333,False
134,self_consistency,llama-3.1-8b-instant,5,370,79,2.4820000000000006e-05,11.253217999998014,True,0.2,False
134,self_consistency,llama-3.1-8b-instant,10,740,178,5.1240000000000004e-05,22.466141000040807,True,0.1,False
134,semantic_entropy,llama-3.1-8b-instant,1,74,11,4.58e-06,2.2232042999821715,False,0.0,False
134,semantic_entropy,llama-3.1-8b-instant,3,222,47,1.4860000000000003e-05,6.730452599993441,False,0.5793801642856949,False
134,semantic_entropy,llama-3.1-8b-instant,5,370,79,2.4820000000000006e-05,11.253217999998014,False,0.5904362833084089,False
134,semantic_entropy,llama-3.1-8b-instant,10,740,178,5.1240000000000004e-05,22.466141000040807,False,0.14118174150460758,False
135,verbalized_confidence,llama-3.1-8b-instant,1,119,24,7.870000000000001e-06,2.23469319997821,False,80.0,True
135,llm_judge,llama-3.1-8b-instant,1,170,18,9.940000000000001e-06,4.408180900005391,False,,True
135,self_consistency,llama-3.1-8b-instant,1,69,13,4.49e-06,2.2143332000123337,False,1.0,True
135,self_consistency,llama-3.1-8b-instant,3,207,46,1.4030000000000001e-05,6.743826500023715,True,0.3333333333333333,True
135,self_consistency,llama-3.1-8b-instant,5,345,81,2.373e-05,11.180995900038397,True,0.2,True
135,self_consistency,llama-3.1-8b-instant,10,690,155,4.690000000000001e-05,22.447000700049102,True,0.3,True
135,semantic_entropy,llama-3.1-8b-instant,1,69,13,4.49e-06,2.2143332000123337,False,0.0,True
135,semantic_entropy,llama-3.1-8b-instant,3,207,46,1.4030000000000001e-05,6.743826500023715,False,-0.0,True
135,semantic_entropy,llama-3.1-8b-instant,5,345,81,2.373e-05,11.180995900038397,False,-0.0,True
135,semantic_entropy,llama-3.1-8b-instant,10,690,155,4.690000000000001e-05,22.447000700049102,False,-0.0,True
136,verbalized_confidence,llama-3.1-8b-instant,1,117,12,6.810000000000001e-06,2.298504899983527,False,100.0,False
136,llm_judge,llama-3.1-8b-instant,1,153,5,8.05e-06,4.394431599997915,False,,False
136,self_consistency,llama-3.1-8b-instant,1,67,3,3.59e-06,2.1903822000022046,False,1.0,False
136,self_consistency,llama-3.1-8b-instant,3,201,16,1.133e-05,6.845112100010738,False,0.6666666666666666,False
136,self_consistency,llama-3.1-8b-instant,5,335,22,1.851e-05,11.221731700032251,False,0.8,False
136,self_consistency,llama-3.1-8b-instant,10,670,37,3.646e-05,22.360894500016002,False,0.9,False
136,semantic_entropy,llama-3.1-8b-instant,1,67,3,3.59e-06,2.1903822000022046,False,0.0,False
136,semantic_entropy,llama-3.1-8b-instant,3,201,16,1.133e-05,6.845112100010738,False,0.5793801642856949,False
136,semantic_entropy,llama-3.1-8b-instant,5,335,22,1.851e-05,11.221731700032251,False,0.31091750708257115,False
136,semantic_entropy,llama-3.1-8b-instant,10,670,37,3.646e-05,22.360894500016002,False,0.14118174150460758,False
137,verbalized_confidence,llama-3.1-8b-instant,1,119,12,6.91e-06,2.226240999996662,False,80.0,True
137,llm_judge,llama-3.1-8b-instant,1,157,7,8.41e-06,4.3795536999823526,True,,True
137,self_consistency,llama-3.1-8b-instant,1,69,11,4.33e-06,2.317142900021281,False,1.0,False
137,self_consistency,llama-3.1-8b-instant,3,207,21,1.203e-05,6.822053799987771,False,0.6666666666666666,True
137,self_consistency,llama-3.1-8b-instant,5,345,31,1.9730000000000003e-05,11.31199009998818,False,0.8,True
137,self_consistency,llama-3.1-8b-instant,10,690,56,3.8979999999999996e-05,22.402469900000142,False,0.9,True
137,semantic_entropy,llama-3.1-8b-instant,1,69,11,4.33e-06,2.317142900021281,False,0.0,False
137,semantic_entropy,llama-3.1-8b-instant,3,207,21,1.203e-05,6.822053799987771,False,0.5793801642856949,False
137,semantic_entropy,llama-3.1-8b-instant,5,345,31,1.9730000000000003e-05,11.31199009998818,False,0.31091750708257115,False
137,semantic_entropy,llama-3.1-8b-instant,10,690,56,3.8979999999999996e-05,22.402469900000142,False,0.14118174150460758,False
138,verbalized_confidence,llama-3.1-8b-instant,1,119,12,6.91e-06,2.320430799998576,False,100.0,False
138,llm_judge,llama-3.1-8b-instant,1,161,9,8.77e-06,4.483466000005137,False,,False
138,self_consistency,llama-3.1-8b-instant,1,69,11,4.33e-06,2.207932199991774,False,1.0,False
138,self_consistency,llama-3.1-8b-instant,3,207,31,1.283e-05,6.727646500017727,True,0.3333333333333333,False
138,self_consistency,llama-3.1-8b-instant,5,345,60,2.205e-05,11.15151980004157,True,0.4,False
138,self_consistency,llama-3.1-8b-instant,10,690,115,4.3700000000000005e-05,22.340437500039116,True,0.2,False
138,semantic_entropy,llama-3.1-8b-instant,1,69,11,4.33e-06,2.207932199991774,False,0.0,False
138,semantic_entropy,llama-3.1-8b-instant,3,207,31,1.283e-05,6.727646500017727,False,0.5793801642856949,False
138,semantic_entropy,llama-3.1-8b-instant,5,345,60,2.205e-05,11.15151980004157,False,0.4181656600790517,False
138,semantic_entropy,llama-3.1-8b-instant,10,690,115,4.3700000000000005e-05,22.340437500039116,False,0.5903089986991943,False
139,verbalized_confidence,llama-3.1-8b-instant,1,121,13,7.090000000000001e-06,2.2196568000072148,False,80.0,False
139,llm_judge,llama-3.1-8b-instant,1,177,21,1.0530000000000003e-05,4.447057899989886,False,,False
139,self_consistency,llama-3.1-8b-instant,1,71,15,4.75e-06,2.2477407999977004,False,1.0,False
139,self_consistency,llama-3.1-8b-instant,3,213,37,1.361e-05,6.709797999996226,True,0.3333333333333333,False
139,self_consistency,llama-3.1-8b-instant,5,355,67,2.311e-05,11.158598599984543,True,0.2,False
139,self_consistency,llama-3.1-8b-instant,10,710,121,4.5180000000000004e-05,22.583387199993012,True,0.4,False
139,semantic_entropy,llama-3.1-8b-instant,1,71,15,4.75e-06,2.2477407999977004,False,0.0,False
139,semantic_entropy,llama-3.1-8b-instant,3,213,37,1.361e-05,6.709797999996226,False,-0.0,False
139,semantic_entropy,llama-3.1-8b-instant,5,355,67,2.311e-05,11.158598599984543,False,0.31091750708257115,False
139,semantic_entropy,llama-3.1-8b-instant,10,710,121,4.5180000000000004e-05,22.583387199993012,False,0.14118174150460758,False
140,verbalized_confidence,llama-3.1-8b-instant,1,121,13,7.090000000000001e-06,2.3508004999894183,False,80.0,True
140,llm_judge,llama-3.1-8b-instant,1,162,6,8.58e-06,4.382729900011327,False,,True
140,self_consistency,llama-3.1-8b-instant,1,71,4,3.87e-06,2.2181239999772515,False,1.0,True
140,self_consistency,llama-3.1-8b-instant,3,213,12,1.161e-05,6.765885100001469,False,1.0,True
140,self_consistency,llama-3.1-8b-instant,5,355,21,1.9430000000000002e-05,11.186156099982327,False,0.8,True
140,self_consistency,llama-3.1-8b-instant,10,710,52,3.966000000000001e-05,22.26226869993843,False,0.8,True
140,semantic_entropy,llama-3.1-8b-instant,1,71,4,3.87e-06,2.2181239999772515,False,0.0,True
140,semantic_entropy,llama-3.1-8b-instant,3,213,12,1.161e-05,6.765885100001469,False,-0.0,True
140,semantic_entropy,llama-3.1-8b-instant,5,355,21,1.9430000000000002e-05,11.186156099982327,False,-0.0,True
140,semantic_entropy,llama-3.1-8b-instant,10,710,52,3.966000000000001e-05,22.26226869993843,False,0.14118174150460758,True
141,verbalized_confidence,llama-3.1-8b-instant,1,118,14,7.0200000000000006e-06,2.2162683000206016,False,80.0,False
141,llm_judge,llama-3.1-8b-instant,1,157,7,8.41e-06,4.454047200008063,False,,True
141,self_consistency,llama-3.1-8b-instant,1,68,9,4.12e-06,2.256856699998025,False,1.0,False
141,self_consistency,llama-3.1-8b-instant,3,204,23,1.2040000000000002e-05,6.675874999986263,False,0.6666666666666666,False
141,self_consistency,llama-3.1-8b-instant,5,340,33,1.9640000000000002e-05,11.326267800002825,False,0.6,True
141,self_consistency,llama-3.1-8b-instant,10,680,70,3.96e-05,22.501111999968998,False,0.5,False
141,semantic_entropy,llama-3.1-8b-instant,1,68,9,4.12e-06,2.256856699998025,False,0.0,False
141,semantic_entropy,llama-3.1-8b-instant,3,204,23,1.2040000000000002e-05,6.675874999986263,False,-0.0,False
141,semantic_entropy,llama-3.1-8b-instant,5,340,33,1.9640000000000002e-05,11.326267800002825,False,-0.0,False
141,semantic_entropy,llama-3.1-8b-instant,10,680,70,3.96e-05,22.501111999968998,False,-0.0,False
142,verbalized_confidence,llama-3.1-8b-instant,1,117,12,6.810000000000001e-06,2.2211724999942817,False,100.0,False
142,llm_judge,llama-3.1-8b-instant,1,153,6,8.13e-06,4.50025780001306,True,,False
142,self_consistency,llama-3.1-8b-instant,1,67,3,3.59e-06,2.194175200012978,False,1.0,False
142,self_consistency,llama-3.1-8b-instant,3,201,17,1.141e-05,6.650512800028082,False,0.6666666666666666,False
142,self_consistency,llama-3.1-8b-instant,5,335,31,1.923e-05,11.171435500029474,False,0.6,False
142,self_consistency,llama-3.1-8b-instant,10,670,54,3.782e-05,22.288900900050066,False,0.7,False
142,semantic_entropy,llama-3.1-8b-instant,1,67,3,3.59e-06,2.194175200012978,False,0.0,False
142,semantic_entropy,llama-3.1-8b-instant,3,201,17,1.141e-05,6.650512800028082,False,0.5793801642856949,False
142,semantic_entropy,llama-3.1-8b-instant,5,335,31,1.923e-05,11.171435500029474,False,0.4181656600790517,False
142,semantic_entropy,llama-3.1-8b-instant,10,670,54,3.782e-05,22.288900900050066,False,0.2652949955741215,False
143,verbalized_confidence,llama-3.1-8b-instant,1,119,14,7.07e-06,2.3238667999976315,False,95.0,False
143,llm_judge,llama-3.1-8b-instant,1,164,12,9.16e-06,4.4052605999750085,False,,False
143,self_consistency,llama-3.1-8b-instant,1,69,7,4.01e-06,2.5291694000188727,False,1.0,False
143,self_consistency,llama-3.1-8b-instant,3,207,27,1.2509999999999999e-05,6.9707228000334,True,0.3333333333333333,False
143,self_consistency,llama-3.1-8b-instant,5,345,43,2.0689999999999997e-05,11.619198600033997,True,0.4,False
143,self_consistency,llama-3.1-8b-instant,10,690,91,4.1779999999999996e-05,22.704763900022954,True,0.2,False
143,semantic_entropy,llama-3.1-8b-instant,1,69,7,4.01e-06,2.5291694000188727,False,0.0,False
143,semantic_entropy,llama-3.1-8b-instant,3,207,27,1.2509999999999999e-05,6.9707228000334,False,0.5793801642856949,False
143,semantic_entropy,llama-3.1-8b-instant,5,345,43,2.0689999999999997e-05,11.619198600033997,False,0.4181656600790517,False
143,semantic_entropy,llama-3.1-8b-instant,10,690,91,4.1779999999999996e-05,22.704763900022954,False,0.34822537285722394,False
144,verbalized_confidence,llama-3.1-8b-instant,1,145,12,8.210000000000001e-06,2.2415374999982305,False,100.0,True
144,llm_judge,llama-3.1-8b-instant,1,210,6,1.098e-05,4.44266709999647,False,,True
144,self_consistency,llama-3.1-8b-instant,1,95,4,5.070000000000001e-06,2.1998873999982607,False,1.0,True
144,self_consistency,llama-3.1-8b-instant,3,285,12,1.5210000000000002e-05,6.605009599996265,False,1.0,True
144,self_consistency,llama-3.1-8b-instant,5,475,20,2.5350000000000003e-05,11.129173599998467,False,1.0,True
144,self_consistency,llama-3.1-8b-instant,10,950,37,5.046e-05,22.307386000000406,False,1.0,True
144,semantic_entropy,llama-3.1-8b-instant,1,95,4,5.070000000000001e-06,2.1998873999982607,False,0.0,True
144,semantic_entropy,llama-3.1-8b-instant,3,285,12,1.5210000000000002e-05,6.605009599996265,False,-0.0,True
144,semantic_entropy,llama-3.1-8b-instant,5,475,20,2.5350000000000003e-05,11.129173599998467,False,-0.0,True
144,semantic_entropy,llama-3.1-8b-instant,10,950,37,5.046e-05,22.307386000000406,False,-0.0,True
145,verbalized_confidence,llama-3.1-8b-instant,1,129,16,7.73e-06,2.2222836000146344,False,90.0,True
145,llm_judge,llama-3.1-8b-instant,1,192,22,1.1360000000000001e-05,4.5536880000145175,False,,True
145,self_consistency,llama-3.1-8b-instant,1,79,14,5.070000000000001e-06,2.2205026000156067,False,1.0,False
145,self_consistency,llama-3.1-8b-instant,3,237,63,1.6890000000000003e-05,6.760509000014281,True,0.3333333333333333,False
145,self_consistency,llama-3.1-8b-instant,5,395,102,2.7910000000000006e-05,11.45942600001581,True,0.2,False
145,self_consistency,llama-3.1-8b-instant,10,790,191,5.478e-05,22.838918900029967,True,0.3,False
145,semantic_entropy,llama-3.1-8b-instant,1,79,14,5.070000000000001e-06,2.2205026000156067,False,0.0,False
145,semantic_entropy,llama-3.1-8b-instant,3,237,63,1.6890000000000003e-05,6.760509000014281,False,-0.0,False
145,semantic_entropy,llama-3.1-8b-instant,5,395,102,2.7910000000000006e-05,11.45942600001581,False,-0.0,False
145,semantic_entropy,llama-3.1-8b-instant,10,790,191,5.478e-05,22.838918900029967,False,-0.0,False
146,verbalized_confidence,llama-3.1-8b-instant,1,124,13,7.24e-06,2.1989016000006814,False,95.0,True
146,llm_judge,llama-3.1-8b-instant,1,167,7,8.910000000000001e-06,4.399538300000131,False,,True
146,self_consistency,llama-3.1-8b-instant,1,73,5,4.050000000000001e-06,2.2347148000262678,False,1.0,True
146,self_consistency,llama-3.1-8b-instant,3,219,15,1.2150000000000004e-05,6.793497100035893,False,1.0,True
146,self_consistency,llama-3.1-8b-instant,5,365,25,2.0250000000000004e-05,11.489403900050092,False,1.0,True
146,self_consistency,llama-3.1-8b-instant,10,730,50,4.0500000000000015e-05,22.752127300016582,False,1.0,True
146,semantic_entropy,llama-3.1-8b-instant,1,73,5,4.050000000000001e-06,2.2347148000262678,False,0.0,True
146,semantic_entropy,llama-3.1-8b-instant,3,219,15,1.2150000000000004e-05,6.793497100035893,False,-0.0,True
146,semantic_entropy,llama-3.1-8b-instant,5,365,25,2.0250000000000004e-05,11.489403900050092,False,-0.0,True
146,semantic_entropy,llama-3.1-8b-instant,10,730,50,4.0500000000000015e-05,22.752127300016582,False,-0.0,True
147,verbalized_confidence,llama-3.1-8b-instant,1,119,20,7.5500000000000006e-06,2.2204170000040904,False,90.0,False
147,llm_judge,llama-3.1-8b-instant,1,174,22,1.0460000000000001e-05,4.547677700000349,False,,False
147,self_consistency,llama-3.1-8b-instant,1,69,20,5.050000000000001e-06,2.226591799990274,False,1.0,False
147,self_consistency,llama-3.1-8b-instant,3,207,57,1.4910000000000001e-05,6.959251799999038,True,0.3333333333333333,False
147,self_consistency,llama-3.1-8b-instant,5,345,93,2.4690000000000002e-05,11.595064099994488,True,0.2,False
147,self_consistency,llama-3.1-8b-instant,10,690,200,5.050000000000001e-05,22.993875600019237,True,0.1,False
147,semantic_entropy,llama-3.1-8b-instant,1,69,20,5.050000000000001e-06,2.226591799990274,False,0.0,False
147,semantic_entropy,llama-3.1-8b-instant,3,207,57,1.4910000000000001e-05,6.959251799999038,True,0.9999999999999998,False
147,semantic_entropy,llama-3.1-8b-instant,5,345,93,2.4690000000000002e-05,11.595064099994488,True,1.0000000000000002,False
147,semantic_entropy,llama-3.1-8b-instant,10,690,200,5.050000000000001e-05,22.993875600019237,False,0.5903089986991943,False
148,verbalized_confidence,llama-3.1-8b-instant,1,119,16,7.23e-06,2.246752800012473,False,80.0,True
148,llm_judge,llama-3.1-8b-instant,1,167,15,9.550000000000002e-06,4.4285895000211895,False,,False
148,self_consistency,llama-3.1-8b-instant,1,69,16,4.7300000000000005e-06,2.247089500015136,False,1.0,True
148,self_consistency,llama-3.1-8b-instant,3,207,42,1.371e-05,6.688850000005914,True,0.3333333333333333,True
148,self_consistency,llama-3.1-8b-instant,5,345,66,2.253e-05,11.14424790002522,True,0.4,False
148,self_consistency,llama-3.1-8b-instant,10,690,143,4.5940000000000004e-05,22.504491200030316,True,0.2,False
148,semantic_entropy,llama-3.1-8b-instant,1,69,16,4.7300000000000005e-06,2.247089500015136,False,0.0,True
148,semantic_entropy,llama-3.1-8b-instant,3,207,42,1.371e-05,6.688850000005914,False,0.5793801642856949,True
148,semantic_entropy,llama-3.1-8b-instant,5,345,66,2.253e-05,11.14424790002522,False,0.4181656600790517,True
148,semantic_entropy,llama-3.1-8b-instant,10,690,143,4.5940000000000004e-05,22.504491200030316,True,0.6160396270529163,True
149,verbalized_confidence,llama-3.1-8b-instant,1,120,15,7.2000000000000005e-06,2.236073000007309,False,80.0,False
149,llm_judge,llama-3.1-8b-instant,1,168,14,9.52e-06,4.555309000017587,True,,False
149,self_consistency,llama-3.1-8b-instant,1,70,18,4.939999999999999e-06,2.250044899992645,False,1.0,True
149,self_consistency,llama-3.1-8b-instant,3,210,44,1.402e-05,6.715461099985987,True,0.3333333333333333,True
149,self_consistency,llama-3.1-8b-instant,5,350,82,2.406e-05,11.18139399998472,True,0.2,True
149,self_consistency,llama-3.1-8b-instant,10,700,185,4.98e-05,22.536485500022536,True,0.1,True
149,semantic_entropy,llama-3.1-8b-instant,1,70,18,4.939999999999999e-06,2.250044899992645,False,0.0,True
149,semantic_entropy,llama-3.1-8b-instant,3,210,44,1.402e-05,6.715461099985987,False,0.5793801642856949,True
149,semantic_entropy,llama-3.1-8b-instant,5,350,82,2.406e-05,11.18139399998472,False,0.5904362833084089,True
149,semantic_entropy,llama-3.1-8b-instant,10,700,185,4.98e-05,22.536485500022536,False,0.5903089986991943,True
150,verbalized_confidence,llama-3.1-8b-instant,1,125,26,8.33e-06,2.346112200000789,False,100.0,False
150,llm_judge,llama-3.1-8b-instant,1,175,11,9.63e-06,4.414119799999753,True,,False
150,self_consistency,llama-3.1-8b-instant,1,75,18,5.1899999999999994e-06,2.241317700012587,False,1.0,False
150,self_consistency,llama-3.1-8b-instant,3,225,49,1.5169999999999999e-05,6.690340500004822,True,0.3333333333333333,False
150,self_consistency,llama-3.1-8b-instant,5,375,74,2.467e-05,11.169163700018544,True,0.2,False
150,self_consistency,llama-3.1-8b-instant,10,750,144,4.902e-05,22.35693510004785,True,0.1,False
150,semantic_entropy,llama-3.1-8b-instant,1,75,18,5.1899999999999994e-06,2.241317700012587,False,0.0,False
150,semantic_entropy,llama-3.1-8b-instant,3,225,49,1.5169999999999999e-05,6.690340500004822,True,0.9999999999999998,False
150,semantic_entropy,llama-3.1-8b-instant,5,375,74,2.467e-05,11.169163700018544,True,1.0000000000000002,False
150,semantic_entropy,llama-3.1-8b-instant,10,750,144,4.902e-05,22.35693510004785,True,0.9397940008672035,False
151,verbalized_confidence,llama-3.1-8b-instant,1,118,12,6.86e-06,2.2053597000194713,False,80.0,False
151,llm_judge,llama-3.1-8b-instant,1,160,10,8.8e-06,4.551059399993392,False,,False
151,self_consistency,llama-3.1-8b-instant,1,68,15,4.600000000000001e-06,2.2558863000012934,False,1.0,False
151,self_consistency,llama-3.1-8b-instant,3,204,40,1.3400000000000004e-05,6.694906699995045,True,0.3333333333333333,False
151,self_consistency,llama-3.1-8b-instant,5,340,51,2.108e-05,11.236173399986,True,0.2,False
151,self_consistency,llama-3.1-8b-instant,10,680,87,4.096000000000001e-05,22.352632399997674,True,0.2,False
151,semantic_entropy,llama-3.1-8b-instant,1,68,15,4.600000000000001e-06,2.2558863000012934,False,0.0,False
151,semantic_entropy,llama-3.1-8b-instant,3,204,40,1.3400000000000004e-05,6.694906699995045,False,0.5793801642856949,False
151,semantic_entropy,llama-3.1-8b-instant,5,340,51,2.108e-05,11.236173399986,True,0.6554587535412857,False
151,semantic_entropy,llama-3.1-8b-instant,10,680,87,4.096000000000001e-05,22.352632399997674,True,0.6762456261857126,False
152,verbalized_confidence,llama-3.1-8b-instant,1,124,17,7.5600000000000005e-06,2.2320762000163086,False,100.0,False
152,llm_judge,llama-3.1-8b-instant,1,172,10,9.400000000000001e-06,4.384019799996167,True,,False
152,self_consistency,llama-3.1-8b-instant,1,74,9,4.42e-06,2.204750000004424,False,1.0,False
152,self_consistency,llama-3.1-8b-instant,3,222,26,1.318e-05,6.6661606000270694,True,0.3333333333333333,False
152,self_consistency,llama-3.1-8b-instant,5,370,44,2.2020000000000003e-05,11.220652499992866,True,0.4,False
152,self_consistency,llama-3.1-8b-instant,10,740,94,4.452000000000001e-05,22.355770199996186,True,0.4,False
152,semantic_entropy,llama-3.1-8b-instant,1,74,9,4.42e-06,2.204750000004424,False,0.0,False
152,semantic_entropy,llama-3.1-8b-instant,3,222,26,1.318e-05,6.6661606000270694,False,-0.0,False
152,semantic_entropy,llama-3.1-8b-instant,5,370,44,2.2020000000000003e-05,11.220652499992866,False,-0.0,False
152,semantic_entropy,llama-3.1-8b-instant,10,740,94,4.452000000000001e-05,22.355770199996186,False,0.14118174150460758,False
153,verbalized_confidence,llama-3.1-8b-instant,1,119,14,7.07e-06,2.2189720000023954,False,100.0,False
153,llm_judge,llama-3.1-8b-instant,1,160,8,8.64e-06,4.503315200010547,False,,False
153,self_consistency,llama-3.1-8b-instant,1,69,5,3.85e-06,2.204391700011911,False,1.0,False
153,self_consistency,llama-3.1-8b-instant,3,207,20,1.1949999999999999e-05,6.644999500014819,True,0.3333333333333333,False
153,self_consistency,llama-3.1-8b-instant,5,345,30,1.965e-05,11.068572200019844,True,0.2,False
153,self_consistency,llama-3.1-8b-instant,10,690,58,3.9139999999999995e-05,22.218171300017275,False,0.5,False
153,semantic_entropy,llama-3.1-8b-instant,1,69,5,3.85e-06,2.204391700011911,False,0.0,False
153,semantic_entropy,llama-3.1-8b-instant,3,207,20,1.1949999999999999e-05,6.644999500014819,True,0.9999999999999998,False
153,semantic_entropy,llama-3.1-8b-instant,5,345,30,1.965e-05,11.068572200019844,False,0.5904362833084089,False
153,semantic_entropy,llama-3.1-8b-instant,10,690,58,3.9139999999999995e-05,22.218171300017275,False,0.40843137199002016,False
154,verbalized_confidence,llama-3.1-8b-instant,1,132,12,7.5600000000000005e-06,2.2179371000092942,False,100.0,False
154,llm_judge,llama-3.1-8b-instant,1,183,5,9.550000000000002e-06,4.39752940001199,False,,False
154,self_consistency,llama-3.1-8b-instant,1,82,3,4.340000000000001e-06,2.2009084000019357,False,1.0,False
154,self_consistency,llama-3.1-8b-instant,3,246,26,1.4380000000000001e-05,6.622379400010686,False,0.6666666666666666,False
154,self_consistency,llama-3.1-8b-instant,5,410,31,2.298e-05,11.074458900024183,True,0.4,False
154,self_consistency,llama-3.1-8b-instant,10,820,48,4.484000000000001e-05,22.327265400032047,True,0.4,False
154,semantic_entropy,llama-3.1-8b-instant,1,82,3,4.340000000000001e-06,2.2009084000019357,False,0.0,False
154,semantic_entropy,llama-3.1-8b-instant,3,246,26,1.4380000000000001e-05,6.622379400010686,False,0.5793801642856949,False
154,semantic_entropy,llama-3.1-8b-instant,5,410,31,2.298e-05,11.074458900024183,True,0.6554587535412857,False
154,semantic_entropy,llama-3.1-8b-instant,10,820,48,4.484000000000001e-05,22.327265400032047,False,0.34822537285722394,False
155,verbalized_confidence,llama-3.1-8b-instant,1,125,13,7.29e-06,2.2261007000051904,False,80.0,False
155,llm_judge,llama-3.1-8b-instant,1,176,12,9.760000000000001e-06,4.402876100008143,False,,False
155,self_consistency,llama-3.1-8b-instant,1,75,9,4.4699999999999996e-06,2.2153718000045046,False,1.0,False
155,self_consistency,llama-3.1-8b-instant,3,225,32,1.381e-05,6.694989400013583,True,0.3333333333333333,False
155,self_consistency,llama-3.1-8b-instant,5,375,52,2.291e-05,11.124012700020103,True,0.2,False
155,self_consistency,llama-3.1-8b-instant,10,750,115,4.67e-05,22.513333400012925,True,0.1,False
155,semantic_entropy,llama-3.1-8b-instant,1,75,9,4.4699999999999996e-06,2.2153718000045046,False,0.0,False
155,semantic_entropy,llama-3.1-8b-instant,3,225,32,1.381e-05,6.694989400013583,False,-0.0,False
155,semantic_entropy,llama-3.1-8b-instant,5,375,52,2.291e-05,11.124012700020103,False,0.5904362833084089,False
155,semantic_entropy,llama-3.1-8b-instant,10,750,115,4.67e-05,22.513333400012925,True,0.7364516253185086,False
156,verbalized_confidence,llama-3.1-8b-instant,1,120,15,7.2000000000000005e-06,2.21527449999121,False,100.0,False
156,llm_judge,llama-3.1-8b-instant,1,162,9,8.82e-06,4.546611300000222,False,,False
156,self_consistency,llama-3.1-8b-instant,1,70,6,3.98e-06,2.481907000008505,False,1.0,False
156,self_consistency,llama-3.1-8b-instant,3,210,29,1.282e-05,7.208491400000639,True,0.3333333333333333,False
156,self_consistency,llama-3.1-8b-instant,5,350,41,2.0779999999999998e-05,11.691864099993836,False,0.6,False
156,self_consistency,llama-3.1-8b-instant,10,700,71,4.068e-05,22.957253399974434,False,0.8,False
156,semantic_entropy,llama-3.1-8b-instant,1,70,6,3.98e-06,2.481907000008505,False,0.0,False
156,semantic_entropy,llama-3.1-8b-instant,3,210,29,1.282e-05,7.208491400000639,False,0.5793801642856949,False
156,semantic_entropy,llama-3.1-8b-instant,5,350,41,2.0779999999999998e-05,11.691864099993836,False,0.31091750708257115,False
156,semantic_entropy,llama-3.1-8b-instant,10,700,71,4.068e-05,22.957253399974434,False,0.14118174150460758,False
157,verbalized_confidence,llama-3.1-8b-instant,1,122,12,7.06e-06,2.3265528000192717,True,0.0,False
157,llm_judge,llama-3.1-8b-instant,1,175,17,1.011e-05,4.457069700001739,False,,False
157,self_consistency,llama-3.1-8b-instant,1,72,13,4.6400000000000005e-06,2.3183140000037383,False,1.0,False
157,self_consistency,llama-3.1-8b-instant,3,216,38,1.384e-05,6.85640260000946,True,0.3333333333333333,False
157,self_consistency,llama-3.1-8b-instant,5,360,62,2.2960000000000004e-05,11.380010499997297,True,0.2,False
157,self_consistency,llama-3.1-8b-instant,10,720,130,4.6400000000000017e-05,22.55122280001524,True,0.2,False
157,semantic_entropy,llama-3.1-8b-instant,1,72,13,4.6400000000000005e-06,2.3183140000037383,False,0.0,False
157,semantic_entropy,llama-3.1-8b-instant,3,216,38,1.384e-05,6.85640260000946,False,-0.0,False
157,semantic_entropy,llama-3.1-8b-instant,5,360,62,2.2960000000000004e-05,11.380010499997297,False,-0.0,False
157,semantic_entropy,llama-3.1-8b-instant,10,720,130,4.6400000000000017e-05,22.55122280001524,False,0.14118174150460758,False
158,verbalized_confidence,llama-3.1-8b-instant,1,132,12,7.5600000000000005e-06,2.335462799994275,False,90.0,True
158,llm_judge,llama-3.1-8b-instant,1,198,20,1.1500000000000002e-05,4.455309100012528,False,,False
158,self_consistency,llama-3.1-8b-instant,1,82,12,5.060000000000001e-06,2.2224392000061926,False,1.0,True
158,self_consistency,llama-3.1-8b-instant,3,246,56,1.6780000000000002e-05,6.73905219999142,True,0.3333333333333333,True
158,self_consistency,llama-3.1-8b-instant,5,410,94,2.8020000000000006e-05,11.275141799997073,True,0.2,True
158,self_consistency,llama-3.1-8b-instant,10,820,170,5.460000000000001e-05,22.979626499989536,True,0.1,True
158,semantic_entropy,llama-3.1-8b-instant,1,82,12,5.060000000000001e-06,2.2224392000061926,False,0.0,True
158,semantic_entropy,llama-3.1-8b-instant,3,246,56,1.6780000000000002e-05,6.73905219999142,True,0.9999999999999998,True
158,semantic_entropy,llama-3.1-8b-instant,5,410,94,2.8020000000000006e-05,11.275141799997073,True,1.0000000000000002,True
158,semantic_entropy,llama-3.1-8b-instant,10,820,170,5.460000000000001e-05,22.979626499989536,True,0.9397940008672035,True
159,verbalized_confidence,llama-3.1-8b-instant,1,118,17,7.260000000000001e-06,2.266206400003284,False,100.0,False
159,llm_judge,llama-3.1-8b-instant,1,171,22,1.0310000000000001e-05,4.477019799989648,False,,False
159,self_consistency,llama-3.1-8b-instant,1,68,10,4.2000000000000004e-06,2.2161786000069696,False,1.0,False
159,self_consistency,llama-3.1-8b-instant,3,204,58,1.484e-05,6.896471800020663,True,0.3333333333333333,False
159,self_consistency,llama-3.1-8b-instant,5,340,105,2.54e-05,11.394896299985703,True,0.2,False
159,self_consistency,llama-3.1-8b-instant,10,680,203,5.024000000000001e-05,22.636493700003484,True,0.2,False
159,semantic_entropy,llama-3.1-8b-instant,1,68,10,4.2000000000000004e-06,2.2161786000069696,False,0.0,False
159,semantic_entropy,llama-3.1-8b-instant,3,204,58,1.484e-05,6.896471800020663,False,-0.0,False
159,semantic_entropy,llama-3.1-8b-instant,5,340,105,2.54e-05,11.394896299985703,False,-0.0,False
159,semantic_entropy,llama-3.1-8b-instant,10,680,203,5.024000000000001e-05,22.636493700003484,False,-0.0,False
160,verbalized_confidence,llama-3.1-8b-instant,1,125,13,7.29e-06,2.221552899980452,False,90.0,True
160,llm_judge,llama-3.1-8b-instant,1,178,14,1.002e-05,4.534501700021792,False,,False
160,self_consistency,llama-3.1-8b-instant,1,75,4,4.07e-06,2.2250510999874678,False,1.0,True
160,self_consistency,llama-3.1-8b-instant,3,225,34,1.397e-05,6.984016199974576,False,0.6666666666666666,True
160,self_consistency,llama-3.1-8b-instant,5,375,75,2.475e-05,11.534238399966853,True,0.4,True
160,self_consistency,llama-3.1-8b-instant,10,750,112,4.646e-05,22.78281339997193,True,0.2,True
160,semantic_entropy,llama-3.1-8b-instant,1,75,4,4.07e-06,2.2250510999874678,False,0.0,True
160,semantic_entropy,llama-3.1-8b-instant,3,225,34,1.397e-05,6.984016199974576,False,0.5793801642856949,True
160,semantic_entropy,llama-3.1-8b-instant,5,375,75,2.475e-05,11.534238399966853,True,0.8277293767706428,True
160,semantic_entropy,llama-3.1-8b-instant,10,750,112,4.646e-05,22.78281339997193,True,0.8795880017344073,True
161,verbalized_confidence,llama-3.1-8b-instant,1,122,13,7.14e-06,2.2265107999846805,False,80.0,True
161,llm_judge,llama-3.1-8b-instant,1,165,7,8.81e-06,4.431736599974101,False,,True
161,self_consistency,llama-3.1-8b-instant,1,72,6,4.08e-06,2.2123541999899317,False,1.0,True
161,self_consistency,llama-3.1-8b-instant,3,216,26,1.288e-05,6.675589499995112,True,0.3333333333333333,True
161,self_consistency,llama-3.1-8b-instant,5,360,48,2.184e-05,11.189887199987425,True,0.2,True
161,self_consistency,llama-3.1-8b-instant,10,720,81,4.248e-05,22.35953679998056,True,0.2,True
161,semantic_entropy,llama-3.1-8b-instant,1,72,6,4.08e-06,2.2123541999899317,False,0.0,True
161,semantic_entropy,llama-3.1-8b-instant,3,216,26,1.288e-05,6.675589499995112,False,0.5793801642856949,True
161,semantic_entropy,llama-3.1-8b-instant,5,360,48,2.184e-05,11.189887199987425,False,0.4181656600790517,True
161,semantic_entropy,llama-3.1-8b-instant,10,720,81,4.248e-05,22.35953679998056,False,0.34822537285722394,True
162,verbalized_confidence,llama-3.1-8b-instant,1,120,17,7.360000000000001e-06,2.229484899988165,False,100.0,False
162,llm_judge,llama-3.1-8b-instant,1,163,9,8.870000000000001e-06,4.674492799997097,False,,False
162,self_consistency,llama-3.1-8b-instant,1,70,14,4.62e-06,2.2375066000095103,False,1.0,False
162,self_consistency,llama-3.1-8b-instant,3,210,51,1.458e-05,6.71358179996605,True,0.3333333333333333,False
162,self_consistency,llama-3.1-8b-instant,5,350,71,2.3179999999999998e-05,11.158695899968734,True,0.2,False
162,self_consistency,llama-3.1-8b-instant,10,700,122,4.4759999999999985e-05,22.495564499957254,True,0.2,False
162,semantic_entropy,llama-3.1-8b-instant,1,70,14,4.62e-06,2.2375066000095103,False,0.0,False
162,semantic_entropy,llama-3.1-8b-instant,3,210,51,1.458e-05,6.71358179996605,False,-0.0,False
162,semantic_entropy,llama-3.1-8b-instant,5,350,71,2.3179999999999998e-05,11.158695899968734,False,0.4181656600790517,False
162,semantic_entropy,llama-3.1-8b-instant,10,700,122,4.4759999999999985e-05,22.495564499957254,False,0.45814600780483383,False
163,verbalized_confidence,llama-3.1-8b-instant,1,121,22,7.81e-06,2.245038900000509,False,90.0,False
163,llm_judge,llama-3.1-8b-instant,1,174,18,1.0140000000000001e-05,4.453059999999823,False,,False
163,self_consistency,llama-3.1-8b-instant,1,71,16,4.83e-06,2.229739900009008,False,1.0,False
163,self_consistency,llama-3.1-8b-instant,3,213,57,1.5210000000000002e-05,6.7250844000082,True,0.3333333333333333,False
163,self_consistency,llama-3.1-8b-instant,5,355,93,2.519e-05,11.176369299995713,True,0.2,False
163,self_consistency,llama-3.1-8b-instant,10,710,191,5.0780000000000005e-05,22.53706170001533,True,0.1,False
163,semantic_entropy,llama-3.1-8b-instant,1,71,16,4.83e-06,2.229739900009008,False,0.0,False
163,semantic_entropy,llama-3.1-8b-instant,3,213,57,1.5210000000000002e-05,6.7250844000082,False,-0.0,False
163,semantic_entropy,llama-3.1-8b-instant,5,355,93,2.519e-05,11.176369299995713,False,0.31091750708257115,False
163,semantic_entropy,llama-3.1-8b-instant,10,710,191,5.0780000000000005e-05,22.53706170001533,False,0.2652949955741215,False
164,verbalized_confidence,llama-3.1-8b-instant,1,135,25,8.75e-06,2.2830564999894705,False,100.0,False
164,llm_judge,llama-3.1-8b-instant,1,201,17,1.1410000000000001e-05,4.452496199985035,False,,False
164,self_consistency,llama-3.1-8b-instant,1,85,16,5.53e-06,2.2173228999890853,False,1.0,False
164,self_consistency,llama-3.1-8b-instant,3,255,59,1.747e-05,6.728977499966277,True,0.3333333333333333,False
164,self_consistency,llama-3.1-8b-instant,5,425,91,2.853e-05,11.174330499983625,True,0.2,False
164,self_consistency,llama-3.1-8b-instant,10,850,183,5.7140000000000005e-05,22.46815939998487,True,0.1,False
164,semantic_entropy,llama-3.1-8b-instant,1,85,16,5.53e-06,2.2173228999890853,False,0.0,False
164,semantic_entropy,llama-3.1-8b-instant,3,255,59,1.747e-05,6.728977499966277,False,-0.0,False
164,semantic_entropy,llama-3.1-8b-instant,5,425,91,2.853e-05,11.174330499983625,False,-0.0,False
164,semantic_entropy,llama-3.1-8b-instant,10,850,183,5.7140000000000005e-05,22.46815939998487,False,-0.0,False
165,verbalized_confidence,llama-3.1-8b-instant,1,121,13,7.090000000000001e-06,2.2273473999812268,False,100.0,True
165,llm_judge,llama-3.1-8b-instant,1,172,16,9.88e-06,4.490168899996206,False,,False
165,self_consistency,llama-3.1-8b-instant,1,71,13,4.59e-06,2.2622525000188034,False,1.0,False
165,self_consistency,llama-3.1-8b-instant,3,213,33,1.3290000000000002e-05,6.691091900022002,True,0.3333333333333333,False
165,self_consistency,llama-3.1-8b-instant,5,355,57,2.231e-05,11.174648000014713,True,0.4,False
165,self_consistency,llama-3.1-8b-instant,10,710,126,4.558000000000001e-05,22.34269590000622,True,0.4,False
165,semantic_entropy,llama-3.1-8b-instant,1,71,13,4.59e-06,2.2622525000188034,False,0.0,False
165,semantic_entropy,llama-3.1-8b-instant,3,213,33,1.3290000000000002e-05,6.691091900022002,False,-0.0,False
165,semantic_entropy,llama-3.1-8b-instant,5,355,57,2.231e-05,11.174648000014713,False,-0.0,False
165,semantic_entropy,llama-3.1-8b-instant,10,710,126,4.558000000000001e-05,22.34269590000622,False,-0.0,False
166,verbalized_confidence,llama-3.1-8b-instant,1,117,12,6.810000000000001e-06,2.21387180002057,False,90.0,False
166,llm_judge,llama-3.1-8b-instant,1,160,12,8.96e-06,4.556478900020011,False,,False
166,self_consistency,llama-3.1-8b-instant,1,67,12,4.31e-06,2.222916600003373,False,1.0,False
166,self_consistency,llama-3.1-8b-instant,3,201,32,1.261e-05,7.270308400009526,False,0.6666666666666666,False
166,self_consistency,llama-3.1-8b-instant,5,335,45,2.035e-05,11.876805699983379,False,0.6,False
166,self_consistency,llama-3.1-8b-instant,10,670,75,3.95e-05,23.104518000007374,True,0.4,False
166,semantic_entropy,llama-3.1-8b-instant,1,67,12,4.31e-06,2.222916600003373,False,0.0,False
166,semantic_entropy,llama-3.1-8b-instant,3,201,32,1.261e-05,7.270308400009526,False,0.5793801642856949,False
166,semantic_entropy,llama-3.1-8b-instant,5,335,45,2.035e-05,11.876805699983379,False,0.5904362833084089,False
166,semantic_entropy,llama-3.1-8b-instant,10,670,75,3.95e-05,23.104518000007374,False,0.55583362792012,False
167,verbalized_confidence,llama-3.1-8b-instant,1,118,14,7.0200000000000006e-06,2.226273099979153,True,60.0,False
167,llm_judge,llama-3.1-8b-instant,1,163,13,9.190000000000002e-06,4.458239500003401,True,,True
167,self_consistency,llama-3.1-8b-instant,1,68,6,3.88e-06,2.2194905999931507,False,1.0,False
167,self_consistency,llama-3.1-8b-instant,3,204,27,1.236e-05,6.775919799983967,True,0.3333333333333333,False
167,self_consistency,llama-3.1-8b-instant,5,340,49,2.0920000000000003e-05,11.323345999990124,True,0.2,False
167,self_consistency,llama-3.1-8b-instant,10,680,94,4.152e-05,22.57003609999083,True,0.1,False
167,semantic_entropy,llama-3.1-8b-instant,1,68,6,3.88e-06,2.2194905999931507,False,0.0,False
167,semantic_entropy,llama-3.1-8b-instant,3,204,27,1.236e-05,6.775919799983967,False,0.5793801642856949,False
167,semantic_entropy,llama-3.1-8b-instant,5,340,49,2.0920000000000003e-05,11.323345999990124,False,0.5904362833084089,False
167,semantic_entropy,llama-3.1-8b-instant,10,680,94,4.152e-05,22.57003609999083,False,0.4729032506370175,False
168,verbalized_confidence,llama-3.1-8b-instant,1,118,12,6.86e-06,2.225989300000947,False,100.0,False
168,llm_judge,llama-3.1-8b-instant,1,155,5,8.150000000000002e-06,4.421292399987578,False,,False
168,self_consistency,llama-3.1-8b-instant,1,68,10,4.2000000000000004e-06,2.258362400025362,False,1.0,False
168,self_consistency,llama-3.1-8b-instant,3,204,21,1.1880000000000001e-05,6.812590900051873,True,0.3333333333333333,False
168,self_consistency,llama-3.1-8b-instant,5,340,34,1.972e-05,11.356457600049907,True,0.4,False
168,self_consistency,llama-3.1-8b-instant,10,680,63,3.904e-05,22.519760300026974,False,0.5,False
168,semantic_entropy,llama-3.1-8b-instant,1,68,10,4.2000000000000004e-06,2.258362400025362,False,0.0,False
168,semantic_entropy,llama-3.1-8b-instant,3,204,21,1.1880000000000001e-05,6.812590900051873,False,0.5793801642856949,False
168,semantic_entropy,llama-3.1-8b-instant,5,340,34,1.972e-05,11.356457600049907,True,0.6554587535412857,False
168,semantic_entropy,llama-3.1-8b-instant,10,680,63,3.904e-05,22.519760300026974,False,0.44717262228329563,False
169,verbalized_confidence,llama-3.1-8b-instant,1,130,17,7.860000000000001e-06,2.231759399990551,False,90.0,False
169,llm_judge,llama-3.1-8b-instant,1,192,18,1.1040000000000001e-05,4.745006800018018,False,,False
169,self_consistency,llama-3.1-8b-instant,1,80,9,4.72e-06,2.257429499994032,False,1.0,False
169,self_consistency,llama-3.1-8b-instant,3,240,45,1.56e-05,6.9720489000028465,True,0.3333333333333333,False
169,self_consistency,llama-3.1-8b-instant,5,400,85,2.68e-05,11.571290599997155,True,0.2,False
169,self_consistency,llama-3.1-8b-instant,10,800,160,5.28e-05,22.906211900000926,True,0.1,False
169,semantic_entropy,llama-3.1-8b-instant,1,80,9,4.72e-06,2.257429499994032,False,0.0,False
169,semantic_entropy,llama-3.1-8b-instant,3,240,45,1.56e-05,6.9720489000028465,False,0.5793801642856949,False
169,semantic_entropy,llama-3.1-8b-instant,5,400,85,2.68e-05,11.571290599997155,False,0.4181656600790517,False
169,semantic_entropy,llama-3.1-8b-instant,10,800,160,5.28e-05,22.906211900000926,False,0.55583362792012,False
170,verbalized_confidence,llama-3.1-8b-instant,1,121,13,7.090000000000001e-06,2.2125269999960437,False,90.0,False
170,llm_judge,llama-3.1-8b-instant,1,164,8,8.84e-06,4.579449000011664,False,,False
170,self_consistency,llama-3.1-8b-instant,1,71,6,4.03e-06,2.3153909999819007,False,1.0,False
170,self_consistency,llama-3.1-8b-instant,3,213,18,1.2090000000000001e-05,6.755239399994025,False,0.6666666666666666,False
170,self_consistency,llama-3.1-8b-instant,5,355,30,2.0150000000000002e-05,11.184022500005085,False,0.8,False
170,self_consistency,llama-3.1-8b-instant,10,710,60,4.0300000000000004e-05,22.41531189996749,False,0.6,False
170,semantic_entropy,llama-3.1-8b-instant,1,71,6,4.03e-06,2.3153909999819007,False,0.0,False
170,semantic_entropy,llama-3.1-8b-instant,3,213,18,1.2090000000000001e-05,6.755239399994025,False,-0.0,False
170,semantic_entropy,llama-3.1-8b-instant,5,355,30,2.0150000000000002e-05,11.184022500005085,False,-0.0,False
170,semantic_entropy,llama-3.1-8b-instant,10,710,60,4.0300000000000004e-05,22.41531189996749,False,0.14118174150460758,False
171,verbalized_confidence,llama-3.1-8b-instant,1,127,17,7.71e-06,2.2463297999929637,False,90.0,False
171,llm_judge,llama-3.1-8b-instant,1,183,15,1.0350000000000001e-05,4.4926375999930315,False,,False
171,self_consistency,llama-3.1-8b-instant,1,77,13,4.890000000000001e-06,2.338696099992376,False,1.0,False
171,self_consistency,llama-3.1-8b-instant,3,231,40,1.4750000000000001e-05,6.833937799994601,True,0.3333333333333333,False
171,self_consistency,llama-3.1-8b-instant,5,385,64,2.4370000000000002e-05,11.417224000004353,True,0.2,False
171,self_consistency,llama-3.1-8b-instant,10,770,129,4.8820000000000004e-05,22.649206099973526,True,0.2,False
171,semantic_entropy,llama-3.1-8b-instant,1,77,13,4.890000000000001e-06,2.338696099992376,False,0.0,False
171,semantic_entropy,llama-3.1-8b-instant,3,231,40,1.4750000000000001e-05,6.833937799994601,False,-0.0,False
171,semantic_entropy,llama-3.1-8b-instant,5,385,64,2.4370000000000002e-05,11.417224000004353,False,-0.0,False
171,semantic_entropy,llama-3.1-8b-instant,10,770,129,4.8820000000000004e-05,22.649206099973526,False,-0.0,False
172,verbalized_confidence,llama-3.1-8b-instant,1,127,14,7.4700000000000005e-06,2.2256650000053924,False,100.0,True
172,llm_judge,llama-3.1-8b-instant,1,180,11,9.88e-06,4.540654300013557,False,,True
172,self_consistency,llama-3.1-8b-instant,1,77,6,4.33e-06,2.3314786000119057,False,1.0,False
172,self_consistency,llama-3.1-8b-instant,3,231,23,1.339e-05,6.808662099996582,True,0.3333333333333333,False
172,self_consistency,llama-3.1-8b-instant,5,385,38,2.2290000000000002e-05,11.282982700009597,True,0.4,True
172,self_consistency,llama-3.1-8b-instant,10,770,80,4.49e-05,22.941316999989795,True,0.4,True
172,semantic_entropy,llama-3.1-8b-instant,1,77,6,4.33e-06,2.3314786000119057,False,0.0,False
172,semantic_entropy,llama-3.1-8b-instant,3,231,23,1.339e-05,6.808662099996582,False,-0.0,False
172,semantic_entropy,llama-3.1-8b-instant,5,385,38,2.2290000000000002e-05,11.282982700009597,False,-0.0,False
172,semantic_entropy,llama-3.1-8b-instant,10,770,80,4.49e-05,22.941316999989795,False,-0.0,False
173,verbalized_confidence,llama-3.1-8b-instant,1,120,17,7.360000000000001e-06,2.251435699989088,False,100.0,False
173,llm_judge,llama-3.1-8b-instant,1,163,10,8.95e-06,4.468442199984565,False,,False
173,self_consistency,llama-3.1-8b-instant,1,70,8,4.139999999999999e-06,2.247969199990621,False,1.0,False
173,self_consistency,llama-3.1-8b-instant,3,210,27,1.2659999999999997e-05,6.7289520999765955,True,0.3333333333333333,False
173,self_consistency,llama-3.1-8b-instant,5,350,45,2.1099999999999994e-05,11.201594199985266,True,0.4,False
173,self_consistency,llama-3.1-8b-instant,10,700,87,4.196e-05,22.299834599951282,True,0.2,False
173,semantic_entropy,llama-3.1-8b-instant,1,70,8,4.139999999999999e-06,2.247969199990621,False,0.0,False
173,semantic_entropy,llama-3.1-8b-instant,3,210,27,1.2659999999999997e-05,6.7289520999765955,False,0.5793801642856949,False
173,semantic_entropy,llama-3.1-8b-instant,5,350,45,2.1099999999999994e-05,11.201594199985266,False,0.31091750708257115,False
173,semantic_entropy,llama-3.1-8b-instant,10,700,87,4.196e-05,22.299834599951282,False,0.4096910013008056,False
174,verbalized_confidence,llama-3.1-8b-instant,1,120,12,6.96e-06,2.2794770000036806,False,100.0,True
174,llm_judge,llama-3.1-8b-instant,1,159,6,8.43e-06,4.428252499987138,False,,True
174,self_consistency,llama-3.1-8b-instant,1,70,3,3.74e-06,2.240868599998066,False,1.0,True
174,self_consistency,llama-3.1-8b-instant,3,210,13,1.154e-05,6.656625400006305,False,0.6666666666666666,False
174,self_consistency,llama-3.1-8b-instant,5,350,21,1.918e-05,11.232553800015012,False,0.6,False
174,self_consistency,llama-3.1-8b-instant,10,700,40,3.820000000000001e-05,22.352808700001333,False,0.5,True
174,semantic_entropy,llama-3.1-8b-instant,1,70,3,3.74e-06,2.240868599998066,False,0.0,True
174,semantic_entropy,llama-3.1-8b-instant,3,210,13,1.154e-05,6.656625400006305,False,-0.0,True
174,semantic_entropy,llama-3.1-8b-instant,5,350,21,1.918e-05,11.232553800015012,False,-0.0,True
174,semantic_entropy,llama-3.1-8b-instant,10,700,40,3.820000000000001e-05,22.352808700001333,False,-0.0,True
175,verbalized_confidence,llama-3.1-8b-instant,1,118,15,7.100000000000001e-06,2.230160600011004,False,100.0,False
175,llm_judge,llama-3.1-8b-instant,1,168,18,9.84e-06,4.478107699978864,False,,False
175,self_consistency,llama-3.1-8b-instant,1,68,16,4.680000000000001e-06,2.232391900004586,False,1.0,False
175,self_consistency,llama-3.1-8b-instant,3,204,43,1.3640000000000003e-05,6.742374900000868,True,0.3333333333333333,False
175,self_consistency,llama-3.1-8b-instant,5,340,78,2.3240000000000004e-05,11.247304499993334,True,0.4,False
175,self_consistency,llama-3.1-8b-instant,10,680,170,4.760000000000001e-05,22.679855499998666,True,0.3,False
175,semantic_entropy,llama-3.1-8b-instant,1,68,16,4.680000000000001e-06,2.232391900004586,False,0.0,False
175,semantic_entropy,llama-3.1-8b-instant,3,204,43,1.3640000000000003e-05,6.742374900000868,False,-0.0,False
175,semantic_entropy,llama-3.1-8b-instant,5,340,78,2.3240000000000004e-05,11.247304499993334,False,-0.0,False
175,semantic_entropy,llama-3.1-8b-instant,10,680,170,4.760000000000001e-05,22.679855499998666,False,-0.0,False
176,verbalized_confidence,llama-3.1-8b-instant,1,118,23,7.74e-06,2.3708388000086416,True,20.0,False
176,llm_judge,llama-3.1-8b-instant,1,181,31,1.153e-05,4.4470425999898,False,,False
176,self_consistency,llama-3.1-8b-instant,1,68,17,4.760000000000001e-06,2.361960199981695,False,1.0,False
176,self_consistency,llama-3.1-8b-instant,3,204,90,1.7400000000000003e-05,6.8824678999662865,True,0.3333333333333333,False
176,self_consistency,llama-3.1-8b-instant,5,340,255,3.74e-05,11.680430799984606,True,0.2,False
176,self_consistency,llama-3.1-8b-instant,10,680,541,7.728e-05,23.363603699981468,True,0.1,False
176,semantic_entropy,llama-3.1-8b-instant,1,68,17,4.760000000000001e-06,2.361960199981695,False,0.0,False
176,semantic_entropy,llama-3.1-8b-instant,3,204,90,1.7400000000000003e-05,6.8824678999662865,False,0.5793801642856949,False
176,semantic_entropy,llama-3.1-8b-instant,5,340,255,3.74e-05,11.680430799984606,False,0.31091750708257115,False
176,semantic_entropy,llama-3.1-8b-instant,10,680,541,7.728e-05,23.363603699981468,False,0.2775280104064451,False
177,verbalized_confidence,llama-3.1-8b-instant,1,118,12,6.86e-06,2.2271930999995675,False,80.0,False
177,llm_judge,llama-3.1-8b-instant,1,162,12,9.060000000000001e-06,4.438115099997958,False,,False
177,self_consistency,llama-3.1-8b-instant,1,68,15,4.600000000000001e-06,2.2390253000194207,False,1.0,False
177,self_consistency,llama-3.1-8b-instant,3,204,39,1.3320000000000001e-05,6.795067900005961,True,0.3333333333333333,False
177,self_consistency,llama-3.1-8b-instant,5,340,57,2.1560000000000004e-05,11.34482980001485,True,0.2,False
177,self_consistency,llama-3.1-8b-instant,10,680,130,4.440000000000001e-05,22.692780899989884,True,0.1,False
177,semantic_entropy,llama-3.1-8b-instant,1,68,15,4.600000000000001e-06,2.2390253000194207,False,0.0,False
177,semantic_entropy,llama-3.1-8b-instant,3,204,39,1.3320000000000001e-05,6.795067900005961,False,0.5793801642856949,False
177,semantic_entropy,llama-3.1-8b-instant,5,340,57,2.1560000000000004e-05,11.34482980001485,False,0.5904362833084089,False
177,semantic_entropy,llama-3.1-8b-instant,10,680,130,4.440000000000001e-05,22.692780899989884,False,0.5903089986991943,False
178,verbalized_confidence,llama-3.1-8b-instant,1,119,16,7.23e-06,2.2220816999906674,False,80.0,False
178,llm_judge,llama-3.1-8b-instant,1,168,16,9.68e-06,4.446029499988072,True,,False
178,self_consistency,llama-3.1-8b-instant,1,69,14,4.57e-06,2.2464028999966104,False,1.0,False
178,self_consistency,llama-3.1-8b-instant,3,207,47,1.4110000000000002e-05,6.8535536999988835,False,0.6666666666666666,False
178,self_consistency,llama-3.1-8b-instant,5,345,93,2.4690000000000002e-05,11.34710549999727,True,0.4,False
178,self_consistency,llama-3.1-8b-instant,10,690,149,4.6420000000000006e-05,22.5548121999891,True,0.3,False
178,semantic_entropy,llama-3.1-8b-instant,1,69,14,4.57e-06,2.2464028999966104,False,0.0,False
178,semantic_entropy,llama-3.1-8b-instant,3,207,47,1.4110000000000002e-05,6.8535536999988835,False,-0.0,False
178,semantic_entropy,llama-3.1-8b-instant,5,345,93,2.4690000000000002e-05,11.34710549999727,False,0.31091750708257115,False
178,semantic_entropy,llama-3.1-8b-instant,10,690,149,4.6420000000000006e-05,22.5548121999891,False,0.2652949955741215,False
179,verbalized_confidence,llama-3.1-8b-instant,1,121,17,7.410000000000001e-06,2.225638900010381,False,80.0,True
179,llm_judge,llama-3.1-8b-instant,1,171,15,9.75e-06,4.547418800008018,False,,True
179,self_consistency,llama-3.1-8b-instant,1,71,9,4.270000000000001e-06,2.2451001000008546,False,1.0,True
179,self_consistency,llama-3.1-8b-instant,3,213,41,1.3930000000000002e-05,6.716091799986316,True,0.3333333333333333,True
179,self_consistency,llama-3.1-8b-instant,5,355,73,2.3590000000000003e-05,11.186147399974288,True,0.2,True
179,self_consistency,llama-3.1-8b-instant,10,710,136,4.6380000000000007e-05,22.4399935999827,True,0.1,True
179,semantic_entropy,llama-3.1-8b-instant,1,71,9,4.270000000000001e-06,2.2451001000008546,False,0.0,True
179,semantic_entropy,llama-3.1-8b-instant,3,213,41,1.3930000000000002e-05,6.716091799986316,True,0.9999999999999998,True
179,semantic_entropy,llama-3.1-8b-instant,5,355,73,2.3590000000000003e-05,11.186147399974288,True,0.6554587535412857,True
179,semantic_entropy,llama-3.1-8b-instant,10,710,136,4.6380000000000007e-05,22.4399935999827,False,0.34822537285722394,True
180,verbalized_confidence,llama-3.1-8b-instant,1,116,20,7.4e-06,2.2559415999858174,False,90.0,False
180,llm_judge,llama-3.1-8b-instant,1,171,25,1.055e-05,4.501775799988536,False,,False
180,self_consistency,llama-3.1-8b-instant,1,66,20,4.9000000000000005e-06,2.2571946999814827,False,1.0,False
180,self_consistency,llama-3.1-8b-instant,3,198,51,1.398e-05,6.708980499970494,True,0.3333333333333333,False
180,self_consistency,llama-3.1-8b-instant,5,330,81,2.298e-05,11.202225499990163,True,0.2,False
180,self_consistency,llama-3.1-8b-instant,10,660,167,4.6359999999999997e-05,22.440937099978328,True,0.1,False
180,semantic_entropy,llama-3.1-8b-instant,1,66,20,4.9000000000000005e-06,2.2571946999814827,False,0.0,False
180,semantic_entropy,llama-3.1-8b-instant,3,198,51,1.398e-05,6.708980499970494,False,0.5793801642856949,False
180,semantic_entropy,llama-3.1-8b-instant,5,330,81,2.298e-05,11.202225499990163,False,-0.0,False
180,semantic_entropy,llama-3.1-8b-instant,10,660,167,4.6359999999999997e-05,22.440937099978328,False,0.2652949955741215,False
181,verbalized_confidence,llama-3.1-8b-instant,1,120,13,7.04e-06,2.255658600013703,False,80.0,True
181,llm_judge,llama-3.1-8b-instant,1,163,9,8.870000000000001e-06,4.458451500016963,False,,True
181,self_consistency,llama-3.1-8b-instant,1,70,7,4.06e-06,2.2485791000071913,False,1.0,True
181,self_consistency,llama-3.1-8b-instant,3,210,24,1.242e-05,6.707458600023529,True,0.3333333333333333,True
181,self_consistency,llama-3.1-8b-instant,5,350,38,2.0539999999999996e-05,11.175492900016252,True,0.4,True
181,self_consistency,llama-3.1-8b-instant,10,700,70,4.06e-05,22.254732800007332,True,0.3,True
181,semantic_entropy,llama-3.1-8b-instant,1,70,7,4.06e-06,2.2485791000071913,False,0.0,True
181,semantic_entropy,llama-3.1-8b-instant,3,210,24,1.242e-05,6.707458600023529,False,-0.0,True
181,semantic_entropy,llama-3.1-8b-instant,5,350,38,2.0539999999999996e-05,11.175492900016252,False,-0.0,True
181,semantic_entropy,llama-3.1-8b-instant,10,700,70,4.06e-05,22.254732800007332,False,0.14118174150460758,True
182,verbalized_confidence,llama-3.1-8b-instant,1,123,14,7.270000000000001e-06,2.2458638999960385,False,80.0,True
182,llm_judge,llama-3.1-8b-instant,1,199,39,1.3070000000000002e-05,4.504686399974162,True,,True
182,self_consistency,llama-3.1-8b-instant,1,73,44,7.17e-06,2.2989323000074364,False,1.0,True
182,self_consistency,llama-3.1-8b-instant,3,219,131,2.143e-05,6.971246000000974,True,0.3333333333333333,True
182,self_consistency,llama-3.1-8b-instant,5,365,176,3.233e-05,11.516439200000605,True,0.2,True
182,self_consistency,llama-3.1-8b-instant,10,730,354,6.481999999999999e-05,22.908879699971294,True,0.1,True
182,semantic_entropy,llama-3.1-8b-instant,1,73,44,7.17e-06,2.2989323000074364,False,0.0,True
182,semantic_entropy,llama-3.1-8b-instant,3,219,131,2.143e-05,6.971246000000974,False,-0.0,True
182,semantic_entropy,llama-3.1-8b-instant,5,365,176,3.233e-05,11.516439200000605,False,0.31091750708257115,True
182,semantic_entropy,llama-3.1-8b-instant,10,730,354,6.481999999999999e-05,22.908879699971294,False,0.14118174150460758,True
183,verbalized_confidence,llama-3.1-8b-instant,1,123,15,7.350000000000001e-06,2.2191507999959867,False,80.0,True
183,llm_judge,llama-3.1-8b-instant,1,171,11,9.430000000000001e-06,4.4305571999866515,False,,False
183,self_consistency,llama-3.1-8b-instant,1,73,9,4.3700000000000005e-06,2.2136878999881446,False,1.0,False
183,self_consistency,llama-3.1-8b-instant,3,219,33,1.359e-05,6.670146599994041,True,0.3333333333333333,False
183,self_consistency,llama-3.1-8b-instant,5,365,54,2.2570000000000002e-05,11.222845400014194,True,0.4,False
183,self_consistency,llama-3.1-8b-instant,10,730,112,4.546000000000001e-05,22.394222900038585,True,0.4,False
183,semantic_entropy,llama-3.1-8b-instant,1,73,9,4.3700000000000005e-06,2.2136878999881446,False,0.0,False
183,semantic_entropy,llama-3.1-8b-instant,3,219,33,1.359e-05,6.670146599994041,False,0.5793801642856949,False
183,semantic_entropy,llama-3.1-8b-instant,5,365,54,2.2570000000000002e-05,11.222845400014194,False,0.4181656600790517,False
183,semantic_entropy,llama-3.1-8b-instant,10,730,112,4.546000000000001e-05,22.394222900038585,False,0.29228525323862886,False
184,verbalized_confidence,llama-3.1-8b-instant,1,117,13,6.890000000000001e-06,2.2140806000097655,False,100.0,False
184,llm_judge,llama-3.1-8b-instant,1,157,9,8.570000000000001e-06,4.638159499998437,True,,False
184,self_consistency,llama-3.1-8b-instant,1,67,10,4.15e-06,2.2274867999949493,False,1.0,False
184,self_consistency,llama-3.1-8b-instant,3,201,24,1.197e-05,6.724772099987604,False,0.6666666666666666,False
184,self_consistency,llama-3.1-8b-instant,5,335,38,1.979e-05,11.277623199974187,False,0.8,False
184,self_consistency,llama-3.1-8b-instant,10,670,79,3.982e-05,22.391219699959038,False,0.7,False
184,semantic_entropy,llama-3.1-8b-instant,1,67,10,4.15e-06,2.2274867999949493,False,0.0,False
184,semantic_entropy,llama-3.1-8b-instant,3,201,24,1.197e-05,6.724772099987604,False,-0.0,False
184,semantic_entropy,llama-3.1-8b-instant,5,335,38,1.979e-05,11.277623199974187,False,-0.0,False
184,semantic_entropy,llama-3.1-8b-instant,10,670,79,3.982e-05,22.391219699959038,False,-0.0,False
185,verbalized_confidence,llama-3.1-8b-instant,1,119,35,8.75e-06,2.24508519997471,False,80.0,True
185,llm_judge,llama-3.1-8b-instant,1,173,21,1.0330000000000001e-05,4.444359299988719,False,,True
185,self_consistency,llama-3.1-8b-instant,1,69,17,4.8100000000000005e-06,2.2615819000056945,False,1.0,True
185,self_consistency,llama-3.1-8b-instant,3,207,65,1.555e-05,6.726714100019308,True,0.3333333333333333,True
185,self_consistency,llama-3.1-8b-instant,5,345,102,2.5410000000000002e-05,11.43584230003762,True,0.2,True
185,self_consistency,llama-3.1-8b-instant,10,690,214,5.1620000000000004e-05,22.712155500077643,True,0.1,True
185,semantic_entropy,llama-3.1-8b-instant,1,69,17,4.8100000000000005e-06,2.2615819000056945,False,0.0,True
185,semantic_entropy,llama-3.1-8b-instant,3,207,65,1.555e-05,6.726714100019308,False,-0.0,True
185,semantic_entropy,llama-3.1-8b-instant,5,345,102,2.5410000000000002e-05,11.43584230003762,False,-0.0,True
185,semantic_entropy,llama-3.1-8b-instant,10,690,214,5.1620000000000004e-05,22.712155500077643,False,-0.0,True
186,verbalized_confidence,llama-3.1-8b-instant,1,122,12,7.06e-06,2.3255956000066362,False,100.0,False
186,llm_judge,llama-3.1-8b-instant,1,168,10,9.2e-06,4.495917000022018,True,,False
186,self_consistency,llama-3.1-8b-instant,1,72,3,3.84e-06,2.2040009000047576,False,1.0,False
186,self_consistency,llama-3.1-8b-instant,3,216,19,1.232e-05,6.7054449999995995,True,0.3333333333333333,False
186,self_consistency,llama-3.1-8b-instant,5,360,31,2.048e-05,11.12026200001128,True,0.2,False
186,self_consistency,llama-3.1-8b-instant,10,720,69,4.1519999999999995e-05,22.584980299987365,True,0.2,False
186,semantic_entropy,llama-3.1-8b-instant,1,72,3,3.84e-06,2.2040009000047576,False,0.0,False
186,semantic_entropy,llama-3.1-8b-instant,3,216,19,1.232e-05,6.7054449999995995,True,0.9999999999999998,False
186,semantic_entropy,llama-3.1-8b-instant,5,360,31,2.048e-05,11.12026200001128,True,1.0000000000000002,False
186,semantic_entropy,llama-3.1-8b-instant,10,720,69,4.1519999999999995e-05,22.584980299987365,True,0.8193820026016111,False
187,verbalized_confidence,llama-3.1-8b-instant,1,121,19,7.57e-06,2.2306028000020888,False,90.0,False
187,llm_judge,llama-3.1-8b-instant,1,179,23,1.079e-05,4.678385799983516,False,,False
187,self_consistency,llama-3.1-8b-instant,1,71,14,4.67e-06,2.229777999978978,False,1.0,False
187,self_consistency,llama-3.1-8b-instant,3,213,44,1.4170000000000002e-05,6.804875899979379,True,0.3333333333333333,False
187,self_consistency,llama-3.1-8b-instant,5,355,70,2.3350000000000002e-05,11.241376099991612,True,0.2,False
187,self_consistency,llama-3.1-8b-instant,10,710,156,4.7980000000000005e-05,22.508336599974427,True,0.1,False
187,semantic_entropy,llama-3.1-8b-instant,1,71,14,4.67e-06,2.229777999978978,False,0.0,False
187,semantic_entropy,llama-3.1-8b-instant,3,213,44,1.4170000000000002e-05,6.804875899979379,False,0.5793801642856949,False
187,semantic_entropy,llama-3.1-8b-instant,5,355,70,2.3350000000000002e-05,11.241376099991612,False,0.4181656600790517,False
187,semantic_entropy,llama-3.1-8b-instant,10,710,156,4.7980000000000005e-05,22.508336599974427,False,0.4729032506370175,False
188,verbalized_confidence,llama-3.1-8b-instant,1,140,13,8.04e-06,2.20564669999294,False,100.0,False
188,llm_judge,llama-3.1-8b-instant,1,200,7,1.056e-05,4.4801836000115145,False,,False
188,self_consistency,llama-3.1-8b-instant,1,90,6,4.980000000000001e-06,2.2084371999953873,False,1.0,True
188,self_consistency,llama-3.1-8b-instant,3,270,16,1.478e-05,6.790121900005033,False,0.6666666666666666,False
188,self_consistency,llama-3.1-8b-instant,5,450,34,2.5220000000000002e-05,11.236155799997505,True,0.4,False
188,self_consistency,llama-3.1-8b-instant,10,900,57,4.955999999999999e-05,22.60283319998416,False,0.5,False
188,semantic_entropy,llama-3.1-8b-instant,1,90,6,4.980000000000001e-06,2.2084371999953873,False,0.0,True
188,semantic_entropy,llama-3.1-8b-instant,3,270,16,1.478e-05,6.790121900005033,False,0.5793801642856949,True
188,semantic_entropy,llama-3.1-8b-instant,5,450,34,2.5220000000000002e-05,11.236155799997505,True,0.6554587535412857,True
188,semantic_entropy,llama-3.1-8b-instant,10,900,57,4.955999999999999e-05,22.60283319998416,False,0.44717262228329563,True
189,verbalized_confidence,llama-3.1-8b-instant,1,123,14,7.270000000000001e-06,2.2346178000152577,False,90.0,False
189,llm_judge,llama-3.1-8b-instant,1,180,20,1.06e-05,4.584884400013834,False,,True
189,self_consistency,llama-3.1-8b-instant,1,73,13,4.69e-06,2.24235480002244,False,1.0,True
189,self_consistency,llama-3.1-8b-instant,3,219,51,1.503e-05,6.866089600021951,True,0.3333333333333333,True
189,self_consistency,llama-3.1-8b-instant,5,365,82,2.481e-05,11.439960500021698,True,0.2,True
189,self_consistency,llama-3.1-8b-instant,10,730,171,5.018e-05,22.651372800028184,True,0.1,True
189,semantic_entropy,llama-3.1-8b-instant,1,73,13,4.69e-06,2.24235480002244,False,0.0,True
189,semantic_entropy,llama-3.1-8b-instant,3,219,51,1.503e-05,6.866089600021951,True,0.9999999999999998,True
189,semantic_entropy,llama-3.1-8b-instant,5,365,82,2.481e-05,11.439960500021698,True,0.8277293767706428,True
189,semantic_entropy,llama-3.1-8b-instant,10,730,171,5.018e-05,22.651372800028184,True,0.7966576244513048,True
190,verbalized_confidence,llama-3.1-8b-instant,1,121,14,7.170000000000001e-06,2.216234200022882,False,100.0,False
190,llm_judge,llama-3.1-8b-instant,1,169,13,9.490000000000002e-06,4.46059289999539,True,,True
190,self_consistency,llama-3.1-8b-instant,1,71,10,4.350000000000001e-06,2.2117135000007693,False,1.0,True
190,self_consistency,llama-3.1-8b-instant,3,213,29,1.297e-05,6.672729600017192,True,0.3333333333333333,True
190,self_consistency,llama-3.1-8b-instant,5,355,53,2.199e-05,11.18368750004447,True,0.2,True
190,self_consistency,llama-3.1-8b-instant,10,710,119,4.502e-05,22.31315320005524,True,0.2,False
190,semantic_entropy,llama-3.1-8b-instant,1,71,10,4.350000000000001e-06,2.2117135000007693,False,0.0,True
190,semantic_entropy,llama-3.1-8b-instant,3,213,29,1.297e-05,6.672729600017192,True,0.9999999999999998,True
190,semantic_entropy,llama-3.1-8b-instant,5,355,53,2.199e-05,11.18368750004447,True,1.0000000000000002,True
190,semantic_entropy,llama-3.1-8b-instant,10,710,119,4.502e-05,22.31315320005524,True,0.9397940008672035,True
191,verbalized_confidence,llama-3.1-8b-instant,1,145,12,8.210000000000001e-06,2.229874500015285,False,80.0,True
191,llm_judge,llama-3.1-8b-instant,1,212,8,1.124e-05,4.455042299989145,True,,True
191,self_consistency,llama-3.1-8b-instant,1,95,6,5.230000000000001e-06,2.198129800002789,False,1.0,True
191,self_consistency,llama-3.1-8b-instant,3,285,18,1.5690000000000004e-05,6.627155199996196,True,0.3333333333333333,True
191,self_consistency,llama-3.1-8b-instant,5,475,38,2.6790000000000003e-05,11.087173600011738,True,0.4,True
191,self_consistency,llama-3.1-8b-instant,10,950,95,5.510000000000001e-05,22.207357500010403,False,0.6,True
191,semantic_entropy,llama-3.1-8b-instant,1,95,6,5.230000000000001e-06,2.198129800002789,False,0.0,True
191,semantic_entropy,llama-3.1-8b-instant,3,285,18,1.5690000000000004e-05,6.627155199996196,True,0.9999999999999998,True
191,semantic_entropy,llama-3.1-8b-instant,5,475,38,2.6790000000000003e-05,11.087173600011738,False,0.5904362833084089,True
191,semantic_entropy,llama-3.1-8b-instant,10,950,95,5.510000000000001e-05,22.207357500010403,False,0.2775280104064451,True
192,verbalized_confidence,llama-3.1-8b-instant,1,122,21,7.78e-06,2.3664914999972098,False,90.0,False
192,llm_judge,llama-3.1-8b-instant,1,178,20,1.0500000000000001e-05,4.576445600017905,False,,False
192,self_consistency,llama-3.1-8b-instant,1,72,31,6.08e-06,2.239773300010711,False,1.0,False
192,self_consistency,llama-3.1-8b-instant,3,216,82,1.7360000000000003e-05,6.711987699993188,True,0.3333333333333333,False
192,self_consistency,llama-3.1-8b-instant,5,360,117,2.7360000000000002e-05,11.175433299998986,True,0.2,False
192,self_consistency,llama-3.1-8b-instant,10,720,215,5.3200000000000006e-05,22.355334399995627,True,0.1,False
192,semantic_entropy,llama-3.1-8b-instant,1,72,31,6.08e-06,2.239773300010711,False,0.0,False
192,semantic_entropy,llama-3.1-8b-instant,3,216,82,1.7360000000000003e-05,6.711987699993188,True,0.9999999999999998,False
192,semantic_entropy,llama-3.1-8b-instant,5,360,117,2.7360000000000002e-05,11.175433299998986,True,1.0000000000000002,False
192,semantic_entropy,llama-3.1-8b-instant,10,720,215,5.3200000000000006e-05,22.355334399995627,True,0.759176003468815,False
193,verbalized_confidence,llama-3.1-8b-instant,1,126,13,7.340000000000001e-06,2.2720127000065986,False,80.0,False
193,llm_judge,llama-3.1-8b-instant,1,184,18,1.064e-05,4.49085980001837,False,,False
193,self_consistency,llama-3.1-8b-instant,1,76,16,5.0800000000000005e-06,2.219724900001893,False,1.0,False
193,self_consistency,llama-3.1-8b-instant,3,228,44,1.4920000000000001e-05,6.670461300003808,True,0.3333333333333333,False
193,self_consistency,llama-3.1-8b-instant,5,380,76,2.5080000000000004e-05,11.116775900009088,True,0.4,False
193,self_consistency,llama-3.1-8b-instant,10,760,149,4.992e-05,22.261039599979995,True,0.3,False
193,semantic_entropy,llama-3.1-8b-instant,1,76,16,5.0800000000000005e-06,2.219724900001893,False,0.0,False
193,semantic_entropy,llama-3.1-8b-instant,3,228,44,1.4920000000000001e-05,6.670461300003808,False,-0.0,False
193,semantic_entropy,llama-3.1-8b-instant,5,380,76,2.5080000000000004e-05,11.116775900009088,False,-0.0,False
193,semantic_entropy,llama-3.1-8b-instant,10,760,149,4.992e-05,22.261039599979995,False,0.40843137199002016,False
194,verbalized_confidence,llama-3.1-8b-instant,1,128,15,7.600000000000001e-06,2.3380546999978833,False,100.0,False
194,llm_judge,llama-3.1-8b-instant,1,186,16,1.058e-05,4.430929299996933,False,,False
194,self_consistency,llama-3.1-8b-instant,1,78,9,4.62e-06,2.358464700024342,False,1.0,False
194,self_consistency,llama-3.1-8b-instant,3,234,30,1.41e-05,6.821741700026905,True,0.3333333333333333,False
194,self_consistency,llama-3.1-8b-instant,5,390,63,2.4540000000000002e-05,11.516982500033919,True,0.4,True
194,self_consistency,llama-3.1-8b-instant,10,780,111,4.788e-05,22.717639000038616,True,0.2,True
194,semantic_entropy,llama-3.1-8b-instant,1,78,9,4.62e-06,2.358464700024342,False,0.0,False
194,semantic_entropy,llama-3.1-8b-instant,3,234,30,1.41e-05,6.821741700026905,True,0.9999999999999998,False
194,semantic_entropy,llama-3.1-8b-instant,5,390,63,2.4540000000000002e-05,11.516982500033919,True,0.6554587535412857,False
194,semantic_entropy,llama-3.1-8b-instant,10,780,111,4.788e-05,22.717639000038616,True,0.6387640052032224,False
195,verbalized_confidence,llama-3.1-8b-instant,1,118,12,6.86e-06,2.2069975000049453,False,90.0,True
195,llm_judge,llama-3.1-8b-instant,1,157,8,8.49e-06,4.538786199991591,False,,True
195,self_consistency,llama-3.1-8b-instant,1,68,6,3.88e-06,2.3421573000086937,False,1.0,True
195,self_consistency,llama-3.1-8b-instant,3,204,20,1.18e-05,6.800350300007267,False,0.6666666666666666,True
195,self_consistency,llama-3.1-8b-instant,5,340,30,1.94e-05,11.242611800000304,False,0.6,True
195,self_consistency,llama-3.1-8b-instant,10,680,69,3.952e-05,22.55481759997201,True,0.3,True
195,semantic_entropy,llama-3.1-8b-instant,1,68,6,3.88e-06,2.3421573000086937,False,0.0,True
195,semantic_entropy,llama-3.1-8b-instant,3,204,20,1.18e-05,6.800350300007267,False,-0.0,True
195,semantic_entropy,llama-3.1-8b-instant,5,340,30,1.94e-05,11.242611800000304,False,-0.0,True
195,semantic_entropy,llama-3.1-8b-instant,10,680,69,3.952e-05,22.55481759997201,False,-0.0,True
196,verbalized_confidence,llama-3.1-8b-instant,1,130,13,7.54e-06,2.3166247000044677,False,100.0,False
196,llm_judge,llama-3.1-8b-instant,1,184,10,9.999999999999999e-06,4.45593519997783,False,,False
196,self_consistency,llama-3.1-8b-instant,1,80,11,4.88e-06,2.348205699992832,False,1.0,False
196,self_consistency,llama-3.1-8b-instant,3,240,52,1.616e-05,7.210593800002243,True,0.3333333333333333,False
196,self_consistency,llama-3.1-8b-instant,5,400,75,2.6000000000000002e-05,11.707110899995314,True,0.2,False
196,self_consistency,llama-3.1-8b-instant,10,800,125,5e-05,22.87517869999283,True,0.1,False
196,semantic_entropy,llama-3.1-8b-instant,1,80,11,4.88e-06,2.348205699992832,False,0.0,False
196,semantic_entropy,llama-3.1-8b-instant,3,240,52,1.616e-05,7.210593800002243,True,0.9999999999999998,False
196,semantic_entropy,llama-3.1-8b-instant,5,400,75,2.6000000000000002e-05,11.707110899995314,True,1.0000000000000002,False
196,semantic_entropy,llama-3.1-8b-instant,10,800,125,5e-05,22.87517869999283,True,0.7966576244513048,False
197,verbalized_confidence,llama-3.1-8b-instant,1,119,16,7.23e-06,2.263857200014172,False,100.0,True
197,llm_judge,llama-3.1-8b-instant,1,160,9,8.72e-06,4.492428900004597,False,,True
197,self_consistency,llama-3.1-8b-instant,1,69,9,4.17e-06,2.2232383000082336,False,1.0,True
197,self_consistency,llama-3.1-8b-instant,3,207,23,1.219e-05,6.874138900020625,True,0.3333333333333333,True
197,self_consistency,llama-3.1-8b-instant,5,345,46,2.093e-05,11.33380940000643,True,0.2,True
197,self_consistency,llama-3.1-8b-instant,10,690,102,4.266e-05,22.54247009998653,True,0.1,True
197,semantic_entropy,llama-3.1-8b-instant,1,69,9,4.17e-06,2.2232383000082336,False,0.0,True
197,semantic_entropy,llama-3.1-8b-instant,3,207,23,1.219e-05,6.874138900020625,True,0.9999999999999998,True
197,semantic_entropy,llama-3.1-8b-instant,5,345,46,2.093e-05,11.33380940000643,True,0.8277293767706428,True
197,semantic_entropy,llama-3.1-8b-instant,10,690,102,4.266e-05,22.54247009998653,True,0.6989700043360186,True
198,verbalized_confidence,llama-3.1-8b-instant,1,123,13,7.190000000000001e-06,2.255731499986723,False,100.0,True
198,llm_judge,llama-3.1-8b-instant,1,169,9,9.170000000000002e-06,4.468212499981746,False,,False
198,self_consistency,llama-3.1-8b-instant,1,73,7,4.210000000000001e-06,2.259961799980374,False,1.0,False
198,self_consistency,llama-3.1-8b-instant,3,219,26,1.3030000000000002e-05,6.757672399980947,False,0.6666666666666666,False
198,self_consistency,llama-3.1-8b-instant,5,365,38,2.1290000000000008e-05,11.229312099982053,True,0.4,False
198,self_consistency,llama-3.1-8b-instant,10,730,101,4.458000000000001e-05,22.489169899956323,True,0.2,False
198,semantic_entropy,llama-3.1-8b-instant,1,73,7,4.210000000000001e-06,2.259961799980374,False,0.0,False
198,semantic_entropy,llama-3.1-8b-instant,3,219,26,1.3030000000000002e-05,6.757672399980947,False,0.5793801642856949,False
198,semantic_entropy,llama-3.1-8b-instant,5,365,38,2.1290000000000008e-05,11.229312099982053,False,0.31091750708257115,False
198,semantic_entropy,llama-3.1-8b-instant,10,730,101,4.458000000000001e-05,22.489169899956323,False,0.34822537285722394,False
199,verbalized_confidence,llama-3.1-8b-instant,1,124,32,8.759999999999999e-06,2.288323999993736,False,100.0,False
199,llm_judge,llama-3.1-8b-instant,1,204,42,1.3559999999999999e-05,4.579986099997768,False,,True
199,self_consistency,llama-3.1-8b-instant,1,74,28,5.940000000000001e-06,2.3115301999787334,False,1.0,False
199,self_consistency,llama-3.1-8b-instant,3,222,82,1.766e-05,6.846388699981617,True,0.3333333333333333,False
199,self_consistency,llama-3.1-8b-instant,5,370,134,2.922e-05,11.356445599987637,True,0.2,False
199,self_consistency,llama-3.1-8b-instant,10,740,291,6.0280000000000006e-05,22.95525199995609,True,0.1,False
199,semantic_entropy,llama-3.1-8b-instant,1,74,28,5.940000000000001e-06,2.3115301999787334,False,0.0,False
199,semantic_entropy,llama-3.1-8b-instant,3,222,82,1.766e-05,6.846388699981617,True,0.9999999999999998,False
199,semantic_entropy,llama-3.1-8b-instant,5,370,134,2.922e-05,11.356445599987637,True,0.8277293767706428,False
199,semantic_entropy,llama-3.1-8b-instant,10,740,291,6.0280000000000006e-05,22.95525199995609,True,0.7591760034688149,False
200,verbalized_confidence,llama-3.1-8b-instant,1,151,12,8.510000000000002e-06,2.2506188999977894,False,90.0,False
200,llm_judge,llama-3.1-8b-instant,1,221,6,1.1530000000000001e-05,4.4185125999792945,False,,False
200,self_consistency,llama-3.1-8b-instant,1,101,4,5.370000000000001e-06,2.307643099979032,False,1.0,False
200,self_consistency,llama-3.1-8b-instant,3,303,12,1.6110000000000003e-05,6.724812999978894,False,1.0,False
200,self_consistency,llama-3.1-8b-instant,5,505,20,2.6850000000000006e-05,11.177507399988826,False,1.0,False
200,self_consistency,llama-3.1-8b-instant,10,1010,40,5.3700000000000004e-05,22.522645999968518,False,1.0,False
200,semantic_entropy,llama-3.1-8b-instant,1,101,4,5.370000000000001e-06,2.307643099979032,False,0.0,False
200,semantic_entropy,llama-3.1-8b-instant,3,303,12,1.6110000000000003e-05,6.724812999978894,False,-0.0,False
200,semantic_entropy,llama-3.1-8b-instant,5,505,20,2.6850000000000006e-05,11.177507399988826,False,-0.0,False
200,semantic_entropy,llama-3.1-8b-instant,10,1010,40,5.3700000000000004e-05,22.522645999968518,False,-0.0,False
201,verbalized_confidence,llama-3.1-8b-instant,1,119,27,8.109999999999999e-06,2.248051500006113,False,100.0,True
201,llm_judge,llama-3.1-8b-instant,1,234,82,1.8260000000000005e-05,4.535323299991433,False,,False
201,self_consistency,llama-3.1-8b-instant,1,69,25,5.45e-06,2.2660690000047907,False,1.0,True
201,self_consistency,llama-3.1-8b-instant,3,207,73,1.619e-05,6.919039800006431,True,0.3333333333333333,True
201,self_consistency,llama-3.1-8b-instant,5,345,142,2.861e-05,11.451340900006471,True,0.2,True
201,self_consistency,llama-3.1-8b-instant,10,690,263,5.554e-05,22.874299200018868,True,0.2,True
201,semantic_entropy,llama-3.1-8b-instant,1,69,25,5.45e-06,2.2660690000047907,False,0.0,True
201,semantic_entropy,llama-3.1-8b-instant,3,207,73,1.619e-05,6.919039800006431,True,0.9999999999999998,True
201,semantic_entropy,llama-3.1-8b-instant,5,345,142,2.861e-05,11.451340900006471,True,1.0000000000000002,True
201,semantic_entropy,llama-3.1-8b-instant,10,690,263,5.554e-05,22.874299200018868,True,0.6989700043360186,True
202,verbalized_confidence,llama-3.1-8b-instant,1,120,15,7.2000000000000005e-06,2.236857500014594,False,80.0,False
202,llm_judge,llama-3.1-8b-instant,1,174,20,1.03e-05,4.433757299993886,False,,False
202,self_consistency,llama-3.1-8b-instant,1,70,15,4.7e-06,2.3366204999911133,False,1.0,False
202,self_consistency,llama-3.1-8b-instant,3,210,44,1.4019999999999998e-05,6.9138489999459125,True,0.3333333333333333,False
202,self_consistency,llama-3.1-8b-instant,5,350,92,2.4859999999999996e-05,11.418101799936267,True,0.2,False
202,self_consistency,llama-3.1-8b-instant,10,700,175,4.9e-05,22.669134399911854,True,0.1,False
202,semantic_entropy,llama-3.1-8b-instant,1,70,15,4.7e-06,2.3366204999911133,False,0.0,False
202,semantic_entropy,llama-3.1-8b-instant,3,210,44,1.4019999999999998e-05,6.9138489999459125,False,-0.0,False
202,semantic_entropy,llama-3.1-8b-instant,5,350,92,2.4859999999999996e-05,11.418101799936267,False,-0.0,False
202,semantic_entropy,llama-3.1-8b-instant,10,700,175,4.9e-05,22.669134399911854,False,-0.0,False
203,verbalized_confidence,llama-3.1-8b-instant,1,119,12,6.91e-06,2.205856799992034,False,80.0,True
203,llm_judge,llama-3.1-8b-instant,1,170,18,9.940000000000001e-06,4.4697624999971595,False,,False
203,self_consistency,llama-3.1-8b-instant,1,69,24,5.37e-06,2.257053500012262,False,1.0,False
203,self_consistency,llama-3.1-8b-instant,3,207,60,1.5149999999999999e-05,6.6983214000065345,True,0.3333333333333333,False
203,self_consistency,llama-3.1-8b-instant,5,345,91,2.4529999999999997e-05,11.190707000001566,True,0.2,False
203,self_consistency,llama-3.1-8b-instant,10,690,191,4.978e-05,22.418595100025414,True,0.1,False
203,semantic_entropy,llama-3.1-8b-instant,1,69,24,5.37e-06,2.257053500012262,False,0.0,False
203,semantic_entropy,llama-3.1-8b-instant,3,207,60,1.5149999999999999e-05,6.6983214000065345,False,0.5793801642856949,False
203,semantic_entropy,llama-3.1-8b-instant,5,345,91,2.4529999999999997e-05,11.190707000001566,True,0.8277293767706428,False
203,semantic_entropy,llama-3.1-8b-instant,10,690,191,4.978e-05,22.418595100025414,False,0.5331092497698138,False
204,verbalized_confidence,llama-3.1-8b-instant,1,119,12,6.91e-06,2.2049302000086755,False,100.0,False
204,llm_judge,llama-3.1-8b-instant,1,166,14,9.420000000000001e-06,4.465864999976475,False,,False
204,self_consistency,llama-3.1-8b-instant,1,69,20,5.050000000000001e-06,2.3514670000004116,False,1.0,False
204,self_consistency,llama-3.1-8b-instant,3,207,54,1.467e-05,6.845871499972418,True,0.3333333333333333,False
204,self_consistency,llama-3.1-8b-instant,5,345,82,2.381e-05,11.289010899956338,True,0.2,False
204,self_consistency,llama-3.1-8b-instant,10,690,156,4.698e-05,22.404077599931043,True,0.1,False
204,semantic_entropy,llama-3.1-8b-instant,1,69,20,5.050000000000001e-06,2.3514670000004116,False,0.0,False
204,semantic_entropy,llama-3.1-8b-instant,3,207,54,1.467e-05,6.845871499972418,False,-0.0,False
204,semantic_entropy,llama-3.1-8b-instant,5,345,82,2.381e-05,11.289010899956338,False,0.31091750708257115,False
204,semantic_entropy,llama-3.1-8b-instant,10,690,156,4.698e-05,22.404077599931043,False,0.4729032506370175,False
205,verbalized_confidence,llama-3.1-8b-instant,1,131,18,7.99e-06,2.2599627999879885,False,100.0,False
205,llm_judge,llama-3.1-8b-instant,1,189,13,1.049e-05,4.54465289998916,False,,False
205,self_consistency,llama-3.1-8b-instant,1,81,11,4.929999999999999e-06,2.240386999998009,False,1.0,False
205,self_consistency,llama-3.1-8b-instant,3,243,25,1.4149999999999998e-05,6.8272291000175755,True,0.3333333333333333,False
205,self_consistency,llama-3.1-8b-instant,5,405,52,2.441e-05,11.428841999993892,True,0.2,False
205,self_consistency,llama-3.1-8b-instant,10,810,111,4.937999999999999e-05,22.63041329997941,True,0.2,False
205,semantic_entropy,llama-3.1-8b-instant,1,81,11,4.929999999999999e-06,2.240386999998009,False,0.0,False
205,semantic_entropy,llama-3.1-8b-instant,3,243,25,1.4149999999999998e-05,6.8272291000175755,False,-0.0,False
205,semantic_entropy,llama-3.1-8b-instant,5,405,52,2.441e-05,11.428841999993892,False,0.5904362833084089,False
205,semantic_entropy,llama-3.1-8b-instant,10,810,111,4.937999999999999e-05,22.63041329997941,True,0.6160396270529163,False
206,verbalized_confidence,llama-3.1-8b-instant,1,122,31,8.580000000000001e-06,2.2562499000050593,False,80.0,False
206,llm_judge,llama-3.1-8b-instant,1,176,18,1.024e-05,4.469339100003708,False,,True
206,self_consistency,llama-3.1-8b-instant,1,72,26,5.68e-06,2.2448930999962613,False,1.0,True
206,self_consistency,llama-3.1-8b-instant,3,216,82,1.736e-05,6.756852099992102,True,0.3333333333333333,True
206,self_consistency,llama-3.1-8b-instant,5,360,141,2.9279999999999997e-05,11.41707409999799,True,0.2,True
206,self_consistency,llama-3.1-8b-instant,10,720,272,5.776e-05,23.33152039995184,True,0.1,True
206,semantic_entropy,llama-3.1-8b-instant,1,72,26,5.68e-06,2.2448930999962613,False,0.0,True
206,semantic_entropy,llama-3.1-8b-instant,3,216,82,1.736e-05,6.756852099992102,False,0.5793801642856949,True
206,semantic_entropy,llama-3.1-8b-instant,5,360,141,2.9279999999999997e-05,11.41707409999799,False,-0.0,True
206,semantic_entropy,llama-3.1-8b-instant,10,720,272,5.776e-05,23.33152039995184,False,0.2652949955741215,True
207,verbalized_confidence,llama-3.1-8b-instant,1,121,17,7.410000000000001e-06,2.234450599993579,False,80.0,False
207,llm_judge,llama-3.1-8b-instant,1,166,10,9.100000000000001e-06,4.412141599983443,False,,False
207,self_consistency,llama-3.1-8b-instant,1,71,17,4.9100000000000004e-06,2.2528712000057567,False,1.0,False
207,self_consistency,llama-3.1-8b-instant,3,213,35,1.3450000000000002e-05,6.741323499998543,True,0.3333333333333333,False
207,self_consistency,llama-3.1-8b-instant,5,355,58,2.2390000000000004e-05,11.311607600015122,True,0.2,False
207,self_consistency,llama-3.1-8b-instant,10,710,131,4.5980000000000004e-05,22.688201200013282,True,0.1,False
207,semantic_entropy,llama-3.1-8b-instant,1,71,17,4.9100000000000004e-06,2.2528712000057567,False,0.0,False
207,semantic_entropy,llama-3.1-8b-instant,3,213,35,1.3450000000000002e-05,6.741323499998543,True,0.9999999999999998,False
207,semantic_entropy,llama-3.1-8b-instant,5,355,58,2.2390000000000004e-05,11.311607600015122,True,0.6554587535412857,False
207,semantic_entropy,llama-3.1-8b-instant,10,710,131,4.5980000000000004e-05,22.688201200013282,True,0.6387640052032225,False
208,verbalized_confidence,llama-3.1-8b-instant,1,125,14,7.37e-06,2.3889918999921065,False,100.0,False
208,llm_judge,llama-3.1-8b-instant,1,172,8,9.24e-06,4.528246699977899,False,,False
208,self_consistency,llama-3.1-8b-instant,1,75,6,4.23e-06,2.204271800001152,False,1.0,False
208,self_consistency,llama-3.1-8b-instant,3,225,17,1.2610000000000001e-05,6.60853070000303,False,1.0,False
208,self_consistency,llama-3.1-8b-instant,5,375,29,2.107e-05,11.12610169997788,False,1.0,False
208,self_consistency,llama-3.1-8b-instant,10,750,58,4.213999999999999e-05,22.41863589998684,False,1.0,False
208,semantic_entropy,llama-3.1-8b-instant,1,75,6,4.23e-06,2.204271800001152,False,0.0,False
208,semantic_entropy,llama-3.1-8b-instant,3,225,17,1.2610000000000001e-05,6.60853070000303,False,-0.0,False
208,semantic_entropy,llama-3.1-8b-instant,5,375,29,2.107e-05,11.12610169997788,False,-0.0,False
208,semantic_entropy,llama-3.1-8b-instant,10,750,58,4.213999999999999e-05,22.41863589998684,False,-0.0,False
209,verbalized_confidence,llama-3.1-8b-instant,1,123,21,7.83e-06,2.281470600020839,False,90.0,True
209,llm_judge,llama-3.1-8b-instant,1,175,15,9.950000000000001e-06,4.533801000012318,False,,True
209,self_consistency,llama-3.1-8b-instant,1,73,12,4.61e-06,2.2565076999890152,False,1.0,True
209,self_consistency,llama-3.1-8b-instant,3,219,43,1.439e-05,6.722839699970791,True,0.3333333333333333,True
209,self_consistency,llama-3.1-8b-instant,5,365,64,2.337e-05,11.258971199975349,True,0.2,True
209,self_consistency,llama-3.1-8b-instant,10,730,138,4.7539999999999995e-05,22.43913469996187,True,0.1,True
209,semantic_entropy,llama-3.1-8b-instant,1,73,12,4.61e-06,2.2565076999890152,False,0.0,True
209,semantic_entropy,llama-3.1-8b-instant,3,219,43,1.439e-05,6.722839699970791,True,0.9999999999999998,True
209,semantic_entropy,llama-3.1-8b-instant,5,365,64,2.337e-05,11.258971199975349,True,0.6554587535412857,True
209,semantic_entropy,llama-3.1-8b-instant,10,730,138,4.7539999999999995e-05,22.43913469996187,True,0.6160396270529163,True
210,verbalized_confidence,llama-3.1-8b-instant,1,146,12,8.260000000000002e-06,2.2165371000010055,False,100.0,False
210,llm_judge,llama-3.1-8b-instant,1,209,6,1.0930000000000002e-05,4.44619740001508,False,,False
210,self_consistency,llama-3.1-8b-instant,1,95,4,5.070000000000001e-06,2.197891799994977,False,1.0,False
210,self_consistency,llama-3.1-8b-instant,3,285,12,1.5210000000000002e-05,6.701941199979046,False,1.0,False
210,self_consistency,llama-3.1-8b-instant,5,475,20,2.5350000000000003e-05,11.247065000003204,False,1.0,False
210,self_consistency,llama-3.1-8b-instant,10,950,40,5.070000000000001e-05,22.607374199986225,False,1.0,False
210,semantic_entropy,llama-3.1-8b-instant,1,95,4,5.070000000000001e-06,2.197891799994977,False,0.0,False
210,semantic_entropy,llama-3.1-8b-instant,3,285,12,1.5210000000000002e-05,6.701941199979046,False,-0.0,False
210,semantic_entropy,llama-3.1-8b-instant,5,475,20,2.5350000000000003e-05,11.247065000003204,False,-0.0,False
210,semantic_entropy,llama-3.1-8b-instant,10,950,40,5.070000000000001e-05,22.607374199986225,False,-0.0,False
211,verbalized_confidence,llama-3.1-8b-instant,1,116,12,6.7600000000000005e-06,2.2180974000075366,False,80.0,True
211,llm_judge,llama-3.1-8b-instant,1,159,13,8.99e-06,4.520982300018659,False,,True
211,self_consistency,llama-3.1-8b-instant,1,66,7,3.86e-06,2.379474100016523,False,1.0,True
211,self_consistency,llama-3.1-8b-instant,3,198,32,1.2460000000000001e-05,6.864243900025031,True,0.3333333333333333,True
211,self_consistency,llama-3.1-8b-instant,5,330,48,2.0340000000000002e-05,11.393288600025699,True,0.2,True
211,self_consistency,llama-3.1-8b-instant,10,660,87,3.9960000000000004e-05,22.601376600010553,True,0.2,True
211,semantic_entropy,llama-3.1-8b-instant,1,66,7,3.86e-06,2.379474100016523,False,0.0,True
211,semantic_entropy,llama-3.1-8b-instant,3,198,32,1.2460000000000001e-05,6.864243900025031,True,0.9999999999999998,True
211,semantic_entropy,llama-3.1-8b-instant,5,330,48,2.0340000000000002e-05,11.393288600025699,True,0.8277293767706428,True
211,semantic_entropy,llama-3.1-8b-instant,10,660,87,3.9960000000000004e-05,22.601376600010553,True,0.6160396270529163,True
212,verbalized_confidence,llama-3.1-8b-instant,1,119,13,6.99e-06,2.3467850999732036,False,100.0,False
212,llm_judge,llama-3.1-8b-instant,1,166,14,9.420000000000001e-06,4.550387299997965,False,,False
212,self_consistency,llama-3.1-8b-instant,1,69,13,4.49e-06,2.2511163000017405,False,1.0,False
212,self_consistency,llama-3.1-8b-instant,3,207,35,1.3150000000000001e-05,6.692719100014074,False,0.6666666666666666,False
212,self_consistency,llama-3.1-8b-instant,5,345,57,2.1810000000000003e-05,11.106158400012646,True,0.4,False
212,self_consistency,llama-3.1-8b-instant,10,690,114,4.3620000000000006e-05,22.48486789999879,False,0.5,False
212,semantic_entropy,llama-3.1-8b-instant,1,69,13,4.49e-06,2.2511163000017405,False,0.0,False
212,semantic_entropy,llama-3.1-8b-instant,3,207,35,1.3150000000000001e-05,6.692719100014074,False,-0.0,False
212,semantic_entropy,llama-3.1-8b-instant,5,345,57,2.1810000000000003e-05,11.106158400012646,False,-0.0,False
212,semantic_entropy,llama-3.1-8b-instant,10,690,114,4.3620000000000006e-05,22.48486789999879,False,-0.0,False
213,verbalized_confidence,llama-3.1-8b-instant,1,116,12,6.7600000000000005e-06,2.232846300001256,False,100.0,False
213,llm_judge,llama-3.1-8b-instant,1,156,10,8.6e-06,4.6183339999988675,False,,False
213,self_consistency,llama-3.1-8b-instant,1,66,3,3.54e-06,2.208442199975252,False,1.0,False
213,self_consistency,llama-3.1-8b-instant,3,198,9,1.062e-05,6.6179762999818195,False,1.0,False
213,self_consistency,llama-3.1-8b-instant,5,330,15,1.77e-05,11.046176599978935,False,1.0,False
213,self_consistency,llama-3.1-8b-instant,10,660,70,3.86e-05,22.438238700007787,False,0.6,False
213,semantic_entropy,llama-3.1-8b-instant,1,66,3,3.54e-06,2.208442199975252,False,0.0,False
213,semantic_entropy,llama-3.1-8b-instant,3,198,9,1.062e-05,6.6179762999818195,False,-0.0,False
213,semantic_entropy,llama-3.1-8b-instant,5,330,15,1.77e-05,11.046176599978935,False,-0.0,False
213,semantic_entropy,llama-3.1-8b-instant,10,660,70,3.86e-05,22.438238700007787,False,0.29228525323862886,False
214,verbalized_confidence,llama-3.1-8b-instant,1,115,12,6.71e-06,2.346127999975579,False,100.0,False
214,llm_judge,llama-3.1-8b-instant,1,154,10,8.5e-06,4.460580099985236,False,,True
214,self_consistency,llama-3.1-8b-instant,1,65,9,3.97e-06,2.230986899987329,False,1.0,False
214,self_consistency,llama-3.1-8b-instant,3,195,20,1.135e-05,6.694696299993666,True,0.3333333333333333,False
214,self_consistency,llama-3.1-8b-instant,5,325,71,2.1930000000000002e-05,11.202132099977462,True,0.2,False
214,self_consistency,llama-3.1-8b-instant,10,650,137,4.346e-05,22.629391099966597,True,0.3,False
214,semantic_entropy,llama-3.1-8b-instant,1,65,9,3.97e-06,2.230986899987329,False,0.0,False
214,semantic_entropy,llama-3.1-8b-instant,3,195,20,1.135e-05,6.694696299993666,True,0.9999999999999998,False
214,semantic_entropy,llama-3.1-8b-instant,5,325,71,2.1930000000000002e-05,11.202132099977462,False,0.5904362833084089,False
214,semantic_entropy,llama-3.1-8b-instant,10,650,137,4.346e-05,22.629391099966597,False,0.34822537285722394,False
215,verbalized_confidence,llama-3.1-8b-instant,1,133,17,8.01e-06,2.2458123000105843,False,100.0,True
215,llm_judge,llama-3.1-8b-instant,1,192,12,1.056e-05,4.523870100005297,False,,True
215,self_consistency,llama-3.1-8b-instant,1,83,8,4.79e-06,2.2038605000125244,False,1.0,True
215,self_consistency,llama-3.1-8b-instant,3,249,30,1.485e-05,6.780752399994526,False,0.6666666666666666,True
215,self_consistency,llama-3.1-8b-instant,5,415,54,2.5070000000000002e-05,11.25012899999274,True,0.4,True
215,self_consistency,llama-3.1-8b-instant,10,830,114,5.062000000000001e-05,22.483638699981384,True,0.4,False
215,semantic_entropy,llama-3.1-8b-instant,1,83,8,4.79e-06,2.2038605000125244,False,0.0,True
215,semantic_entropy,llama-3.1-8b-instant,3,249,30,1.485e-05,6.780752399994526,False,0.5793801642856949,True
215,semantic_entropy,llama-3.1-8b-instant,5,415,54,2.5070000000000002e-05,11.25012899999274,False,0.4181656600790517,True
215,semantic_entropy,llama-3.1-8b-instant,10,830,114,5.062000000000001e-05,22.483638699981384,False,0.30102999566398114,True
216,verbalized_confidence,llama-3.1-8b-instant,1,118,12,6.86e-06,2.3443906999891624,False,100.0,False
216,llm_judge,llama-3.1-8b-instant,1,166,16,9.580000000000001e-06,4.460303100000601,False,,False
216,self_consistency,llama-3.1-8b-instant,1,68,14,4.520000000000001e-06,2.2359527999942657,False,1.0,False
216,self_consistency,llama-3.1-8b-instant,3,204,44,1.372e-05,6.880883399979211,True,0.3333333333333333,False
216,self_consistency,llama-3.1-8b-instant,5,340,68,2.2440000000000002e-05,11.363093799969647,True,0.2,False
216,self_consistency,llama-3.1-8b-instant,10,680,126,4.4080000000000005e-05,22.661334299948066,True,0.1,False
216,semantic_entropy,llama-3.1-8b-instant,1,68,14,4.520000000000001e-06,2.2359527999942657,False,0.0,False
216,semantic_entropy,llama-3.1-8b-instant,3,204,44,1.372e-05,6.880883399979211,False,0.5793801642856949,False
216,semantic_entropy,llama-3.1-8b-instant,5,340,68,2.2440000000000002e-05,11.363093799969647,False,0.31091750708257115,False
216,semantic_entropy,llama-3.1-8b-instant,10,680,126,4.4080000000000005e-05,22.661334299948066,False,0.34822537285722394,False
217,verbalized_confidence,llama-3.1-8b-instant,1,116,12,6.7600000000000005e-06,2.3288844999915455,False,100.0,False
217,llm_judge,llama-3.1-8b-instant,1,151,6,8.03e-06,4.413286099996185,True,,False
217,self_consistency,llama-3.1-8b-instant,1,66,3,3.54e-06,2.31646540001384,False,1.0,False
217,self_consistency,llama-3.1-8b-instant,3,198,9,1.062e-05,6.741581100039184,False,1.0,False
217,self_consistency,llama-3.1-8b-instant,5,330,15,1.77e-05,11.182551300036721,False,1.0,False
217,self_consistency,llama-3.1-8b-instant,10,660,34,3.5720000000000004e-05,22.467802500003017,False,0.9,False
217,semantic_entropy,llama-3.1-8b-instant,1,66,3,3.54e-06,2.31646540001384,False,0.0,False
217,semantic_entropy,llama-3.1-8b-instant,3,198,9,1.062e-05,6.741581100039184,False,-0.0,False
217,semantic_entropy,llama-3.1-8b-instant,5,330,15,1.77e-05,11.182551300036721,False,-0.0,False
217,semantic_entropy,llama-3.1-8b-instant,10,660,34,3.5720000000000004e-05,22.467802500003017,False,0.14118174150460758,False
218,verbalized_confidence,llama-3.1-8b-instant,1,120,12,6.96e-06,2.2193991000240203,False,100.0,False
218,llm_judge,llama-3.1-8b-instant,1,169,15,9.65e-06,4.51289280000492,False,,False
218,self_consistency,llama-3.1-8b-instant,1,70,7,4.06e-06,2.2189734999847133,False,1.0,False
218,self_consistency,llama-3.1-8b-instant,3,210,29,1.282e-05,6.681079099973431,True,0.3333333333333333,False
218,self_consistency,llama-3.1-8b-instant,5,350,57,2.206e-05,11.238269399967976,True,0.2,False
218,self_consistency,llama-3.1-8b-instant,10,700,125,4.5e-05,22.422711399995023,True,0.3,False
218,semantic_entropy,llama-3.1-8b-instant,1,70,7,4.06e-06,2.2189734999847133,False,0.0,False
218,semantic_entropy,llama-3.1-8b-instant,3,210,29,1.282e-05,6.681079099973431,False,0.5793801642856949,False
218,semantic_entropy,llama-3.1-8b-instant,5,350,57,2.206e-05,11.238269399967976,False,0.31091750708257115,False
218,semantic_entropy,llama-3.1-8b-instant,10,700,125,4.5e-05,22.422711399995023,False,0.2775280104064451,False
219,verbalized_confidence,llama-3.1-8b-instant,1,124,13,7.24e-06,2.328083800006425,False,95.0,True
219,llm_judge,llama-3.1-8b-instant,1,168,6,8.88e-06,4.457617000007303,False,,True
219,self_consistency,llama-3.1-8b-instant,1,74,4,4.0200000000000005e-06,2.22249680000823,False,1.0,True
219,self_consistency,llama-3.1-8b-instant,3,222,12,1.2060000000000001e-05,6.659611400013091,False,1.0,True
219,self_consistency,llama-3.1-8b-instant,5,370,30,2.09e-05,11.063226199999917,False,0.8,True
219,self_consistency,llama-3.1-8b-instant,10,740,68,4.2439999999999993e-05,22.20038270004443,False,0.8,True
219,semantic_entropy,llama-3.1-8b-instant,1,74,4,4.0200000000000005e-06,2.22249680000823,False,0.0,True
219,semantic_entropy,llama-3.1-8b-instant,3,222,12,1.2060000000000001e-05,6.659611400013091,False,-0.0,True
219,semantic_entropy,llama-3.1-8b-instant,5,370,30,2.09e-05,11.063226199999917,False,0.31091750708257115,True
219,semantic_entropy,llama-3.1-8b-instant,10,740,68,4.2439999999999993e-05,22.20038270004443,False,0.21732201127364886,True
220,verbalized_confidence,llama-3.1-8b-instant,1,120,14,7.1200000000000004e-06,2.246626299980562,False,80.0,True
220,llm_judge,llama-3.1-8b-instant,1,161,7,8.61e-06,4.54396270000143,False,,True
220,self_consistency,llama-3.1-8b-instant,1,70,9,4.219999999999999e-06,2.2160666000272613,False,1.0,True
220,self_consistency,llama-3.1-8b-instant,3,210,27,1.2659999999999997e-05,6.783516200026497,False,0.6666666666666666,True
220,self_consistency,llama-3.1-8b-instant,5,350,37,2.0459999999999997e-05,11.198673700040672,True,0.4,True
220,self_consistency,llama-3.1-8b-instant,10,700,80,4.139999999999999e-05,22.333536100020865,True,0.4,True
220,semantic_entropy,llama-3.1-8b-instant,1,70,9,4.219999999999999e-06,2.2160666000272613,False,0.0,True
220,semantic_entropy,llama-3.1-8b-instant,3,210,27,1.2659999999999997e-05,6.783516200026497,False,-0.0,True
220,semantic_entropy,llama-3.1-8b-instant,5,350,37,2.0459999999999997e-05,11.198673700040672,False,0.4181656600790517,True
220,semantic_entropy,llama-3.1-8b-instant,10,700,80,4.139999999999999e-05,22.333536100020865,False,0.2652949955741215,True
221,verbalized_confidence,llama-3.1-8b-instant,1,120,14,7.1200000000000004e-06,2.2247519999800716,False,100.0,False
221,llm_judge,llama-3.1-8b-instant,1,169,15,9.65e-06,4.596326900005806,False,,False
221,self_consistency,llama-3.1-8b-instant,1,70,9,4.219999999999999e-06,2.2136593000032008,False,1.0,False
221,self_consistency,llama-3.1-8b-instant,3,210,36,1.3379999999999997e-05,6.691929100023117,True,0.3333333333333333,False
221,self_consistency,llama-3.1-8b-instant,5,350,58,2.2139999999999998e-05,11.290332400007173,True,0.2,False
221,self_consistency,llama-3.1-8b-instant,10,700,148,4.684e-05,22.59563980004168,True,0.1,False
221,semantic_entropy,llama-3.1-8b-instant,1,70,9,4.219999999999999e-06,2.2136593000032008,False,0.0,False
221,semantic_entropy,llama-3.1-8b-instant,3,210,36,1.3379999999999997e-05,6.691929100023117,True,0.9999999999999998,False
221,semantic_entropy,llama-3.1-8b-instant,5,350,58,2.2139999999999998e-05,11.290332400007173,True,1.0000000000000002,False
221,semantic_entropy,llama-3.1-8b-instant,10,700,148,4.684e-05,22.59563980004168,True,0.9397940008672035,False
222,verbalized_confidence,llama-3.1-8b-instant,1,123,21,7.83e-06,2.2608545000257436,False,90.0,False
222,llm_judge,llama-3.1-8b-instant,1,174,14,9.820000000000001e-06,4.4189135000051465,False,,True
222,self_consistency,llama-3.1-8b-instant,1,73,12,4.61e-06,2.229573899996467,False,1.0,True
222,self_consistency,llama-3.1-8b-instant,3,219,48,1.479e-05,6.698139099986292,False,0.6666666666666666,True
222,self_consistency,llama-3.1-8b-instant,5,365,72,2.4010000000000002e-05,11.15068649998284,False,0.6,True
222,self_consistency,llama-3.1-8b-instant,10,730,134,4.722e-05,22.580461099976674,True,0.3,True
222,semantic_entropy,llama-3.1-8b-instant,1,73,12,4.61e-06,2.229573899996467,False,0.0,True
222,semantic_entropy,llama-3.1-8b-instant,3,219,48,1.479e-05,6.698139099986292,False,0.5793801642856949,True
222,semantic_entropy,llama-3.1-8b-instant,5,365,72,2.4010000000000002e-05,11.15068649998284,False,0.31091750708257115,True
222,semantic_entropy,llama-3.1-8b-instant,10,730,134,4.722e-05,22.580461099976674,False,0.21732201127364886,True
223,verbalized_confidence,llama-3.1-8b-instant,1,139,13,7.99e-06,2.225860200007446,False,100.0,True
223,llm_judge,llama-3.1-8b-instant,1,198,7,1.0460000000000001e-05,4.472473999980139,False,,True
223,self_consistency,llama-3.1-8b-instant,1,89,7,5.0099999999999995e-06,2.2029366999922786,False,1.0,False
223,self_consistency,llama-3.1-8b-instant,3,267,19,1.487e-05,6.668543199979467,False,0.6666666666666666,False
223,self_consistency,llama-3.1-8b-instant,5,445,29,2.457e-05,11.171777699986706,False,0.6,True
223,self_consistency,llama-3.1-8b-instant,10,890,54,4.882000000000001e-05,22.257004499959294,False,0.8,True
223,semantic_entropy,llama-3.1-8b-instant,1,89,7,5.0099999999999995e-06,2.2029366999922786,False,0.0,False
223,semantic_entropy,llama-3.1-8b-instant,3,267,19,1.487e-05,6.668543199979467,False,0.5793801642856949,False
223,semantic_entropy,llama-3.1-8b-instant,5,445,29,2.457e-05,11.171777699986706,False,0.4181656600790517,False
223,semantic_entropy,llama-3.1-8b-instant,10,890,54,4.882000000000001e-05,22.257004499959294,False,0.21732201127364886,False
224,verbalized_confidence,llama-3.1-8b-instant,1,119,12,6.91e-06,2.318852100026561,False,90.0,True
224,llm_judge,llama-3.1-8b-instant,1,166,14,9.420000000000001e-06,4.423314399988158,False,,True
224,self_consistency,llama-3.1-8b-instant,1,69,17,4.8100000000000005e-06,2.388039600016782,False,1.0,False
224,self_consistency,llama-3.1-8b-instant,3,207,41,1.363e-05,6.999612400017213,True,0.3333333333333333,False
224,self_consistency,llama-3.1-8b-instant,5,345,81,2.373e-05,11.726474900031462,True,0.2,False
224,self_consistency,llama-3.1-8b-instant,10,690,160,4.730000000000001e-05,23.47508410003502,True,0.2,True
224,semantic_entropy,llama-3.1-8b-instant,1,69,17,4.8100000000000005e-06,2.388039600016782,False,0.0,False
224,semantic_entropy,llama-3.1-8b-instant,3,207,41,1.363e-05,6.999612400017213,False,0.5793801642856949,False
224,semantic_entropy,llama-3.1-8b-instant,5,345,81,2.373e-05,11.726474900031462,False,0.5904362833084089,False
224,semantic_entropy,llama-3.1-8b-instant,10,690,160,4.730000000000001e-05,23.47508410003502,False,0.5903089986991943,False
225,verbalized_confidence,llama-3.1-8b-instant,1,125,23,8.09e-06,2.3617186000046786,False,100.0,True
225,llm_judge,llama-3.1-8b-instant,1,181,17,1.041e-05,4.569924699986586,False,,True
225,self_consistency,llama-3.1-8b-instant,1,75,12,4.71e-06,2.321016200003214,False,1.0,True
225,self_consistency,llama-3.1-8b-instant,3,225,39,1.437e-05,6.997292900021421,True,0.3333333333333333,True
225,self_consistency,llama-3.1-8b-instant,5,375,67,2.4109999999999998e-05,11.668455400009407,True,0.2,True
225,self_consistency,llama-3.1-8b-instant,10,750,142,4.886e-05,23.07514960001572,True,0.1,True
225,semantic_entropy,llama-3.1-8b-instant,1,75,12,4.71e-06,2.321016200003214,False,0.0,True
225,semantic_entropy,llama-3.1-8b-instant,3,225,39,1.437e-05,6.997292900021421,False,-0.0,True
225,semantic_entropy,llama-3.1-8b-instant,5,375,67,2.4109999999999998e-05,11.668455400009407,False,-0.0,True
225,semantic_entropy,llama-3.1-8b-instant,10,750,142,4.886e-05,23.07514960001572,False,-0.0,True
226,verbalized_confidence,llama-3.1-8b-instant,1,116,12,6.7600000000000005e-06,2.2138416999951005,False,100.0,False
226,llm_judge,llama-3.1-8b-instant,1,159,14,9.07e-06,4.435564000013983,False,,False
226,self_consistency,llama-3.1-8b-instant,1,66,7,3.86e-06,2.3419376999954693,False,1.0,False
226,self_consistency,llama-3.1-8b-instant,3,198,32,1.246e-05,6.918442999973195,True,0.3333333333333333,False
226,self_consistency,llama-3.1-8b-instant,5,330,57,2.1059999999999998e-05,11.36964999997872,True,0.4,False
226,self_consistency,llama-3.1-8b-instant,10,660,109,4.172e-05,22.534258499974385,True,0.4,False
226,semantic_entropy,llama-3.1-8b-instant,1,66,7,3.86e-06,2.3419376999954693,False,0.0,False
226,semantic_entropy,llama-3.1-8b-instant,3,198,32,1.246e-05,6.918442999973195,False,0.5793801642856949,False
226,semantic_entropy,llama-3.1-8b-instant,5,330,57,2.1059999999999998e-05,11.36964999997872,False,0.31091750708257115,False
226,semantic_entropy,llama-3.1-8b-instant,10,660,109,4.172e-05,22.534258499974385,False,0.2775280104064451,False
227,verbalized_confidence,llama-3.1-8b-instant,1,144,12,8.16e-06,2.252220900001703,False,100.0,False
227,llm_judge,llama-3.1-8b-instant,1,208,6,1.0880000000000001e-05,4.516679899999872,False,,False
227,self_consistency,llama-3.1-8b-instant,1,94,4,5.02e-06,2.214493000006769,False,1.0,False
227,self_consistency,llama-3.1-8b-instant,3,282,14,1.5220000000000002e-05,6.746607399982167,False,1.0,False
227,self_consistency,llama-3.1-8b-instant,5,470,21,2.5180000000000003e-05,11.17315809999127,False,0.8,False
227,self_consistency,llama-3.1-8b-instant,10,940,82,5.356000000000001e-05,22.815554299973883,False,0.7,False
227,semantic_entropy,llama-3.1-8b-instant,1,94,4,5.02e-06,2.214493000006769,False,0.0,False
227,semantic_entropy,llama-3.1-8b-instant,3,282,14,1.5220000000000002e-05,6.746607399982167,False,-0.0,False
227,semantic_entropy,llama-3.1-8b-instant,5,470,21,2.5180000000000003e-05,11.17315809999127,False,0.31091750708257115,False
227,semantic_entropy,llama-3.1-8b-instant,10,940,82,5.356000000000001e-05,22.815554299973883,False,0.2775280104064451,False
228,verbalized_confidence,llama-3.1-8b-instant,1,125,14,7.37e-06,2.2332511999993585,False,80.0,True
228,llm_judge,llama-3.1-8b-instant,1,174,10,9.5e-06,4.398743700003251,False,,True
228,self_consistency,llama-3.1-8b-instant,1,75,5,4.15e-06,2.2101852000050712,False,1.0,True
228,self_consistency,llama-3.1-8b-instant,3,225,40,1.4449999999999999e-05,6.727378600015072,True,0.3333333333333333,True
228,self_consistency,llama-3.1-8b-instant,5,375,62,2.3709999999999998e-05,11.173620600020513,True,0.4,True
228,self_consistency,llama-3.1-8b-instant,10,750,163,5.0539999999999994e-05,22.502601499989396,True,0.2,True
228,semantic_entropy,llama-3.1-8b-instant,1,75,5,4.15e-06,2.2101852000050712,False,0.0,True
228,semantic_entropy,llama-3.1-8b-instant,3,225,40,1.4449999999999999e-05,6.727378600015072,True,0.9999999999999998,True
228,semantic_entropy,llama-3.1-8b-instant,5,375,62,2.3709999999999998e-05,11.173620600020513,False,0.5904362833084089,True
228,semantic_entropy,llama-3.1-8b-instant,10,750,163,5.0539999999999994e-05,22.502601499989396,True,0.6505149978319904,True
229,verbalized_confidence,llama-3.1-8b-instant,1,120,17,7.360000000000001e-06,2.3390573000069708,False,80.0,True
229,llm_judge,llama-3.1-8b-instant,1,163,9,8.870000000000001e-06,4.417569899989758,False,,True
229,self_consistency,llama-3.1-8b-instant,1,70,7,4.06e-06,2.2871213000034913,False,1.0,True
229,self_consistency,llama-3.1-8b-instant,3,210,19,1.202e-05,6.827992299979087,False,0.6666666666666666,False
229,self_consistency,llama-3.1-8b-instant,5,350,30,1.9900000000000003e-05,11.404046999959974,True,0.4,False
229,self_consistency,llama-3.1-8b-instant,10,700,93,4.244000000000001e-05,23.42101650001132,True,0.2,True
229,semantic_entropy,llama-3.1-8b-instant,1,70,7,4.06e-06,2.2871213000034913,False,0.0,True
229,semantic_entropy,llama-3.1-8b-instant,3,210,19,1.202e-05,6.827992299979087,False,0.5793801642856949,True
229,semantic_entropy,llama-3.1-8b-instant,5,350,30,1.9900000000000003e-05,11.404046999959974,True,0.8277293767706428,True
229,semantic_entropy,llama-3.1-8b-instant,10,700,93,4.244000000000001e-05,23.42101650001132,True,0.8795880017344073,True
230,verbalized_confidence,llama-3.1-8b-instant,1,130,13,7.54e-06,2.22899299999699,False,100.0,False
230,llm_judge,llama-3.1-8b-instant,1,181,6,9.530000000000002e-06,4.676375899987761,True,,True
230,self_consistency,llama-3.1-8b-instant,1,80,3,4.24e-06,2.29950250001275,False,1.0,False
230,self_consistency,llama-3.1-8b-instant,3,240,11,1.2879999999999999e-05,6.917884900001809,False,1.0,False
230,self_consistency,llama-3.1-8b-instant,5,400,18,2.1439999999999998e-05,11.334738299978198,False,1.0,False
230,self_consistency,llama-3.1-8b-instant,10,800,61,4.488e-05,22.850449699995806,False,0.8,False
230,semantic_entropy,llama-3.1-8b-instant,1,80,3,4.24e-06,2.29950250001275,False,0.0,False
230,semantic_entropy,llama-3.1-8b-instant,3,240,11,1.2879999999999999e-05,6.917884900001809,False,-0.0,False
230,semantic_entropy,llama-3.1-8b-instant,5,400,18,2.1439999999999998e-05,11.334738299978198,False,-0.0,False
230,semantic_entropy,llama-3.1-8b-instant,10,800,61,4.488e-05,22.850449699995806,False,0.2775280104064451,False
231,verbalized_confidence,llama-3.1-8b-instant,1,117,14,6.970000000000001e-06,2.3374245000013616,False,100.0,False
231,llm_judge,llama-3.1-8b-instant,1,155,7,8.31e-06,4.552943199989386,True,,False
231,self_consistency,llama-3.1-8b-instant,1,67,5,3.75e-06,2.207517500006361,False,1.0,False
231,self_consistency,llama-3.1-8b-instant,3,201,15,1.125e-05,6.780014899966773,False,1.0,False
231,self_consistency,llama-3.1-8b-instant,5,335,25,1.8750000000000002e-05,11.211871699983021,False,1.0,False
231,self_consistency,llama-3.1-8b-instant,10,670,51,3.758e-05,22.491139999969164,False,0.8,False
231,semantic_entropy,llama-3.1-8b-instant,1,67,5,3.75e-06,2.207517500006361,False,0.0,False
231,semantic_entropy,llama-3.1-8b-instant,3,201,15,1.125e-05,6.780014899966773,False,-0.0,False
231,semantic_entropy,llama-3.1-8b-instant,5,335,25,1.8750000000000002e-05,11.211871699983021,False,-0.0,False
231,semantic_entropy,llama-3.1-8b-instant,10,670,51,3.758e-05,22.491139999969164,False,0.21732201127364886,False
232,verbalized_confidence,llama-3.1-8b-instant,1,119,15,7.15e-06,2.3466318999999203,False,90.0,False
232,llm_judge,llama-3.1-8b-instant,1,160,8,8.64e-06,4.40802000000258,False,,False
232,self_consistency,llama-3.1-8b-instant,1,69,10,4.25e-06,2.2284262999892235,False,1.0,False
232,self_consistency,llama-3.1-8b-instant,3,207,22,1.2110000000000001e-05,6.651228899980197,False,0.6666666666666666,False
232,self_consistency,llama-3.1-8b-instant,5,345,46,2.093e-05,11.135324499977287,True,0.4,False
232,self_consistency,llama-3.1-8b-instant,10,690,94,4.202e-05,22.5311596999818,True,0.3,False
232,semantic_entropy,llama-3.1-8b-instant,1,69,10,4.25e-06,2.2284262999892235,False,0.0,False
232,semantic_entropy,llama-3.1-8b-instant,3,207,22,1.2110000000000001e-05,6.651228899980197,False,0.5793801642856949,False
232,semantic_entropy,llama-3.1-8b-instant,5,345,46,2.093e-05,11.135324499977287,False,0.31091750708257115,False
232,semantic_entropy,llama-3.1-8b-instant,10,690,94,4.202e-05,22.5311596999818,False,0.44717262228329563,False
233,verbalized_confidence,llama-3.1-8b-instant,1,134,12,7.66e-06,2.2296523000113666,False,80.0,False
233,llm_judge,llama-3.1-8b-instant,1,191,9,1.0270000000000002e-05,4.589280399988638,False,,False
233,self_consistency,llama-3.1-8b-instant,1,84,8,4.84e-06,2.226914400001988,False,1.0,False
233,self_consistency,llama-3.1-8b-instant,3,252,18,1.4040000000000001e-05,6.651075900008436,False,0.6666666666666666,False
233,self_consistency,llama-3.1-8b-instant,5,420,32,2.3560000000000005e-05,11.133246900048107,False,0.8,False
233,self_consistency,llama-3.1-8b-instant,10,840,68,4.744000000000001e-05,22.415165300044464,False,0.8,False
233,semantic_entropy,llama-3.1-8b-instant,1,84,8,4.84e-06,2.226914400001988,False,0.0,False
233,semantic_entropy,llama-3.1-8b-instant,3,252,18,1.4040000000000001e-05,6.651075900008436,False,0.5793801642856949,False
233,semantic_entropy,llama-3.1-8b-instant,5,420,32,2.3560000000000005e-05,11.133246900048107,False,0.31091750708257115,False
233,semantic_entropy,llama-3.1-8b-instant,10,840,68,4.744000000000001e-05,22.415165300044464,False,0.14118174150460758,False
234,verbalized_confidence,llama-3.1-8b-instant,1,119,14,7.07e-06,2.235356799996225,False,90.0,False
234,llm_judge,llama-3.1-8b-instant,1,171,19,1.007e-05,4.459723900014069,False,,False
234,self_consistency,llama-3.1-8b-instant,1,69,11,4.33e-06,2.26063589999103,False,1.0,False
234,self_consistency,llama-3.1-8b-instant,3,207,35,1.3150000000000001e-05,6.926069000008283,True,0.3333333333333333,False
234,self_consistency,llama-3.1-8b-instant,5,345,59,2.197e-05,11.386193899990758,True,0.2,False
234,self_consistency,llama-3.1-8b-instant,10,690,114,4.3620000000000006e-05,22.616190200002166,True,0.1,False
234,semantic_entropy,llama-3.1-8b-instant,1,69,11,4.33e-06,2.26063589999103,False,0.0,False
234,semantic_entropy,llama-3.1-8b-instant,3,207,35,1.3150000000000001e-05,6.926069000008283,False,-0.0,False
234,semantic_entropy,llama-3.1-8b-instant,5,345,59,2.197e-05,11.386193899990758,False,0.31091750708257115,False
234,semantic_entropy,llama-3.1-8b-instant,10,690,114,4.3620000000000006e-05,22.616190200002166,False,0.5301029995663982,False
235,verbalized_confidence,llama-3.1-8b-instant,1,117,12,6.810000000000001e-06,2.2268466999812517,False,100.0,False
235,llm_judge,llama-3.1-8b-instant,1,154,6,8.180000000000001e-06,4.437985399999889,False,,False
235,self_consistency,llama-3.1-8b-instant,1,67,13,4.39e-06,2.213528899999801,False,1.0,False
235,self_consistency,llama-3.1-8b-instant,3,201,31,1.2529999999999999e-05,6.728468099987367,True,0.3333333333333333,False
235,self_consistency,llama-3.1-8b-instant,5,335,38,1.979e-05,11.273673399991821,False,0.6,False
235,self_consistency,llama-3.1-8b-instant,10,670,71,3.9179999999999994e-05,22.892587300011655,False,0.6,False
235,semantic_entropy,llama-3.1-8b-instant,1,67,13,4.39e-06,2.213528899999801,False,0.0,False
235,semantic_entropy,llama-3.1-8b-instant,3,201,31,1.2529999999999999e-05,6.728468099987367,False,0.5793801642856949,False
235,semantic_entropy,llama-3.1-8b-instant,5,335,38,1.979e-05,11.273673399991821,False,0.4181656600790517,False
235,semantic_entropy,llama-3.1-8b-instant,10,670,71,3.9179999999999994e-05,22.892587300011655,False,0.29228525323862886,False
236,verbalized_confidence,llama-3.1-8b-instant,1,118,19,7.42e-06,2.240284100000281,False,80.0,False
236,llm_judge,llama-3.1-8b-instant,1,174,24,1.062e-05,4.674270099989371,False,,False
236,self_consistency,llama-3.1-8b-instant,1,68,31,5.8800000000000005e-06,2.2684887000068557,False,1.0,False
236,self_consistency,llama-3.1-8b-instant,3,204,48,1.4040000000000001e-05,6.700280699995346,True,0.3333333333333333,False
236,self_consistency,llama-3.1-8b-instant,5,340,89,2.412e-05,11.30543179999222,True,0.2,False
236,self_consistency,llama-3.1-8b-instant,10,680,176,4.8079999999999994e-05,22.462261499953456,True,0.1,False
236,semantic_entropy,llama-3.1-8b-instant,1,68,31,5.8800000000000005e-06,2.2684887000068557,False,0.0,False
236,semantic_entropy,llama-3.1-8b-instant,3,204,48,1.4040000000000001e-05,6.700280699995346,False,0.5793801642856949,False
236,semantic_entropy,llama-3.1-8b-instant,5,340,89,2.412e-05,11.30543179999222,True,0.8277293767706428,False
236,semantic_entropy,llama-3.1-8b-instant,10,680,176,4.8079999999999994e-05,22.462261499953456,True,0.6762456261857126,False
237,verbalized_confidence,llama-3.1-8b-instant,1,121,22,7.81e-06,2.2672392000094987,False,80.0,True
237,llm_judge,llama-3.1-8b-instant,1,175,20,1.0350000000000001e-05,4.430391200003214,True,,True
237,self_consistency,llama-3.1-8b-instant,1,71,10,4.350000000000001e-06,2.3102828999981284,False,1.0,True
237,self_consistency,llama-3.1-8b-instant,3,213,37,1.361e-05,6.889112499979092,True,0.3333333333333333,True
237,self_consistency,llama-3.1-8b-instant,5,355,84,2.4469999999999998e-05,11.384900300006848,True,0.2,True
237,self_consistency,llama-3.1-8b-instant,10,710,164,4.861999999999999e-05,22.52396019999287,True,0.2,True
237,semantic_entropy,llama-3.1-8b-instant,1,71,10,4.350000000000001e-06,2.3102828999981284,False,0.0,True
237,semantic_entropy,llama-3.1-8b-instant,3,213,37,1.361e-05,6.889112499979092,True,0.9999999999999998,True
237,semantic_entropy,llama-3.1-8b-instant,5,355,84,2.4469999999999998e-05,11.384900300006848,True,0.6554587535412857,True
237,semantic_entropy,llama-3.1-8b-instant,10,710,164,4.861999999999999e-05,22.52396019999287,False,0.44717262228329563,True
238,verbalized_confidence,llama-3.1-8b-instant,1,119,19,7.4700000000000005e-06,2.2422648000065237,False,100.0,False
238,llm_judge,llama-3.1-8b-instant,1,164,12,9.16e-06,4.406668700015871,False,,False
238,self_consistency,llama-3.1-8b-instant,1,69,10,4.25e-06,2.3113081000046805,False,1.0,False
238,self_consistency,llama-3.1-8b-instant,3,207,30,1.275e-05,6.918674699991243,False,1.0,False
238,self_consistency,llama-3.1-8b-instant,5,345,50,2.125e-05,11.43783879998955,False,1.0,False
238,self_consistency,llama-3.1-8b-instant,10,690,100,4.250000000000001e-05,22.590154299978167,False,1.0,False
238,semantic_entropy,llama-3.1-8b-instant,1,69,10,4.25e-06,2.3113081000046805,False,0.0,False
238,semantic_entropy,llama-3.1-8b-instant,3,207,30,1.275e-05,6.918674699991243,False,-0.0,False
238,semantic_entropy,llama-3.1-8b-instant,5,345,50,2.125e-05,11.43783879998955,False,-0.0,False
238,semantic_entropy,llama-3.1-8b-instant,10,690,100,4.250000000000001e-05,22.590154299978167,False,-0.0,False
239,verbalized_confidence,llama-3.1-8b-instant,1,123,17,7.510000000000001e-06,2.227211899997201,False,80.0,True
239,llm_judge,llama-3.1-8b-instant,1,172,12,9.56e-06,4.434551399986958,False,,False
239,self_consistency,llama-3.1-8b-instant,1,73,10,4.450000000000001e-06,2.2609489999886137,False,1.0,True
239,self_consistency,llama-3.1-8b-instant,3,219,34,1.3670000000000001e-05,6.829392899991944,True,0.3333333333333333,True
239,self_consistency,llama-3.1-8b-instant,5,365,51,2.233e-05,11.359556899988092,True,0.2,True
239,self_consistency,llama-3.1-8b-instant,10,730,109,4.5220000000000004e-05,22.52574969996931,True,0.1,True
239,semantic_entropy,llama-3.1-8b-instant,1,73,10,4.450000000000001e-06,2.2609489999886137,False,0.0,True
239,semantic_entropy,llama-3.1-8b-instant,3,219,34,1.3670000000000001e-05,6.829392899991944,False,0.5793801642856949,True
239,semantic_entropy,llama-3.1-8b-instant,5,365,51,2.233e-05,11.359556899988092,False,0.5904362833084089,True
239,semantic_entropy,llama-3.1-8b-instant,10,730,109,4.5220000000000004e-05,22.52574969996931,False,0.34822537285722394,True
240,verbalized_confidence,llama-3.1-8b-instant,1,121,13,7.090000000000001e-06,2.220850900019286,False,80.0,True
240,llm_judge,llama-3.1-8b-instant,1,175,19,1.0270000000000002e-05,4.689361700002337,False,,False
240,self_consistency,llama-3.1-8b-instant,1,71,7,4.1100000000000005e-06,2.212644299987005,False,1.0,True
240,self_consistency,llama-3.1-8b-instant,3,213,22,1.2410000000000001e-05,6.731751299987081,True,0.3333333333333333,True
240,self_consistency,llama-3.1-8b-instant,5,355,35,2.0550000000000005e-05,11.355024999997113,True,0.4,True
240,self_consistency,llama-3.1-8b-instant,10,710,109,4.422e-05,22.999641799979145,True,0.2,True
240,semantic_entropy,llama-3.1-8b-instant,1,71,7,4.1100000000000005e-06,2.212644299987005,False,0.0,True
240,semantic_entropy,llama-3.1-8b-instant,3,213,22,1.2410000000000001e-05,6.731751299987081,False,-0.0,True
240,semantic_entropy,llama-3.1-8b-instant,5,355,35,2.0550000000000005e-05,11.355024999997113,False,-0.0,True
240,semantic_entropy,llama-3.1-8b-instant,10,710,109,4.422e-05,22.999641799979145,False,0.4729032506370175,True
241,verbalized_confidence,llama-3.1-8b-instant,1,120,15,7.2000000000000005e-06,2.2252884000190534,False,100.0,False
241,llm_judge,llama-3.1-8b-instant,1,168,14,9.52e-06,4.475095500005409,False,,False
241,self_consistency,llama-3.1-8b-instant,1,70,10,4.2999999999999995e-06,2.261942800018005,False,1.0,False
241,self_consistency,llama-3.1-8b-instant,3,210,34,1.3219999999999999e-05,6.837753300031181,True,0.3333333333333333,False
241,self_consistency,llama-3.1-8b-instant,5,350,56,2.198e-05,11.553636000026017,True,0.2,False
241,self_consistency,llama-3.1-8b-instant,10,700,111,4.388e-05,23.046483800018905,True,0.2,False
241,semantic_entropy,llama-3.1-8b-instant,1,70,10,4.2999999999999995e-06,2.261942800018005,False,0.0,False
241,semantic_entropy,llama-3.1-8b-instant,3,210,34,1.3219999999999999e-05,6.837753300031181,False,0.5793801642856949,False
241,semantic_entropy,llama-3.1-8b-instant,5,350,56,2.198e-05,11.553636000026017,True,0.8277293767706428,False
241,semantic_entropy,llama-3.1-8b-instant,10,700,111,4.388e-05,23.046483800018905,True,0.7137272471682024,False
242,verbalized_confidence,llama-3.1-8b-instant,1,125,45,9.849999999999999e-06,2.3735875000129454,False,95.0,False
242,llm_judge,llama-3.1-8b-instant,1,184,20,1.08e-05,4.459620799985714,False,,False
242,self_consistency,llama-3.1-8b-instant,1,75,21,5.43e-06,2.266680600005202,False,1.0,False
242,self_consistency,llama-3.1-8b-instant,3,225,54,1.5570000000000002e-05,6.784618199977558,True,0.3333333333333333,False
242,self_consistency,llama-3.1-8b-instant,5,375,97,2.6510000000000002e-05,11.385439699952258,True,0.2,False
242,self_consistency,llama-3.1-8b-instant,10,750,214,5.462e-05,22.764063199952943,True,0.1,False
242,semantic_entropy,llama-3.1-8b-instant,1,75,21,5.43e-06,2.266680600005202,False,0.0,False
242,semantic_entropy,llama-3.1-8b-instant,3,225,54,1.5570000000000002e-05,6.784618199977558,False,-0.0,False
242,semantic_entropy,llama-3.1-8b-instant,5,375,97,2.6510000000000002e-05,11.385439699952258,False,-0.0,False
242,semantic_entropy,llama-3.1-8b-instant,10,750,214,5.462e-05,22.764063199952943,False,0.2775280104064451,False
243,verbalized_confidence,llama-3.1-8b-instant,1,122,19,7.620000000000001e-06,2.2375314999953844,False,100.0,False
243,llm_judge,llama-3.1-8b-instant,1,181,23,1.089e-05,4.566535699996166,False,,False
243,self_consistency,llama-3.1-8b-instant,1,72,12,4.56e-06,2.209372599987546,False,1.0,False
243,self_consistency,llama-3.1-8b-instant,3,216,45,1.4400000000000001e-05,6.769809499994153,True,0.3333333333333333,False
243,self_consistency,llama-3.1-8b-instant,5,360,81,2.448e-05,11.529022100003203,True,0.2,False
243,self_consistency,llama-3.1-8b-instant,10,720,165,4.92e-05,22.92393209997681,True,0.1,False
243,semantic_entropy,llama-3.1-8b-instant,1,72,12,4.56e-06,2.209372599987546,False,0.0,False
243,semantic_entropy,llama-3.1-8b-instant,3,216,45,1.4400000000000001e-05,6.769809499994153,False,0.5793801642856949,False
243,semantic_entropy,llama-3.1-8b-instant,5,360,81,2.448e-05,11.529022100003203,True,0.8277293767706428,False
243,semantic_entropy,llama-3.1-8b-instant,10,720,165,4.92e-05,22.92393209997681,True,0.6989700043360186,False
244,verbalized_confidence,llama-3.1-8b-instant,1,120,17,7.360000000000001e-06,2.2415360000159126,False,80.0,False
244,llm_judge,llama-3.1-8b-instant,1,184,30,1.16e-05,4.578045000002021,False,,False
244,self_consistency,llama-3.1-8b-instant,1,70,19,5.019999999999999e-06,2.2939185999857727,False,1.0,False
244,self_consistency,llama-3.1-8b-instant,3,210,60,1.53e-05,6.808484100009082,True,0.3333333333333333,False
244,self_consistency,llama-3.1-8b-instant,5,350,168,3.094e-05,11.618746000021929,True,0.2,False
244,self_consistency,llama-3.1-8b-instant,10,700,290,5.8200000000000005e-05,23.12393780000275,True,0.1,False
244,semantic_entropy,llama-3.1-8b-instant,1,70,19,5.019999999999999e-06,2.2939185999857727,False,0.0,False
244,semantic_entropy,llama-3.1-8b-instant,3,210,60,1.53e-05,6.808484100009082,True,0.9999999999999998,False
244,semantic_entropy,llama-3.1-8b-instant,5,350,168,3.094e-05,11.618746000021929,False,0.5904362833084089,False
244,semantic_entropy,llama-3.1-8b-instant,10,700,290,5.8200000000000005e-05,23.12393780000275,False,0.4729032506370175,False
245,verbalized_confidence,llama-3.1-8b-instant,1,120,27,8.16e-06,2.3551807000185363,False,80.0,False
245,llm_judge,llama-3.1-8b-instant,1,182,28,1.134e-05,4.667802299984032,False,,False
245,self_consistency,llama-3.1-8b-instant,1,70,19,5.019999999999999e-06,2.2390728000027593,False,1.0,False
245,self_consistency,llama-3.1-8b-instant,3,210,50,1.45e-05,6.891433699987829,True,0.3333333333333333,False
245,self_consistency,llama-3.1-8b-instant,5,350,89,2.4619999999999998e-05,11.516713099990739,True,0.2,False
245,self_consistency,llama-3.1-8b-instant,10,700,186,4.987999999999999e-05,22.901538200036157,True,0.1,False
245,semantic_entropy,llama-3.1-8b-instant,1,70,19,5.019999999999999e-06,2.2390728000027593,False,0.0,False
245,semantic_entropy,llama-3.1-8b-instant,3,210,50,1.45e-05,6.891433699987829,True,0.9999999999999998,False
245,semantic_entropy,llama-3.1-8b-instant,5,350,89,2.4619999999999998e-05,11.516713099990739,True,0.8277293767706428,False
245,semantic_entropy,llama-3.1-8b-instant,10,700,186,4.987999999999999e-05,22.901538200036157,True,0.8193820026016111,False
246,verbalized_confidence,llama-3.1-8b-instant,1,117,15,7.050000000000001e-06,2.2183588999905623,False,80.0,True
246,llm_judge,llama-3.1-8b-instant,1,163,16,9.430000000000001e-06,4.579472499986878,False,,True
246,self_consistency,llama-3.1-8b-instant,1,67,13,4.39e-06,2.325825200008694,False,1.0,True
246,self_consistency,llama-3.1-8b-instant,3,201,36,1.293e-05,6.980242300021928,True,0.3333333333333333,True
246,self_consistency,llama-3.1-8b-instant,5,335,63,2.179e-05,11.431396900006803,True,0.2,True
246,self_consistency,llama-3.1-8b-instant,10,670,147,4.526e-05,22.852678699971875,True,0.1,True
246,semantic_entropy,llama-3.1-8b-instant,1,67,13,4.39e-06,2.325825200008694,False,0.0,True
246,semantic_entropy,llama-3.1-8b-instant,3,201,36,1.293e-05,6.980242300021928,False,0.5793801642856949,True
246,semantic_entropy,llama-3.1-8b-instant,5,335,63,2.179e-05,11.431396900006803,True,0.8277293767706428,True
246,semantic_entropy,llama-3.1-8b-instant,10,670,147,4.526e-05,22.852678699971875,True,0.6387640052032224,True
247,verbalized_confidence,llama-3.1-8b-instant,1,122,17,7.4600000000000006e-06,2.2191653000190854,False,100.0,False
247,llm_judge,llama-3.1-8b-instant,1,168,10,9.2e-06,4.522302000026684,False,,False
247,self_consistency,llama-3.1-8b-instant,1,72,9,4.32e-06,2.246733399981167,False,1.0,False
247,self_consistency,llama-3.1-8b-instant,3,216,26,1.288e-05,6.7132607999956235,False,1.0,False
247,self_consistency,llama-3.1-8b-instant,5,360,44,2.152e-05,11.283302900003036,False,1.0,False
247,self_consistency,llama-3.1-8b-instant,10,720,87,4.2959999999999995e-05,22.47937209997326,False,1.0,False
247,semantic_entropy,llama-3.1-8b-instant,1,72,9,4.32e-06,2.246733399981167,False,0.0,False
247,semantic_entropy,llama-3.1-8b-instant,3,216,26,1.288e-05,6.7132607999956235,False,-0.0,False
247,semantic_entropy,llama-3.1-8b-instant,5,360,44,2.152e-05,11.283302900003036,False,-0.0,False
247,semantic_entropy,llama-3.1-8b-instant,10,720,87,4.2959999999999995e-05,22.47937209997326,False,-0.0,False
248,verbalized_confidence,llama-3.1-8b-instant,1,118,18,7.34e-06,2.258137099997839,False,80.0,True
248,llm_judge,llama-3.1-8b-instant,1,161,12,9.01e-06,4.545874600007664,False,,False
248,self_consistency,llama-3.1-8b-instant,1,68,9,4.12e-06,2.217274800001178,False,1.0,True
248,self_consistency,llama-3.1-8b-instant,3,204,45,1.38e-05,6.79793579998659,True,0.3333333333333333,True
248,self_consistency,llama-3.1-8b-instant,5,340,136,2.788e-05,11.473349500010954,True,0.2,True
248,self_consistency,llama-3.1-8b-instant,10,680,190,4.920000000000001e-05,22.642951400077436,True,0.1,True
248,semantic_entropy,llama-3.1-8b-instant,1,68,9,4.12e-06,2.217274800001178,False,0.0,True
248,semantic_entropy,llama-3.1-8b-instant,3,204,45,1.38e-05,6.79793579998659,True,0.9999999999999998,True
248,semantic_entropy,llama-3.1-8b-instant,5,340,136,2.788e-05,11.473349500010954,False,0.5904362833084089,True
248,semantic_entropy,llama-3.1-8b-instant,10,680,190,4.920000000000001e-05,22.642951400077436,False,0.40969100130080555,True
249,verbalized_confidence,llama-3.1-8b-instant,1,117,15,7.050000000000001e-06,2.2308260000136215,False,80.0,True
249,llm_judge,llama-3.1-8b-instant,1,165,17,9.610000000000001e-06,4.4433461999869905,False,,False
249,self_consistency,llama-3.1-8b-instant,1,67,21,5.03e-06,2.3738605999969877,False,1.0,False
249,self_consistency,llama-3.1-8b-instant,3,201,48,1.389e-05,6.942334299965296,True,0.3333333333333333,False
249,self_consistency,llama-3.1-8b-instant,5,335,91,2.4030000000000002e-05,11.527989399968646,True,0.2,False
249,self_consistency,llama-3.1-8b-instant,10,670,182,4.8060000000000004e-05,22.980958900006954,True,0.1,False
249,semantic_entropy,llama-3.1-8b-instant,1,67,21,5.03e-06,2.3738605999969877,False,0.0,False
249,semantic_entropy,llama-3.1-8b-instant,3,201,48,1.389e-05,6.942334299965296,True,0.9999999999999998,False
249,semantic_entropy,llama-3.1-8b-instant,5,335,91,2.4030000000000002e-05,11.527989399968646,False,0.5904362833084089,False
249,semantic_entropy,llama-3.1-8b-instant,10,670,182,4.8060000000000004e-05,22.980958900006954,False,0.44717262228329563,False
250,verbalized_confidence,llama-3.1-8b-instant,1,119,15,7.15e-06,2.2219114000035916,False,100.0,False
250,llm_judge,llama-3.1-8b-instant,1,166,14,9.420000000000001e-06,4.406435899989447,True,,False
250,self_consistency,llama-3.1-8b-instant,1,69,14,4.57e-06,2.344140100001823,False,1.0,False
250,self_consistency,llama-3.1-8b-instant,3,207,43,1.379e-05,6.819855900015682,True,0.3333333333333333,False
250,self_consistency,llama-3.1-8b-instant,5,345,63,2.229e-05,11.376173600001493,True,0.2,False
250,self_consistency,llama-3.1-8b-instant,10,690,119,4.4019999999999995e-05,22.87023150001187,True,0.2,False
250,semantic_entropy,llama-3.1-8b-instant,1,69,14,4.57e-06,2.344140100001823,False,0.0,False
250,semantic_entropy,llama-3.1-8b-instant,3,207,43,1.379e-05,6.819855900015682,False,-0.0,False
250,semantic_entropy,llama-3.1-8b-instant,5,345,63,2.229e-05,11.376173600001493,False,0.31091750708257115,False
250,semantic_entropy,llama-3.1-8b-instant,10,690,119,4.4019999999999995e-05,22.87023150001187,False,0.21732201127364886,False
251,verbalized_confidence,llama-3.1-8b-instant,1,155,12,8.710000000000001e-06,2.2208490000048187,False,100.0,True
251,llm_judge,llama-3.1-8b-instant,1,230,6,1.198e-05,4.4598677000030875,False,,True
251,self_consistency,llama-3.1-8b-instant,1,105,3,5.49e-06,2.345571400015615,False,1.0,True
251,self_consistency,llama-3.1-8b-instant,3,315,11,1.663e-05,6.766883000032976,False,0.6666666666666666,True
251,self_consistency,llama-3.1-8b-instant,5,525,19,2.7769999999999997e-05,11.269398300035391,False,0.8,True
251,self_consistency,llama-3.1-8b-instant,10,1050,39,5.562e-05,22.35643410004559,False,0.7,True
251,semantic_entropy,llama-3.1-8b-instant,1,105,3,5.49e-06,2.345571400015615,False,0.0,True
251,semantic_entropy,llama-3.1-8b-instant,3,315,11,1.663e-05,6.766883000032976,False,-0.0,True
251,semantic_entropy,llama-3.1-8b-instant,5,525,19,2.7769999999999997e-05,11.269398300035391,False,-0.0,True
251,semantic_entropy,llama-3.1-8b-instant,10,1050,39,5.562e-05,22.35643410004559,False,-0.0,True
252,verbalized_confidence,llama-3.1-8b-instant,1,130,14,7.62e-06,2.2226774000155274,False,100.0,False
252,llm_judge,llama-3.1-8b-instant,1,182,8,9.740000000000002e-06,4.82833849999588,False,,False
252,self_consistency,llama-3.1-8b-instant,1,80,15,5.2e-06,2.2438427999732085,False,1.0,False
252,self_consistency,llama-3.1-8b-instant,3,240,35,1.48e-05,6.8334543999808375,True,0.3333333333333333,False
252,self_consistency,llama-3.1-8b-instant,5,400,64,2.5120000000000003e-05,11.436896299972432,True,0.2,False
252,self_consistency,llama-3.1-8b-instant,10,800,127,5.016000000000001e-05,22.877247400028864,True,0.1,False
252,semantic_entropy,llama-3.1-8b-instant,1,80,15,5.2e-06,2.2438427999732085,False,0.0,False
252,semantic_entropy,llama-3.1-8b-instant,3,240,35,1.48e-05,6.8334543999808375,True,0.9999999999999998,False
252,semantic_entropy,llama-3.1-8b-instant,5,400,64,2.5120000000000003e-05,11.436896299972432,True,1.0000000000000002,False
252,semantic_entropy,llama-3.1-8b-instant,10,800,127,5.016000000000001e-05,22.877247400028864,True,0.8193820026016112,False
253,verbalized_confidence,llama-3.1-8b-instant,1,138,12,7.860000000000001e-06,2.2471737999876495,False,100.0,True
253,llm_judge,llama-3.1-8b-instant,1,197,7,1.041e-05,4.544140399986645,False,,False
253,self_consistency,llama-3.1-8b-instant,1,88,2,4.56e-06,2.224146799999289,False,1.0,True
253,self_consistency,llama-3.1-8b-instant,3,264,25,1.52e-05,6.699069299997063,True,0.3333333333333333,True
253,self_consistency,llama-3.1-8b-instant,5,440,35,2.4800000000000003e-05,11.149035600014031,False,0.6,False
253,self_consistency,llama-3.1-8b-instant,10,880,65,4.920000000000001e-05,22.26241399999708,False,0.5,False
253,semantic_entropy,llama-3.1-8b-instant,1,88,2,4.56e-06,2.224146799999289,False,0.0,True
253,semantic_entropy,llama-3.1-8b-instant,3,264,25,1.52e-05,6.699069299997063,False,0.5793801642856949,True
253,semantic_entropy,llama-3.1-8b-instant,5,440,35,2.4800000000000003e-05,11.149035600014031,False,0.31091750708257115,True
253,semantic_entropy,llama-3.1-8b-instant,10,880,65,4.920000000000001e-05,22.26241399999708,False,0.40843137199002016,True
254,verbalized_confidence,llama-3.1-8b-instant,1,121,13,7.090000000000001e-06,2.2202606000064407,False,100.0,False
254,llm_judge,llama-3.1-8b-instant,1,162,6,8.58e-06,4.559853699989617,True,,True
254,self_consistency,llama-3.1-8b-instant,1,71,4,3.87e-06,2.2126298999937717,False,1.0,True
254,self_consistency,llama-3.1-8b-instant,3,213,22,1.241e-05,6.698904399992898,True,0.3333333333333333,True
254,self_consistency,llama-3.1-8b-instant,5,355,36,2.0630000000000004e-05,11.251768899994204,True,0.4,True
254,self_consistency,llama-3.1-8b-instant,10,710,74,4.142000000000001e-05,22.3742620999692,True,0.4,True
254,semantic_entropy,llama-3.1-8b-instant,1,71,4,3.87e-06,2.2126298999937717,False,0.0,True
254,semantic_entropy,llama-3.1-8b-instant,3,213,22,1.241e-05,6.698904399992898,True,0.9999999999999998,True
254,semantic_entropy,llama-3.1-8b-instant,5,355,36,2.0630000000000004e-05,11.251768899994204,True,0.8277293767706428,True
254,semantic_entropy,llama-3.1-8b-instant,10,710,74,4.142000000000001e-05,22.3742620999692,False,0.55583362792012,True
255,verbalized_confidence,llama-3.1-8b-instant,1,115,12,6.71e-06,2.314179300010437,False,100.0,False
255,llm_judge,llama-3.1-8b-instant,1,156,12,8.76e-06,4.565856600005645,False,,False
255,self_consistency,llama-3.1-8b-instant,1,65,3,3.49e-06,2.2495839999755844,False,1.0,False
255,self_consistency,llama-3.1-8b-instant,3,195,9,1.047e-05,6.790739699994447,False,1.0,False
255,self_consistency,llama-3.1-8b-instant,5,325,26,1.8330000000000002e-05,11.42544910000288,False,0.8,False
255,self_consistency,llama-3.1-8b-instant,10,650,99,4.042e-05,22.860318099992583,True,0.4,False
255,semantic_entropy,llama-3.1-8b-instant,1,65,3,3.49e-06,2.2495839999755844,False,0.0,False
255,semantic_entropy,llama-3.1-8b-instant,3,195,9,1.047e-05,6.790739699994447,False,-0.0,False
255,semantic_entropy,llama-3.1-8b-instant,5,325,26,1.8330000000000002e-05,11.42544910000288,False,0.31091750708257115,False
255,semantic_entropy,llama-3.1-8b-instant,10,650,99,4.042e-05,22.860318099992583,False,0.4126972515042214,False
256,verbalized_confidence,llama-3.1-8b-instant,1,121,13,7.090000000000001e-06,2.250000400003046,False,100.0,True
256,llm_judge,llama-3.1-8b-instant,1,168,11,9.280000000000001e-06,4.463594300003024,False,,True
256,self_consistency,llama-3.1-8b-instant,1,71,16,4.83e-06,2.345912299992051,False,1.0,False
256,self_consistency,llama-3.1-8b-instant,3,213,34,1.3370000000000002e-05,7.03006620000815,False,0.6666666666666666,True
256,self_consistency,llama-3.1-8b-instant,5,355,55,2.2150000000000003e-05,11.612883800000418,True,0.4,True
256,self_consistency,llama-3.1-8b-instant,10,710,120,4.51e-05,23.713110400014557,True,0.4,True
256,semantic_entropy,llama-3.1-8b-instant,1,71,16,4.83e-06,2.345912299992051,False,0.0,False
256,semantic_entropy,llama-3.1-8b-instant,3,213,34,1.3370000000000002e-05,7.03006620000815,False,-0.0,False
256,semantic_entropy,llama-3.1-8b-instant,5,355,55,2.2150000000000003e-05,11.612883800000418,False,-0.0,False
256,semantic_entropy,llama-3.1-8b-instant,10,710,120,4.51e-05,23.713110400014557,False,-0.0,False
257,verbalized_confidence,llama-3.1-8b-instant,1,132,19,8.12e-06,2.34138610001537,False,100.0,False
257,llm_judge,llama-3.1-8b-instant,1,189,11,1.0330000000000001e-05,4.468522400013171,True,,False
257,self_consistency,llama-3.1-8b-instant,1,82,10,4.9000000000000005e-06,2.230629700003192,False,1.0,False
257,self_consistency,llama-3.1-8b-instant,3,246,37,1.526e-05,6.733863200031919,False,0.6666666666666666,False
257,self_consistency,llama-3.1-8b-instant,5,410,57,2.506e-05,11.332335300045088,True,0.4,False
257,self_consistency,llama-3.1-8b-instant,10,820,114,5.012000000000001e-05,22.479629000037676,True,0.3,False
257,semantic_entropy,llama-3.1-8b-instant,1,82,10,4.9000000000000005e-06,2.230629700003192,False,0.0,False
257,semantic_entropy,llama-3.1-8b-instant,3,246,37,1.526e-05,6.733863200031919,False,-0.0,False
257,semantic_entropy,llama-3.1-8b-instant,5,410,57,2.506e-05,11.332335300045088,False,0.4181656600790517,False
257,semantic_entropy,llama-3.1-8b-instant,10,820,114,5.012000000000001e-05,22.479629000037676,False,0.34822537285722394,False
258,verbalized_confidence,llama-3.1-8b-instant,1,121,15,7.250000000000001e-06,2.2211399000079837,False,80.0,True
258,llm_judge,llama-3.1-8b-instant,1,176,20,1.04e-05,4.476697900012368,False,,False
258,self_consistency,llama-3.1-8b-instant,1,71,14,4.67e-06,2.261793999990914,False,1.0,False
258,self_consistency,llama-3.1-8b-instant,3,213,47,1.4410000000000003e-05,6.871413699991535,True,0.3333333333333333,False
258,self_consistency,llama-3.1-8b-instant,5,355,64,2.2870000000000006e-05,11.539285999984713,True,0.2,False
258,self_consistency,llama-3.1-8b-instant,10,710,135,4.6300000000000014e-05,23.09083319999627,True,0.1,False
258,semantic_entropy,llama-3.1-8b-instant,1,71,14,4.67e-06,2.261793999990914,False,0.0,False
258,semantic_entropy,llama-3.1-8b-instant,3,213,47,1.4410000000000003e-05,6.871413699991535,False,0.5793801642856949,False
258,semantic_entropy,llama-3.1-8b-instant,5,355,64,2.2870000000000006e-05,11.539285999984713,True,0.8277293767706428,False
258,semantic_entropy,llama-3.1-8b-instant,10,710,135,4.6300000000000014e-05,23.09083319999627,False,0.5903089986991943,False
259,verbalized_confidence,llama-3.1-8b-instant,1,117,16,7.130000000000001e-06,2.239266000018688,False,80.0,False
259,llm_judge,llama-3.1-8b-instant,1,164,17,9.56e-06,4.593352500000037,False,,False
259,self_consistency,llama-3.1-8b-instant,1,67,16,4.63e-06,2.249121599976206,False,1.0,False
259,self_consistency,llama-3.1-8b-instant,3,201,46,1.3729999999999999e-05,6.842695699975593,True,0.3333333333333333,False
259,self_consistency,llama-3.1-8b-instant,5,335,73,2.259e-05,11.584086299990304,True,0.2,False
259,self_consistency,llama-3.1-8b-instant,10,670,149,4.542e-05,23.29838039999595,True,0.2,False
259,semantic_entropy,llama-3.1-8b-instant,1,67,16,4.63e-06,2.249121599976206,False,0.0,False
259,semantic_entropy,llama-3.1-8b-instant,3,201,46,1.3729999999999999e-05,6.842695699975593,False,-0.0,False
259,semantic_entropy,llama-3.1-8b-instant,5,335,73,2.259e-05,11.584086299990304,False,-0.0,False
259,semantic_entropy,llama-3.1-8b-instant,10,670,149,4.542e-05,23.29838039999595,False,-0.0,False
260,verbalized_confidence,llama-3.1-8b-instant,1,116,12,6.7600000000000005e-06,2.343337199999951,False,80.0,False
260,llm_judge,llama-3.1-8b-instant,1,151,5,7.95e-06,4.547269700007746,False,,False
260,self_consistency,llama-3.1-8b-instant,1,66,3,3.54e-06,2.352893600007519,False,1.0,False
260,self_consistency,llama-3.1-8b-instant,3,198,15,1.11e-05,7.024870000022929,False,0.6666666666666666,False
260,self_consistency,llama-3.1-8b-instant,5,330,27,1.866e-05,11.46563440002501,False,0.6,False
260,self_consistency,llama-3.1-8b-instant,10,660,58,3.764e-05,22.810260099970037,False,0.5,False
260,semantic_entropy,llama-3.1-8b-instant,1,66,3,3.54e-06,2.352893600007519,False,0.0,False
260,semantic_entropy,llama-3.1-8b-instant,3,198,15,1.11e-05,7.024870000022929,False,0.5793801642856949,False
260,semantic_entropy,llama-3.1-8b-instant,5,330,27,1.866e-05,11.46563440002501,False,0.4181656600790517,False
260,semantic_entropy,llama-3.1-8b-instant,10,660,58,3.764e-05,22.810260099970037,False,0.30102999566398114,False
261,verbalized_confidence,llama-3.1-8b-instant,1,124,15,7.4e-06,2.3394110999943223,False,90.0,False
261,llm_judge,llama-3.1-8b-instant,1,173,11,9.53e-06,4.550723199994536,False,,False
261,self_consistency,llama-3.1-8b-instant,1,74,5,4.1000000000000006e-06,2.2037535999843385,False,1.0,False
261,self_consistency,llama-3.1-8b-instant,3,222,21,1.2780000000000001e-05,6.804855899972608,True,0.3333333333333333,False
261,self_consistency,llama-3.1-8b-instant,5,370,31,2.0980000000000002e-05,11.633582599984948,False,0.6,False
261,self_consistency,llama-3.1-8b-instant,10,740,81,4.3480000000000004e-05,22.706013199931476,True,0.4,False
261,semantic_entropy,llama-3.1-8b-instant,1,74,5,4.1000000000000006e-06,2.2037535999843385,False,0.0,False
261,semantic_entropy,llama-3.1-8b-instant,3,222,21,1.2780000000000001e-05,6.804855899972608,False,0.5793801642856949,False
261,semantic_entropy,llama-3.1-8b-instant,5,370,31,2.0980000000000002e-05,11.633582599984948,False,0.4181656600790517,False
261,semantic_entropy,llama-3.1-8b-instant,10,740,81,4.3480000000000004e-05,22.706013199931476,False,0.389972873353915,False
262,verbalized_confidence,llama-3.1-8b-instant,1,130,18,7.94e-06,2.3848567999957595,True,60.0,False
262,llm_judge,llama-3.1-8b-instant,1,185,11,1.013e-05,4.462475300009828,False,,False
262,self_consistency,llama-3.1-8b-instant,1,80,12,4.96e-06,2.3956656000227667,False,1.0,False
262,self_consistency,llama-3.1-8b-instant,3,240,41,1.528e-05,6.999919300025795,True,0.3333333333333333,False
262,self_consistency,llama-3.1-8b-instant,5,400,62,2.4959999999999998e-05,11.610518200002844,True,0.2,False
262,self_consistency,llama-3.1-8b-instant,10,800,113,4.9040000000000005e-05,22.879994600021746,True,0.1,False
262,semantic_entropy,llama-3.1-8b-instant,1,80,12,4.96e-06,2.3956656000227667,False,0.0,False
262,semantic_entropy,llama-3.1-8b-instant,3,240,41,1.528e-05,6.999919300025795,False,0.5793801642856949,False
262,semantic_entropy,llama-3.1-8b-instant,5,400,62,2.4959999999999998e-05,11.610518200002844,True,0.8277293767706428,False
262,semantic_entropy,llama-3.1-8b-instant,10,800,113,4.9040000000000005e-05,22.879994600021746,True,0.6989700043360186,False
263,verbalized_confidence,llama-3.1-8b-instant,1,123,14,7.270000000000001e-06,2.2352038999961223,False,90.0,True
263,llm_judge,llama-3.1-8b-instant,1,182,22,1.0860000000000001e-05,4.462847599992529,False,,True
263,self_consistency,llama-3.1-8b-instant,1,73,30,6.0500000000000005e-06,2.2612082000123337,False,1.0,True
263,self_consistency,llama-3.1-8b-instant,3,219,71,1.6630000000000002e-05,6.735693500027992,True,0.3333333333333333,True
263,self_consistency,llama-3.1-8b-instant,5,365,113,2.729e-05,11.543034200032707,True,0.2,True
263,self_consistency,llama-3.1-8b-instant,10,730,214,5.361999999999999e-05,22.906641000066884,True,0.1,True
263,semantic_entropy,llama-3.1-8b-instant,1,73,30,6.0500000000000005e-06,2.2612082000123337,False,0.0,True
263,semantic_entropy,llama-3.1-8b-instant,3,219,71,1.6630000000000002e-05,6.735693500027992,False,-0.0,True
263,semantic_entropy,llama-3.1-8b-instant,5,365,113,2.729e-05,11.543034200032707,False,-0.0,True
263,semantic_entropy,llama-3.1-8b-instant,10,730,214,5.361999999999999e-05,22.906641000066884,False,-0.0,True
264,verbalized_confidence,llama-3.1-8b-instant,1,120,15,7.2000000000000005e-06,2.264283600001363,False,80.0,True
264,llm_judge,llama-3.1-8b-instant,1,170,15,9.699999999999999e-06,4.5369856999896,False,,False
264,self_consistency,llama-3.1-8b-instant,1,70,12,4.46e-06,2.2430320999992546,False,1.0,False
264,self_consistency,llama-3.1-8b-instant,3,210,47,1.4259999999999999e-05,6.71964090000256,True,0.3333333333333333,False
264,self_consistency,llama-3.1-8b-instant,5,350,85,2.4299999999999998e-05,11.16234519999125,True,0.4,False
264,self_consistency,llama-3.1-8b-instant,10,700,171,4.867999999999999e-05,22.834430299990345,True,0.3,False
264,semantic_entropy,llama-3.1-8b-instant,1,70,12,4.46e-06,2.2430320999992546,False,0.0,False
264,semantic_entropy,llama-3.1-8b-instant,3,210,47,1.4259999999999999e-05,6.71964090000256,False,0.5793801642856949,False
264,semantic_entropy,llama-3.1-8b-instant,5,350,85,2.4299999999999998e-05,11.16234519999125,False,0.31091750708257115,False
264,semantic_entropy,llama-3.1-8b-instant,10,700,171,4.867999999999999e-05,22.834430299990345,False,0.14118174150460758,False
265,verbalized_confidence,llama-3.1-8b-instant,1,125,13,7.29e-06,2.25457649998134,False,80.0,True
265,llm_judge,llama-3.1-8b-instant,1,173,9,9.37e-06,4.465928299992811,False,,False
265,self_consistency,llama-3.1-8b-instant,1,75,11,4.63e-06,2.3426558999926783,False,1.0,False
265,self_consistency,llama-3.1-8b-instant,3,225,32,1.3809999999999998e-05,6.824678899982246,True,0.3333333333333333,False
265,self_consistency,llama-3.1-8b-instant,5,375,55,2.315e-05,11.277140999998664,True,0.4,False
265,self_consistency,llama-3.1-8b-instant,10,750,119,4.702e-05,22.94236010001623,True,0.4,False
265,semantic_entropy,llama-3.1-8b-instant,1,75,11,4.63e-06,2.3426558999926783,False,0.0,False
265,semantic_entropy,llama-3.1-8b-instant,3,225,32,1.3809999999999998e-05,6.824678899982246,False,-0.0,False
265,semantic_entropy,llama-3.1-8b-instant,5,375,55,2.315e-05,11.277140999998664,False,-0.0,False
265,semantic_entropy,llama-3.1-8b-instant,10,750,119,4.702e-05,22.94236010001623,False,-0.0,False
266,verbalized_confidence,llama-3.1-8b-instant,1,126,12,7.260000000000001e-06,2.3392758000118192,False,80.0,True
266,llm_judge,llama-3.1-8b-instant,1,183,17,1.0510000000000001e-05,4.599824399978388,False,,False
266,self_consistency,llama-3.1-8b-instant,1,76,7,4.360000000000001e-06,2.2171263999771327,False,1.0,False
266,self_consistency,llama-3.1-8b-instant,3,228,24,1.3320000000000003e-05,6.695764599979157,False,0.6666666666666666,False
266,self_consistency,llama-3.1-8b-instant,5,380,49,2.2920000000000004e-05,11.159171099978266,True,0.4,False
266,self_consistency,llama-3.1-8b-instant,10,760,102,4.6160000000000005e-05,22.573827699990943,True,0.3,False
266,semantic_entropy,llama-3.1-8b-instant,1,76,7,4.360000000000001e-06,2.2171263999771327,False,0.0,False
266,semantic_entropy,llama-3.1-8b-instant,3,228,24,1.3320000000000003e-05,6.695764599979157,False,0.5793801642856949,False
266,semantic_entropy,llama-3.1-8b-instant,5,380,49,2.2920000000000004e-05,11.159171099978266,True,0.8277293767706428,False
266,semantic_entropy,llama-3.1-8b-instant,10,760,102,4.6160000000000005e-05,22.573827699990943,True,0.7591760034688149,False
267,verbalized_confidence,llama-3.1-8b-instant,1,119,12,6.91e-06,2.255218700011028,False,100.0,False
267,llm_judge,llama-3.1-8b-instant,1,163,11,9.03e-06,4.470144799997797,False,,False
267,self_consistency,llama-3.1-8b-instant,1,69,10,4.25e-06,2.3648939999984577,False,1.0,False
267,self_consistency,llama-3.1-8b-instant,3,207,28,1.259e-05,6.910185999964597,True,0.3333333333333333,False
267,self_consistency,llama-3.1-8b-instant,5,345,46,2.093e-05,11.396335499972338,True,0.2,False
267,self_consistency,llama-3.1-8b-instant,10,690,72,4.026e-05,22.695435299974633,True,0.4,False
267,semantic_entropy,llama-3.1-8b-instant,1,69,10,4.25e-06,2.3648939999984577,False,0.0,False
267,semantic_entropy,llama-3.1-8b-instant,3,207,28,1.259e-05,6.910185999964597,True,0.9999999999999998,False
267,semantic_entropy,llama-3.1-8b-instant,5,345,46,2.093e-05,11.396335499972338,True,0.8277293767706428,False
267,semantic_entropy,llama-3.1-8b-instant,10,690,72,4.026e-05,22.695435299974633,True,0.6387640052032224,False
268,verbalized_confidence,llama-3.1-8b-instant,1,121,13,7.090000000000001e-06,2.2329386999772396,False,80.0,True
268,llm_judge,llama-3.1-8b-instant,1,164,8,8.84e-06,4.507313300011447,False,,False
268,self_consistency,llama-3.1-8b-instant,1,71,8,4.1900000000000005e-06,2.2643828000000212,False,1.0,False
268,self_consistency,llama-3.1-8b-instant,3,213,36,1.3530000000000001e-05,6.932089000009,False,0.6666666666666666,False
268,self_consistency,llama-3.1-8b-instant,5,355,52,2.1910000000000002e-05,11.386938100040425,True,0.4,False
268,self_consistency,llama-3.1-8b-instant,10,710,89,4.262e-05,22.783960600034334,True,0.2,False
268,semantic_entropy,llama-3.1-8b-instant,1,71,8,4.1900000000000005e-06,2.2643828000000212,False,0.0,False
268,semantic_entropy,llama-3.1-8b-instant,3,213,36,1.3530000000000001e-05,6.932089000009,False,0.5793801642856949,False
268,semantic_entropy,llama-3.1-8b-instant,5,355,52,2.1910000000000002e-05,11.386938100040425,False,0.5904362833084089,False
268,semantic_entropy,llama-3.1-8b-instant,10,710,89,4.262e-05,22.783960600034334,True,0.6160396270529163,False
269,verbalized_confidence,llama-3.1-8b-instant,1,124,12,7.16e-06,2.2054801999765914,False,90.0,True
269,llm_judge,llama-3.1-8b-instant,1,169,7,9.01e-06,4.425553900015075,False,,True
269,self_consistency,llama-3.1-8b-instant,1,74,7,4.26e-06,2.244154400017578,False,1.0,True
269,self_consistency,llama-3.1-8b-instant,3,222,24,1.302e-05,6.660742200008826,True,0.3333333333333333,True
269,self_consistency,llama-3.1-8b-instant,5,370,44,2.2020000000000003e-05,11.241781599994283,True,0.2,True
269,self_consistency,llama-3.1-8b-instant,10,740,89,4.4120000000000004e-05,22.76658639998641,True,0.1,True
269,semantic_entropy,llama-3.1-8b-instant,1,74,7,4.26e-06,2.244154400017578,False,0.0,True
269,semantic_entropy,llama-3.1-8b-instant,3,222,24,1.302e-05,6.660742200008826,True,0.9999999999999998,True
269,semantic_entropy,llama-3.1-8b-instant,5,370,44,2.2020000000000003e-05,11.241781599994283,True,0.8277293767706428,True
269,semantic_entropy,llama-3.1-8b-instant,10,740,89,4.4120000000000004e-05,22.76658639998641,True,0.6387640052032224,True
270,verbalized_confidence,llama-3.1-8b-instant,1,119,16,7.23e-06,2.401131999999052,False,80.0,False
270,llm_judge,llama-3.1-8b-instant,1,176,24,1.072e-05,4.535714199999347,False,,False
270,self_consistency,llama-3.1-8b-instant,1,69,24,5.37e-06,2.360960399993928,False,1.0,False
270,self_consistency,llama-3.1-8b-instant,3,207,46,1.4030000000000001e-05,6.913552300014999,True,0.3333333333333333,False
270,self_consistency,llama-3.1-8b-instant,5,345,80,2.3650000000000002e-05,11.386661500029732,True,0.2,False
270,self_consistency,llama-3.1-8b-instant,10,690,176,4.8580000000000006e-05,22.88832240004558,True,0.2,False
270,semantic_entropy,llama-3.1-8b-instant,1,69,24,5.37e-06,2.360960399993928,False,0.0,False
270,semantic_entropy,llama-3.1-8b-instant,3,207,46,1.4030000000000001e-05,6.913552300014999,False,0.5793801642856949,False
270,semantic_entropy,llama-3.1-8b-instant,5,345,80,2.3650000000000002e-05,11.386661500029732,False,0.4181656600790517,False
270,semantic_entropy,llama-3.1-8b-instant,10,690,176,4.8580000000000006e-05,22.88832240004558,False,0.30102999566398114,False
271,verbalized_confidence,llama-3.1-8b-instant,1,122,13,7.14e-06,2.2463348000019323,False,80.0,True
271,llm_judge,llama-3.1-8b-instant,1,170,12,9.460000000000001e-06,4.558530799986329,False,,True
271,self_consistency,llama-3.1-8b-instant,1,72,9,4.32e-06,2.2247675999824423,False,1.0,True
271,self_consistency,llama-3.1-8b-instant,3,216,28,1.304e-05,6.678401299985126,True,0.3333333333333333,True
271,self_consistency,llama-3.1-8b-instant,5,360,49,2.1920000000000004e-05,11.274614099995233,True,0.2,True
271,self_consistency,llama-3.1-8b-instant,10,720,121,4.568e-05,22.681578799994895,True,0.1,True
271,semantic_entropy,llama-3.1-8b-instant,1,72,9,4.32e-06,2.2247675999824423,False,0.0,True
271,semantic_entropy,llama-3.1-8b-instant,3,216,28,1.304e-05,6.678401299985126,False,0.5793801642856949,True
271,semantic_entropy,llama-3.1-8b-instant,5,360,49,2.1920000000000004e-05,11.274614099995233,True,0.8277293767706428,True
271,semantic_entropy,llama-3.1-8b-instant,10,720,121,4.568e-05,22.681578799994895,True,0.6160396270529163,True
272,verbalized_confidence,llama-3.1-8b-instant,1,124,18,7.640000000000001e-06,2.2835949000145774,False,80.0,False
272,llm_judge,llama-3.1-8b-instant,1,179,17,1.0310000000000001e-05,4.503791600000113,False,,False
272,self_consistency,llama-3.1-8b-instant,1,74,17,5.060000000000001e-06,2.235754799999995,False,1.0,False
272,self_consistency,llama-3.1-8b-instant,3,222,62,1.6060000000000002e-05,6.794626699993387,True,0.3333333333333333,False
272,self_consistency,llama-3.1-8b-instant,5,370,101,2.6580000000000003e-05,11.39167680000537,True,0.2,False
272,self_consistency,llama-3.1-8b-instant,10,740,225,5.500000000000001e-05,22.787454599980265,True,0.1,False
272,semantic_entropy,llama-3.1-8b-instant,1,74,17,5.060000000000001e-06,2.235754799999995,False,0.0,False
272,semantic_entropy,llama-3.1-8b-instant,3,222,62,1.6060000000000002e-05,6.794626699993387,False,-0.0,False
272,semantic_entropy,llama-3.1-8b-instant,5,370,101,2.6580000000000003e-05,11.39167680000537,False,-0.0,False
272,semantic_entropy,llama-3.1-8b-instant,10,740,225,5.500000000000001e-05,22.787454599980265,False,-0.0,False
273,verbalized_confidence,llama-3.1-8b-instant,1,124,171,1.988e-05,2.8458624000195414,False,100.0,False
273,llm_judge,llama-3.1-8b-instant,1,433,271,4.333e-05,5.079331499990076,False,,False
273,self_consistency,llama-3.1-8b-instant,1,74,40,6.9e-06,2.408727200003341,False,1.0,False
273,self_consistency,llama-3.1-8b-instant,3,222,157,2.366e-05,7.0768325999961235,True,0.3333333333333333,False
273,self_consistency,llama-3.1-8b-instant,5,370,526,6.0580000000000006e-05,12.244912699999986,True,0.2,False
273,self_consistency,llama-3.1-8b-instant,10,740,1110,0.0001258,25.444642699934775,True,0.1,False
273,semantic_entropy,llama-3.1-8b-instant,1,74,40,6.9e-06,2.408727200003341,False,0.0,False
273,semantic_entropy,llama-3.1-8b-instant,3,222,157,2.366e-05,7.0768325999961235,False,0.5793801642856949,False
273,semantic_entropy,llama-3.1-8b-instant,5,370,526,6.0580000000000006e-05,12.244912699999986,False,0.5904362833084089,False
273,semantic_entropy,llama-3.1-8b-instant,10,740,1110,0.0001258,25.444642699934775,False,0.14118174150460758,False
274,verbalized_confidence,llama-3.1-8b-instant,1,125,22,8.01e-06,2.2595803000149317,False,100.0,False
274,llm_judge,llama-3.1-8b-instant,1,192,28,1.1840000000000002e-05,4.613372799998615,False,,False
274,self_consistency,llama-3.1-8b-instant,1,75,33,6.390000000000001e-06,2.3796278000227176,False,1.0,False
274,self_consistency,llama-3.1-8b-instant,3,225,76,1.7330000000000002e-05,6.963989100040635,True,0.3333333333333333,False
274,self_consistency,llama-3.1-8b-instant,5,375,123,2.8590000000000002e-05,11.543025300023146,True,0.2,False
274,self_consistency,llama-3.1-8b-instant,10,750,279,5.982e-05,23.02945869998075,True,0.1,False
274,semantic_entropy,llama-3.1-8b-instant,1,75,33,6.390000000000001e-06,2.3796278000227176,False,0.0,False
274,semantic_entropy,llama-3.1-8b-instant,3,225,76,1.7330000000000002e-05,6.963989100040635,True,0.9999999999999998,False
274,semantic_entropy,llama-3.1-8b-instant,5,375,123,2.8590000000000002e-05,11.543025300023146,True,1.0000000000000002,False
274,semantic_entropy,llama-3.1-8b-instant,10,750,279,5.982e-05,23.02945869998075,True,0.7364516253185087,False
275,verbalized_confidence,llama-3.1-8b-instant,1,124,20,7.800000000000002e-06,2.262033799983328,False,80.0,True
275,llm_judge,llama-3.1-8b-instant,1,173,12,9.610000000000001e-06,4.476355799997691,False,,True
275,self_consistency,llama-3.1-8b-instant,1,73,14,4.77e-06,2.274927199992817,False,1.0,True
275,self_consistency,llama-3.1-8b-instant,3,219,40,1.415e-05,6.744138099980773,True,0.3333333333333333,True
275,self_consistency,llama-3.1-8b-instant,5,365,89,2.537e-05,11.297220299980836,True,0.2,True
275,self_consistency,llama-3.1-8b-instant,10,730,152,4.866e-05,22.74550419996376,True,0.1,True
275,semantic_entropy,llama-3.1-8b-instant,1,73,14,4.77e-06,2.274927199992817,False,0.0,True
275,semantic_entropy,llama-3.1-8b-instant,3,219,40,1.415e-05,6.744138099980773,False,0.5793801642856949,True
275,semantic_entropy,llama-3.1-8b-instant,5,365,89,2.537e-05,11.297220299980836,False,0.4181656600790517,True
275,semantic_entropy,llama-3.1-8b-instant,10,730,152,4.866e-05,22.74550419996376,False,0.5933152489026101,True
276,verbalized_confidence,llama-3.1-8b-instant,1,118,13,6.9400000000000005e-06,2.221453499980271,True,0.0,True
276,llm_judge,llama-3.1-8b-instant,1,169,19,9.970000000000001e-06,4.54231129999971,False,,False
276,self_consistency,llama-3.1-8b-instant,1,68,13,4.440000000000001e-06,2.24094660000992,False,1.0,False
276,self_consistency,llama-3.1-8b-instant,3,204,46,1.3880000000000003e-05,6.841375099989818,True,0.3333333333333333,False
276,self_consistency,llama-3.1-8b-instant,5,340,77,2.3160000000000005e-05,11.5315183000057,True,0.2,False
276,self_consistency,llama-3.1-8b-instant,10,680,161,4.688000000000001e-05,22.748422400007257,True,0.2,False
276,semantic_entropy,llama-3.1-8b-instant,1,68,13,4.440000000000001e-06,2.24094660000992,False,0.0,False
276,semantic_entropy,llama-3.1-8b-instant,3,204,46,1.3880000000000003e-05,6.841375099989818,False,-0.0,False
276,semantic_entropy,llama-3.1-8b-instant,5,340,77,2.3160000000000005e-05,11.5315183000057,False,-0.0,False
276,semantic_entropy,llama-3.1-8b-instant,10,680,161,4.688000000000001e-05,22.748422400007257,False,-0.0,False
277,verbalized_confidence,llama-3.1-8b-instant,1,123,13,7.190000000000001e-06,2.24031979998108,False,80.0,True
277,llm_judge,llama-3.1-8b-instant,1,167,7,8.910000000000001e-06,4.389516199997161,False,,True
277,self_consistency,llama-3.1-8b-instant,1,73,6,4.130000000000001e-06,2.3241360999818426,False,1.0,True
277,self_consistency,llama-3.1-8b-instant,3,219,15,1.2150000000000004e-05,6.986197999998694,True,0.3333333333333333,True
277,self_consistency,llama-3.1-8b-instant,5,365,26,2.0330000000000004e-05,11.46299259996158,True,0.4,True
277,self_consistency,llama-3.1-8b-instant,10,730,50,4.0500000000000015e-05,22.920277599972906,False,0.5,True
277,semantic_entropy,llama-3.1-8b-instant,1,73,6,4.130000000000001e-06,2.3241360999818426,False,0.0,True
277,semantic_entropy,llama-3.1-8b-instant,3,219,15,1.2150000000000004e-05,6.986197999998694,False,-0.0,True
277,semantic_entropy,llama-3.1-8b-instant,5,365,26,2.0330000000000004e-05,11.46299259996158,False,-0.0,True
277,semantic_entropy,llama-3.1-8b-instant,10,730,50,4.0500000000000015e-05,22.920277599972906,False,0.14118174150460758,True
278,verbalized_confidence,llama-3.1-8b-instant,1,163,13,9.190000000000002e-06,2.3459273999906145,False,90.0,False
278,llm_judge,llama-3.1-8b-instant,1,246,7,1.2860000000000002e-05,4.629529999976512,False,,False
278,self_consistency,llama-3.1-8b-instant,1,113,5,6.0500000000000005e-06,2.302763200015761,False,1.0,False
278,self_consistency,llama-3.1-8b-instant,3,339,15,1.815e-05,6.724787999992259,False,1.0,False
278,self_consistency,llama-3.1-8b-instant,5,565,25,3.0250000000000003e-05,11.231786000018474,False,1.0,False
278,self_consistency,llama-3.1-8b-instant,10,1130,50,6.049999999999999e-05,22.383841700007906,False,0.9,False
278,semantic_entropy,llama-3.1-8b-instant,1,113,5,6.0500000000000005e-06,2.302763200015761,False,0.0,False
278,semantic_entropy,llama-3.1-8b-instant,3,339,15,1.815e-05,6.724787999992259,False,-0.0,False
278,semantic_entropy,llama-3.1-8b-instant,5,565,25,3.0250000000000003e-05,11.231786000018474,False,-0.0,False
278,semantic_entropy,llama-3.1-8b-instant,10,1130,50,6.049999999999999e-05,22.383841700007906,False,-0.0,False
279,verbalized_confidence,llama-3.1-8b-instant,1,126,13,7.340000000000001e-06,2.2126934000116307,False,80.0,True
279,llm_judge,llama-3.1-8b-instant,1,174,8,9.340000000000002e-06,4.4723460000241175,False,,True
279,self_consistency,llama-3.1-8b-instant,1,76,6,4.2800000000000005e-06,2.248361500009196,False,1.0,True
279,self_consistency,llama-3.1-8b-instant,3,228,18,1.2840000000000002e-05,6.647590000007767,False,0.6666666666666666,True
279,self_consistency,llama-3.1-8b-instant,5,380,31,2.1480000000000004e-05,11.07440320000751,True,0.4,True
279,self_consistency,llama-3.1-8b-instant,10,760,80,4.440000000000001e-05,22.695156799978577,True,0.2,True
279,semantic_entropy,llama-3.1-8b-instant,1,76,6,4.2800000000000005e-06,2.248361500009196,False,0.0,True
279,semantic_entropy,llama-3.1-8b-instant,3,228,18,1.2840000000000002e-05,6.647590000007767,False,0.5793801642856949,True
279,semantic_entropy,llama-3.1-8b-instant,5,380,31,2.1480000000000004e-05,11.07440320000751,False,0.4181656600790517,True
279,semantic_entropy,llama-3.1-8b-instant,10,760,80,4.440000000000001e-05,22.695156799978577,False,0.5301029995663981,True
280,verbalized_confidence,llama-3.1-8b-instant,1,119,21,7.63e-06,2.269129199994495,False,90.0,True
280,llm_judge,llama-3.1-8b-instant,1,168,17,9.760000000000001e-06,4.566364199999953,False,,True
280,self_consistency,llama-3.1-8b-instant,1,69,16,4.7300000000000005e-06,2.296734200004721,False,1.0,True
280,self_consistency,llama-3.1-8b-instant,3,207,43,1.3790000000000002e-05,6.78576680002152,True,0.3333333333333333,True
280,self_consistency,llama-3.1-8b-instant,5,345,74,2.3170000000000003e-05,11.33882650002488,True,0.4,True
280,self_consistency,llama-3.1-8b-instant,10,690,171,4.818e-05,22.717305099999066,True,0.2,True
280,semantic_entropy,llama-3.1-8b-instant,1,69,16,4.7300000000000005e-06,2.296734200004721,False,0.0,True
280,semantic_entropy,llama-3.1-8b-instant,3,207,43,1.3790000000000002e-05,6.78576680002152,False,-0.0,True
280,semantic_entropy,llama-3.1-8b-instant,5,345,74,2.3170000000000003e-05,11.33882650002488,False,-0.0,True
280,semantic_entropy,llama-3.1-8b-instant,10,690,171,4.818e-05,22.717305099999066,False,0.21732201127364886,True
281,verbalized_confidence,llama-3.1-8b-instant,1,121,30,8.45e-06,2.3471404000010807,False,100.0,False
281,llm_judge,llama-3.1-8b-instant,1,186,30,1.1700000000000001e-05,4.642468699981691,False,,False
281,self_consistency,llama-3.1-8b-instant,1,71,15,4.75e-06,2.227376599999843,False,1.0,False
281,self_consistency,llama-3.1-8b-instant,3,213,75,1.6649999999999998e-05,6.877273700025398,True,0.3333333333333333,False
281,self_consistency,llama-3.1-8b-instant,5,355,110,2.655e-05,11.32301840002765,True,0.2,False
281,self_consistency,llama-3.1-8b-instant,10,710,227,5.366000000000001e-05,22.690388999995776,True,0.1,False
281,semantic_entropy,llama-3.1-8b-instant,1,71,15,4.75e-06,2.227376599999843,False,0.0,False
281,semantic_entropy,llama-3.1-8b-instant,3,213,75,1.6649999999999998e-05,6.877273700025398,False,-0.0,False
281,semantic_entropy,llama-3.1-8b-instant,5,355,110,2.655e-05,11.32301840002765,False,0.31091750708257115,False
281,semantic_entropy,llama-3.1-8b-instant,10,710,227,5.366000000000001e-05,22.690388999995776,False,0.14118174150460758,False
282,verbalized_confidence,llama-3.1-8b-instant,1,118,13,6.9400000000000005e-06,2.2119704999786336,False,80.0,True
282,llm_judge,llama-3.1-8b-instant,1,169,19,9.970000000000001e-06,4.538814799976535,False,,False
282,self_consistency,llama-3.1-8b-instant,1,68,21,5.0800000000000005e-06,2.371431700012181,False,1.0,False
282,self_consistency,llama-3.1-8b-instant,3,204,58,1.484e-05,6.86621860001469,True,0.3333333333333333,False
282,self_consistency,llama-3.1-8b-instant,5,340,77,2.3160000000000002e-05,11.463714199984679,True,0.2,False
282,self_consistency,llama-3.1-8b-instant,10,680,177,4.816e-05,23.135000599984778,True,0.1,False
282,semantic_entropy,llama-3.1-8b-instant,1,68,21,5.0800000000000005e-06,2.371431700012181,False,0.0,False
282,semantic_entropy,llama-3.1-8b-instant,3,204,58,1.484e-05,6.86621860001469,False,-0.0,False
282,semantic_entropy,llama-3.1-8b-instant,5,340,77,2.3160000000000002e-05,11.463714199984679,False,0.4181656600790517,False
282,semantic_entropy,llama-3.1-8b-instant,10,680,177,4.816e-05,23.135000599984778,True,0.6762456261857126,False
283,verbalized_confidence,llama-3.1-8b-instant,1,116,16,7.080000000000001e-06,2.2440109999733977,False,100.0,True
283,llm_judge,llama-3.1-8b-instant,1,160,14,9.12e-06,4.560101499984739,False,,False
283,self_consistency,llama-3.1-8b-instant,1,66,22,5.060000000000001e-06,2.2187816000077873,False,1.0,False
283,self_consistency,llama-3.1-8b-instant,3,198,49,1.382e-05,6.661286299990024,True,0.3333333333333333,False
283,self_consistency,llama-3.1-8b-instant,5,330,76,2.2579999999999997e-05,11.24569710000651,True,0.2,False
283,self_consistency,llama-3.1-8b-instant,10,660,134,4.372000000000001e-05,22.39819050001097,True,0.2,False
283,semantic_entropy,llama-3.1-8b-instant,1,66,22,5.060000000000001e-06,2.2187816000077873,False,0.0,False
283,semantic_entropy,llama-3.1-8b-instant,3,198,49,1.382e-05,6.661286299990024,False,0.5793801642856949,False
283,semantic_entropy,llama-3.1-8b-instant,5,330,76,2.2579999999999997e-05,11.24569710000651,False,0.31091750708257115,False
283,semantic_entropy,llama-3.1-8b-instant,10,660,134,4.372000000000001e-05,22.39819050001097,False,0.14118174150460758,False
284,verbalized_confidence,llama-3.1-8b-instant,1,120,16,7.280000000000001e-06,2.21651469997596,False,80.0,False
284,llm_judge,llama-3.1-8b-instant,1,167,13,9.39e-06,4.471687000012025,False,,False
284,self_consistency,llama-3.1-8b-instant,1,70,11,4.3799999999999996e-06,2.222455200011609,False,1.0,True
284,self_consistency,llama-3.1-8b-instant,3,210,29,1.282e-05,6.6395932000014,True,0.3333333333333333,True
284,self_consistency,llama-3.1-8b-instant,5,350,43,2.094e-05,11.080548700003419,False,0.6,False
284,self_consistency,llama-3.1-8b-instant,10,700,87,4.196e-05,22.43840979997185,True,0.3,False
284,semantic_entropy,llama-3.1-8b-instant,1,70,11,4.3799999999999996e-06,2.222455200011609,False,0.0,True
284,semantic_entropy,llama-3.1-8b-instant,3,210,29,1.282e-05,6.6395932000014,False,-0.0,True
284,semantic_entropy,llama-3.1-8b-instant,5,350,43,2.094e-05,11.080548700003419,False,-0.0,True
284,semantic_entropy,llama-3.1-8b-instant,10,700,87,4.196e-05,22.43840979997185,False,-0.0,True
285,verbalized_confidence,llama-3.1-8b-instant,1,117,17,7.210000000000001e-06,2.2115144999988843,False,90.0,False
285,llm_judge,llama-3.1-8b-instant,1,162,14,9.22e-06,4.532210600009421,False,,False
285,self_consistency,llama-3.1-8b-instant,1,67,14,4.47e-06,2.2354674999951385,False,1.0,True
285,self_consistency,llama-3.1-8b-instant,3,201,39,1.3170000000000001e-05,6.855672200006666,True,0.3333333333333333,True
285,self_consistency,llama-3.1-8b-instant,5,335,61,2.163e-05,11.513781100016786,True,0.2,True
285,self_consistency,llama-3.1-8b-instant,10,670,117,4.286e-05,22.967139300017152,True,0.2,False
285,semantic_entropy,llama-3.1-8b-instant,1,67,14,4.47e-06,2.2354674999951385,False,0.0,True
285,semantic_entropy,llama-3.1-8b-instant,3,201,39,1.3170000000000001e-05,6.855672200006666,False,0.5793801642856949,True
285,semantic_entropy,llama-3.1-8b-instant,5,335,61,2.163e-05,11.513781100016786,False,0.31091750708257115,True
285,semantic_entropy,llama-3.1-8b-instant,10,670,117,4.286e-05,22.967139300017152,False,0.14118174150460758,True
286,verbalized_confidence,llama-3.1-8b-instant,1,116,13,6.840000000000001e-06,2.4480597999936435,False,100.0,True
286,llm_judge,llama-3.1-8b-instant,1,152,6,8.08e-06,4.539845699997386,True,,True
286,self_consistency,llama-3.1-8b-instant,1,66,4,3.62e-06,2.3277770999993663,False,1.0,True
286,self_consistency,llama-3.1-8b-instant,3,198,13,1.094e-05,6.787427600007504,True,0.3333333333333333,True
286,self_consistency,llama-3.1-8b-instant,5,330,23,1.834e-05,11.313140000012936,True,0.2,True
286,self_consistency,llama-3.1-8b-instant,10,660,57,3.7560000000000006e-05,22.783469900052296,True,0.2,True
286,semantic_entropy,llama-3.1-8b-instant,1,66,4,3.62e-06,2.3277770999993663,False,0.0,True
286,semantic_entropy,llama-3.1-8b-instant,3,198,13,1.094e-05,6.787427600007504,False,0.5793801642856949,True
286,semantic_entropy,llama-3.1-8b-instant,5,330,23,1.834e-05,11.313140000012936,True,0.8277293767706428,True
286,semantic_entropy,llama-3.1-8b-instant,10,660,57,3.7560000000000006e-05,22.783469900052296,True,0.7364516253185087,True
287,verbalized_confidence,llama-3.1-8b-instant,1,118,15,7.100000000000001e-06,2.2337017999961972,False,90.0,False
287,llm_judge,llama-3.1-8b-instant,1,158,8,8.54e-06,4.430203199997777,False,,False
287,self_consistency,llama-3.1-8b-instant,1,68,6,3.88e-06,2.2071851000073366,False,1.0,False
287,self_consistency,llama-3.1-8b-instant,3,204,18,1.164e-05,6.796439600002486,False,1.0,False
287,self_consistency,llama-3.1-8b-instant,5,340,30,1.94e-05,11.205380500032334,False,1.0,False
287,self_consistency,llama-3.1-8b-instant,10,680,68,3.9439999999999995e-05,22.367605600040406,False,0.8,False
287,semantic_entropy,llama-3.1-8b-instant,1,68,6,3.88e-06,2.2071851000073366,False,0.0,False
287,semantic_entropy,llama-3.1-8b-instant,3,204,18,1.164e-05,6.796439600002486,False,-0.0,False
287,semantic_entropy,llama-3.1-8b-instant,5,340,30,1.94e-05,11.205380500032334,False,-0.0,False
287,semantic_entropy,llama-3.1-8b-instant,10,680,68,3.9439999999999995e-05,22.367605600040406,False,0.14118174150460758,False
288,verbalized_confidence,llama-3.1-8b-instant,1,125,17,7.61e-06,2.360537500004284,False,80.0,False
288,llm_judge,llama-3.1-8b-instant,1,174,10,9.5e-06,4.5581877999939024,True,,False
288,self_consistency,llama-3.1-8b-instant,1,75,12,4.71e-06,2.387423999985913,False,1.0,True
288,self_consistency,llama-3.1-8b-instant,3,225,29,1.357e-05,6.9703356999962125,True,0.3333333333333333,True
288,self_consistency,llama-3.1-8b-instant,5,375,48,2.2590000000000002e-05,11.415811299986672,True,0.2,True
288,self_consistency,llama-3.1-8b-instant,10,750,94,4.502e-05,22.80869050003821,True,0.2,False
288,semantic_entropy,llama-3.1-8b-instant,1,75,12,4.71e-06,2.387423999985913,False,0.0,True
288,semantic_entropy,llama-3.1-8b-instant,3,225,29,1.357e-05,6.9703356999962125,False,0.5793801642856949,True
288,semantic_entropy,llama-3.1-8b-instant,5,375,48,2.2590000000000002e-05,11.415811299986672,False,0.31091750708257115,True
288,semantic_entropy,llama-3.1-8b-instant,10,750,94,4.502e-05,22.80869050003821,False,0.34822537285722394,True
289,verbalized_confidence,llama-3.1-8b-instant,1,121,12,7.010000000000001e-06,2.3181713999947533,False,80.0,False
289,llm_judge,llama-3.1-8b-instant,1,173,17,1.001e-05,4.575886000005994,True,,False
289,self_consistency,llama-3.1-8b-instant,1,71,18,4.9900000000000005e-06,2.3353821999917272,False,1.0,False
289,self_consistency,llama-3.1-8b-instant,3,213,48,1.4490000000000002e-05,6.8831761999754235,False,0.6666666666666666,False
289,self_consistency,llama-3.1-8b-instant,5,355,78,2.3990000000000002e-05,11.34004909999203,False,0.6,False
289,self_consistency,llama-3.1-8b-instant,10,710,141,4.678e-05,22.697943799983477,False,0.6,False
289,semantic_entropy,llama-3.1-8b-instant,1,71,18,4.9900000000000005e-06,2.3353821999917272,False,0.0,False
289,semantic_entropy,llama-3.1-8b-instant,3,213,48,1.4490000000000002e-05,6.8831761999754235,False,-0.0,False
289,semantic_entropy,llama-3.1-8b-instant,5,355,78,2.3990000000000002e-05,11.34004909999203,False,-0.0,False
289,semantic_entropy,llama-3.1-8b-instant,10,710,141,4.678e-05,22.697943799983477,False,0.14118174150460758,False
290,verbalized_confidence,llama-3.1-8b-instant,1,155,14,8.870000000000001e-06,2.2158558999944944,False,100.0,False
290,llm_judge,llama-3.1-8b-instant,1,230,7,1.206e-05,4.546245299978182,False,,False
290,self_consistency,llama-3.1-8b-instant,1,105,4,5.57e-06,2.261317299999064,False,1.0,False
290,self_consistency,llama-3.1-8b-instant,3,315,13,1.679e-05,6.806717100000242,False,1.0,False
290,self_consistency,llama-3.1-8b-instant,5,525,21,2.793e-05,11.414702899986878,False,1.0,False
290,self_consistency,llama-3.1-8b-instant,10,1050,44,5.602000000000001e-05,22.66707419999875,False,1.0,False
290,semantic_entropy,llama-3.1-8b-instant,1,105,4,5.57e-06,2.261317299999064,False,0.0,False
290,semantic_entropy,llama-3.1-8b-instant,3,315,13,1.679e-05,6.806717100000242,False,-0.0,False
290,semantic_entropy,llama-3.1-8b-instant,5,525,21,2.793e-05,11.414702899986878,False,-0.0,False
290,semantic_entropy,llama-3.1-8b-instant,10,1050,44,5.602000000000001e-05,22.66707419999875,False,-0.0,False
291,verbalized_confidence,llama-3.1-8b-instant,1,121,17,7.410000000000001e-06,2.3510238000017125,False,100.0,True
291,llm_judge,llama-3.1-8b-instant,1,171,15,9.75e-06,4.568815200007521,True,,True
291,self_consistency,llama-3.1-8b-instant,1,71,14,4.67e-06,2.3439756000007037,False,1.0,True
291,self_consistency,llama-3.1-8b-instant,3,213,50,1.465e-05,6.910289399995236,True,0.3333333333333333,True
291,self_consistency,llama-3.1-8b-instant,5,355,85,2.455e-05,11.437080000003334,True,0.4,True
291,self_consistency,llama-3.1-8b-instant,10,710,142,4.6859999999999995e-05,22.834182799997507,True,0.2,True
291,semantic_entropy,llama-3.1-8b-instant,1,71,14,4.67e-06,2.3439756000007037,False,0.0,True
291,semantic_entropy,llama-3.1-8b-instant,3,213,50,1.465e-05,6.910289399995236,False,0.5793801642856949,True
291,semantic_entropy,llama-3.1-8b-instant,5,355,85,2.455e-05,11.437080000003334,True,0.6554587535412857,True
291,semantic_entropy,llama-3.1-8b-instant,10,710,142,4.6859999999999995e-05,22.834182799997507,False,0.45814600780483383,True
292,verbalized_confidence,llama-3.1-8b-instant,1,120,12,6.96e-06,2.214740299998084,False,100.0,False
292,llm_judge,llama-3.1-8b-instant,1,164,10,8.999999999999999e-06,4.425629799981834,False,,False
292,self_consistency,llama-3.1-8b-instant,1,70,16,4.78e-06,2.232177600002615,False,1.0,False
292,self_consistency,llama-3.1-8b-instant,3,210,32,1.3059999999999999e-05,6.676374599977862,True,0.3333333333333333,False
292,self_consistency,llama-3.1-8b-instant,5,350,48,2.1339999999999996e-05,11.121307299967157,True,0.2,False
292,self_consistency,llama-3.1-8b-instant,10,700,109,4.3719999999999995e-05,22.60497919996851,True,0.2,False
292,semantic_entropy,llama-3.1-8b-instant,1,70,16,4.78e-06,2.232177600002615,False,0.0,False
292,semantic_entropy,llama-3.1-8b-instant,3,210,32,1.3059999999999999e-05,6.676374599977862,True,0.9999999999999998,False
292,semantic_entropy,llama-3.1-8b-instant,5,350,48,2.1339999999999996e-05,11.121307299967157,False,0.5904362833084089,False
292,semantic_entropy,llama-3.1-8b-instant,10,700,109,4.3719999999999995e-05,22.60497919996851,True,0.6160396270529163,False
293,verbalized_confidence,llama-3.1-8b-instant,1,118,12,6.86e-06,2.337708399980329,False,100.0,False
293,llm_judge,llama-3.1-8b-instant,1,163,13,9.190000000000002e-06,4.458443900017301,False,,False
293,self_consistency,llama-3.1-8b-instant,1,68,39,6.52e-06,2.3229101999895647,False,1.0,False
293,self_consistency,llama-3.1-8b-instant,3,204,45,1.3800000000000002e-05,6.885236000001896,False,0.6666666666666666,False
293,self_consistency,llama-3.1-8b-instant,5,340,51,2.108e-05,11.467740199994296,False,0.8,False
293,self_consistency,llama-3.1-8b-instant,10,680,98,4.184e-05,22.761500399996294,False,0.5,False
293,semantic_entropy,llama-3.1-8b-instant,1,68,39,6.52e-06,2.3229101999895647,False,0.0,False
293,semantic_entropy,llama-3.1-8b-instant,3,204,45,1.3800000000000002e-05,6.885236000001896,False,0.5793801642856949,False
293,semantic_entropy,llama-3.1-8b-instant,5,340,51,2.108e-05,11.467740199994296,False,0.31091750708257115,False
293,semantic_entropy,llama-3.1-8b-instant,10,680,98,4.184e-05,22.761500399996294,False,0.30102999566398114,False
294,verbalized_confidence,llama-3.1-8b-instant,1,125,20,7.85e-06,2.230192899995018,False,100.0,False
294,llm_judge,llama-3.1-8b-instant,1,190,26,1.1580000000000001e-05,4.715139799984172,True,,False
294,self_consistency,llama-3.1-8b-instant,1,75,27,5.91e-06,2.253164399997331,False,1.0,False
294,self_consistency,llama-3.1-8b-instant,3,225,57,1.581e-05,6.723581800004467,True,0.3333333333333333,False
294,self_consistency,llama-3.1-8b-instant,5,375,91,2.603e-05,11.414833199989516,True,0.2,False
294,self_consistency,llama-3.1-8b-instant,10,750,198,5.334e-05,23.175367699965136,True,0.1,False
294,semantic_entropy,llama-3.1-8b-instant,1,75,27,5.91e-06,2.253164399997331,False,0.0,False
294,semantic_entropy,llama-3.1-8b-instant,3,225,57,1.581e-05,6.723581800004467,False,-0.0,False
294,semantic_entropy,llama-3.1-8b-instant,5,375,91,2.603e-05,11.414833199989516,False,0.31091750708257115,False
294,semantic_entropy,llama-3.1-8b-instant,10,750,198,5.334e-05,23.175367699965136,False,0.34822537285722394,False
295,verbalized_confidence,llama-3.1-8b-instant,1,122,12,7.06e-06,2.2618824999954086,False,100.0,False
295,llm_judge,llama-3.1-8b-instant,1,166,8,8.939999999999999e-06,4.6331521999964025,False,,False
295,self_consistency,llama-3.1-8b-instant,1,72,6,4.08e-06,2.1950491000025067,False,1.0,False
295,self_consistency,llama-3.1-8b-instant,3,216,30,1.3199999999999999e-05,6.755014200025471,False,0.6666666666666666,False
295,self_consistency,llama-3.1-8b-instant,5,360,42,2.136e-05,11.276421800022945,False,0.8,False
295,self_consistency,llama-3.1-8b-instant,10,720,73,4.184e-05,22.546486100007314,False,0.6,False
295,semantic_entropy,llama-3.1-8b-instant,1,72,6,4.08e-06,2.1950491000025067,False,0.0,False
295,semantic_entropy,llama-3.1-8b-instant,3,216,30,1.3199999999999999e-05,6.755014200025471,False,0.5793801642856949,False
295,semantic_entropy,llama-3.1-8b-instant,5,360,42,2.136e-05,11.276421800022945,False,0.31091750708257115,False
295,semantic_entropy,llama-3.1-8b-instant,10,720,73,4.184e-05,22.546486100007314,False,0.4729032506370175,False
296,verbalized_confidence,llama-3.1-8b-instant,1,121,13,7.090000000000001e-06,2.322255299979588,False,100.0,False
296,llm_judge,llama-3.1-8b-instant,1,171,15,9.75e-06,4.561803199991118,False,,False
296,self_consistency,llama-3.1-8b-instant,1,71,18,4.9900000000000005e-06,2.2465478999947663,False,1.0,True
296,self_consistency,llama-3.1-8b-instant,3,213,65,1.585e-05,6.902282900002319,True,0.3333333333333333,True
296,self_consistency,llama-3.1-8b-instant,5,355,84,2.447e-05,11.344166099996073,True,0.2,True
296,self_consistency,llama-3.1-8b-instant,10,710,131,4.5980000000000004e-05,22.77515610001865,True,0.2,False
296,semantic_entropy,llama-3.1-8b-instant,1,71,18,4.9900000000000005e-06,2.2465478999947663,False,0.0,True
296,semantic_entropy,llama-3.1-8b-instant,3,213,65,1.585e-05,6.902282900002319,False,0.5793801642856949,True
296,semantic_entropy,llama-3.1-8b-instant,5,355,84,2.447e-05,11.344166099996073,False,0.5904362833084089,True
296,semantic_entropy,llama-3.1-8b-instant,10,710,131,4.5980000000000004e-05,22.77515610001865,False,0.45814600780483383,True
297,verbalized_confidence,llama-3.1-8b-instant,1,122,12,7.06e-06,2.2170707000186667,False,95.0,False
297,llm_judge,llama-3.1-8b-instant,1,167,9,9.07e-06,4.420035599992843,False,,False
297,self_consistency,llama-3.1-8b-instant,1,72,9,4.32e-06,2.2162642999901436,False,1.0,False
297,self_consistency,llama-3.1-8b-instant,3,216,29,1.3120000000000001e-05,6.650311600009445,False,0.6666666666666666,False
297,self_consistency,llama-3.1-8b-instant,5,360,49,2.1920000000000004e-05,11.316200100001879,True,0.4,False
297,self_consistency,llama-3.1-8b-instant,10,720,102,4.416000000000001e-05,22.59143800000311,True,0.2,False
297,semantic_entropy,llama-3.1-8b-instant,1,72,9,4.32e-06,2.2162642999901436,False,0.0,False
297,semantic_entropy,llama-3.1-8b-instant,3,216,29,1.3120000000000001e-05,6.650311600009445,False,-0.0,False
297,semantic_entropy,llama-3.1-8b-instant,5,360,49,2.1920000000000004e-05,11.316200100001879,False,0.31091750708257115,False
297,semantic_entropy,llama-3.1-8b-instant,10,720,102,4.416000000000001e-05,22.59143800000311,True,0.6989700043360186,False
298,verbalized_confidence,llama-3.1-8b-instant,1,121,39,9.170000000000002e-06,2.257814499986125,True,20.0,True
298,llm_judge,llama-3.1-8b-instant,1,170,14,9.62e-06,4.592910900013521,True,,True
298,self_consistency,llama-3.1-8b-instant,1,71,19,5.070000000000001e-06,2.337513200007379,False,1.0,True
298,self_consistency,llama-3.1-8b-instant,3,213,52,1.481e-05,6.795862800005125,True,0.3333333333333333,True
298,self_consistency,llama-3.1-8b-instant,5,355,85,2.455e-05,11.226705600012792,True,0.2,True
298,self_consistency,llama-3.1-8b-instant,10,710,173,4.934000000000001e-05,22.549855700024636,True,0.1,True
298,semantic_entropy,llama-3.1-8b-instant,1,71,19,5.070000000000001e-06,2.337513200007379,False,0.0,True
298,semantic_entropy,llama-3.1-8b-instant,3,213,52,1.481e-05,6.795862800005125,False,0.5793801642856949,True
298,semantic_entropy,llama-3.1-8b-instant,5,355,85,2.455e-05,11.226705600012792,False,0.4181656600790517,True
298,semantic_entropy,llama-3.1-8b-instant,10,710,173,4.934000000000001e-05,22.549855700024636,False,0.29228525323862886,True
299,verbalized_confidence,llama-3.1-8b-instant,1,117,17,7.210000000000001e-06,2.2939502999943215,False,100.0,False
299,llm_judge,llama-3.1-8b-instant,1,168,20,1e-05,4.541530399990734,False,,False
299,self_consistency,llama-3.1-8b-instant,1,67,20,4.95e-06,2.3393390999990515,False,1.0,False
299,self_consistency,llama-3.1-8b-instant,3,201,72,1.581e-05,6.806429599993862,True,0.3333333333333333,False
299,self_consistency,llama-3.1-8b-instant,5,335,105,2.5149999999999998e-05,11.496069999993779,True,0.2,False
299,self_consistency,llama-3.1-8b-instant,10,670,191,4.878e-05,22.924484799965285,True,0.2,False
299,semantic_entropy,llama-3.1-8b-instant,1,67,20,4.95e-06,2.3393390999990515,False,0.0,False
299,semantic_entropy,llama-3.1-8b-instant,3,201,72,1.581e-05,6.806429599993862,False,-0.0,False
299,semantic_entropy,llama-3.1-8b-instant,5,335,105,2.5149999999999998e-05,11.496069999993779,False,-0.0,False
299,semantic_entropy,llama-3.1-8b-instant,10,670,191,4.878e-05,22.924484799965285,False,-0.0,False
300,verbalized_confidence,llama-3.1-8b-instant,1,134,18,8.14e-06,2.3439926000137348,True,60.0,False
300,llm_judge,llama-3.1-8b-instant,1,193,11,1.053e-05,4.419419999991078,True,,False
300,self_consistency,llama-3.1-8b-instant,1,84,19,5.72e-06,2.3431121000030544,False,1.0,False
300,self_consistency,llama-3.1-8b-instant,3,252,37,1.556e-05,6.826973499992164,True,0.3333333333333333,False
300,self_consistency,llama-3.1-8b-instant,5,420,54,2.532e-05,11.245822800003225,True,0.4,True
300,self_consistency,llama-3.1-8b-instant,10,840,97,4.9760000000000005e-05,22.688982299965573,True,0.2,True
300,semantic_entropy,llama-3.1-8b-instant,1,84,19,5.72e-06,2.3431121000030544,False,0.0,False
300,semantic_entropy,llama-3.1-8b-instant,3,252,37,1.556e-05,6.826973499992164,False,0.5793801642856949,False
300,semantic_entropy,llama-3.1-8b-instant,5,420,54,2.532e-05,11.245822800003225,False,0.5904362833084089,False
300,semantic_entropy,llama-3.1-8b-instant,10,840,97,4.9760000000000005e-05,22.688982299965573,False,0.5073786214160918,False
301,verbalized_confidence,llama-3.1-8b-instant,1,121,12,7.010000000000001e-06,2.247105000016745,False,90.0,True
301,llm_judge,llama-3.1-8b-instant,1,166,10,9.100000000000001e-06,4.422839999984717,False,,True
301,self_consistency,llama-3.1-8b-instant,1,71,3,3.79e-06,2.2051675000111572,False,1.0,True
301,self_consistency,llama-3.1-8b-instant,3,213,17,1.2010000000000002e-05,6.742183400026988,False,0.6666666666666666,True
301,self_consistency,llama-3.1-8b-instant,5,355,27,1.991e-05,11.355164000036893,False,0.6,True
301,self_consistency,llama-3.1-8b-instant,10,710,72,4.126e-05,22.59011760004796,True,0.4,True
301,semantic_entropy,llama-3.1-8b-instant,1,71,3,3.79e-06,2.2051675000111572,False,0.0,True
301,semantic_entropy,llama-3.1-8b-instant,3,213,17,1.2010000000000002e-05,6.742183400026988,False,0.5793801642856949,True
301,semantic_entropy,llama-3.1-8b-instant,5,355,27,1.991e-05,11.355164000036893,False,0.5904362833084089,True
301,semantic_entropy,llama-3.1-8b-instant,10,710,72,4.126e-05,22.59011760004796,True,0.6160396270529163,True
302,verbalized_confidence,llama-3.1-8b-instant,1,119,25,7.95e-06,2.2226015999913216,True,0.0,False
302,llm_judge,llama-3.1-8b-instant,1,158,8,8.54e-06,4.426938299991889,False,,False
302,self_consistency,llama-3.1-8b-instant,1,68,36,6.28e-06,2.4808934000029694,False,1.0,False
302,self_consistency,llama-3.1-8b-instant,3,204,48,1.4040000000000001e-05,6.950403900002129,False,0.6666666666666666,False
302,self_consistency,llama-3.1-8b-instant,5,340,59,2.1720000000000002e-05,11.378571400011424,False,0.8,False
302,self_consistency,llama-3.1-8b-instant,10,680,87,4.096e-05,23.18517060004524,False,0.8,False
302,semantic_entropy,llama-3.1-8b-instant,1,68,36,6.28e-06,2.4808934000029694,False,0.0,False
302,semantic_entropy,llama-3.1-8b-instant,3,204,48,1.4040000000000001e-05,6.950403900002129,False,0.5793801642856949,False
302,semantic_entropy,llama-3.1-8b-instant,5,340,59,2.1720000000000002e-05,11.378571400011424,False,0.31091750708257115,False
302,semantic_entropy,llama-3.1-8b-instant,10,680,87,4.096e-05,23.18517060004524,False,0.2775280104064451,False
303,verbalized_confidence,llama-3.1-8b-instant,1,120,14,7.1200000000000004e-06,2.2137398999766447,True,0.0,False
303,llm_judge,llama-3.1-8b-instant,1,184,31,1.168e-05,4.809931499999948,False,,False
303,self_consistency,llama-3.1-8b-instant,1,70,4,3.82e-06,2.197142100019846,False,1.0,False
303,self_consistency,llama-3.1-8b-instant,3,210,48,1.434e-05,6.845960200036643,True,0.3333333333333333,False
303,self_consistency,llama-3.1-8b-instant,5,350,78,2.3739999999999996e-05,11.427561700023944,True,0.2,False
303,self_consistency,llama-3.1-8b-instant,10,700,215,5.2199999999999995e-05,22.81774149998091,True,0.1,False
303,semantic_entropy,llama-3.1-8b-instant,1,70,4,3.82e-06,2.197142100019846,False,0.0,False
303,semantic_entropy,llama-3.1-8b-instant,3,210,48,1.434e-05,6.845960200036643,True,0.9999999999999998,False
303,semantic_entropy,llama-3.1-8b-instant,5,350,78,2.3739999999999996e-05,11.427561700023944,True,1.0000000000000002,False
303,semantic_entropy,llama-3.1-8b-instant,10,700,215,5.2199999999999995e-05,22.81774149998091,True,0.8795880017344073,False
304,verbalized_confidence,llama-3.1-8b-instant,1,123,13,7.190000000000001e-06,2.205989400012186,False,100.0,False
304,llm_judge,llama-3.1-8b-instant,1,172,13,9.64e-06,4.409458200010704,False,,False
304,self_consistency,llama-3.1-8b-instant,1,73,11,4.53e-06,2.2173998999933247,False,1.0,False
304,self_consistency,llama-3.1-8b-instant,3,219,26,1.3030000000000002e-05,6.76396269997349,True,0.3333333333333333,False
304,self_consistency,llama-3.1-8b-instant,5,365,50,2.2250000000000002e-05,11.507775899983244,True,0.4,False
304,self_consistency,llama-3.1-8b-instant,10,730,83,4.314000000000001e-05,22.94438839997747,True,0.3,False
304,semantic_entropy,llama-3.1-8b-instant,1,73,11,4.53e-06,2.2173998999933247,False,0.0,False
304,semantic_entropy,llama-3.1-8b-instant,3,219,26,1.3030000000000002e-05,6.76396269997349,True,0.9999999999999998,False
304,semantic_entropy,llama-3.1-8b-instant,5,365,50,2.2250000000000002e-05,11.507775899983244,False,0.5904362833084089,False
304,semantic_entropy,llama-3.1-8b-instant,10,730,83,4.314000000000001e-05,22.94438839997747,False,0.14118174150460758,False
305,verbalized_confidence,llama-3.1-8b-instant,1,120,13,7.04e-06,2.21940909998375,False,80.0,False
305,llm_judge,llama-3.1-8b-instant,1,168,14,9.52e-06,4.528725399984978,False,,False
305,self_consistency,llama-3.1-8b-instant,1,70,17,4.86e-06,2.249954600003548,False,1.0,False
305,self_consistency,llama-3.1-8b-instant,3,210,62,1.5459999999999998e-05,6.718322100001387,True,0.3333333333333333,False
305,self_consistency,llama-3.1-8b-instant,5,350,84,2.422e-05,11.339137500006473,True,0.2,False
305,self_consistency,llama-3.1-8b-instant,10,700,133,4.564e-05,22.617743899987545,True,0.1,False
305,semantic_entropy,llama-3.1-8b-instant,1,70,17,4.86e-06,2.249954600003548,False,0.0,False
305,semantic_entropy,llama-3.1-8b-instant,3,210,62,1.5459999999999998e-05,6.718322100001387,True,0.9999999999999998,False
305,semantic_entropy,llama-3.1-8b-instant,5,350,84,2.422e-05,11.339137500006473,True,1.0000000000000002,False
305,semantic_entropy,llama-3.1-8b-instant,10,700,133,4.564e-05,22.617743899987545,True,0.856863623584101,False
306,verbalized_confidence,llama-3.1-8b-instant,1,117,13,6.890000000000001e-06,2.2374447000038344,False,80.0,False
306,llm_judge,llama-3.1-8b-instant,1,163,17,9.51e-06,4.553045500011649,False,,False
306,self_consistency,llama-3.1-8b-instant,1,67,18,4.79e-06,2.3415403999970295,False,1.0,False
306,self_consistency,llama-3.1-8b-instant,3,201,48,1.3889999999999997e-05,6.834156700002495,True,0.3333333333333333,False
306,self_consistency,llama-3.1-8b-instant,5,335,83,2.3389999999999998e-05,11.349199800024508,True,0.2,False
306,self_consistency,llama-3.1-8b-instant,10,670,153,4.573999999999999e-05,22.75310360005824,True,0.1,False
306,semantic_entropy,llama-3.1-8b-instant,1,67,18,4.79e-06,2.3415403999970295,False,0.0,False
306,semantic_entropy,llama-3.1-8b-instant,3,201,48,1.3889999999999997e-05,6.834156700002495,False,-0.0,False
306,semantic_entropy,llama-3.1-8b-instant,5,335,83,2.3389999999999998e-05,11.349199800024508,False,-0.0,False
306,semantic_entropy,llama-3.1-8b-instant,10,670,153,4.573999999999999e-05,22.75310360005824,False,0.2775280104064451,False
307,verbalized_confidence,llama-3.1-8b-instant,1,121,33,8.690000000000002e-06,2.2938073000113945,False,80.0,False
307,llm_judge,llama-3.1-8b-instant,1,173,17,1.001e-05,4.47433270001784,False,,False
307,self_consistency,llama-3.1-8b-instant,1,71,11,4.430000000000001e-06,2.2289165999973193,False,1.0,False
307,self_consistency,llama-3.1-8b-instant,3,213,60,1.5450000000000003e-05,6.742755099985516,True,0.3333333333333333,False
307,self_consistency,llama-3.1-8b-instant,5,355,102,2.5910000000000004e-05,11.244573500007391,True,0.2,False
307,self_consistency,llama-3.1-8b-instant,10,710,205,5.190000000000001e-05,22.511712600040482,True,0.1,False
307,semantic_entropy,llama-3.1-8b-instant,1,71,11,4.430000000000001e-06,2.2289165999973193,False,0.0,False
307,semantic_entropy,llama-3.1-8b-instant,3,213,60,1.5450000000000003e-05,6.742755099985516,True,0.9999999999999998,False
307,semantic_entropy,llama-3.1-8b-instant,5,355,102,2.5910000000000004e-05,11.244573500007391,True,0.8277293767706428,False
307,semantic_entropy,llama-3.1-8b-instant,10,710,205,5.190000000000001e-05,22.511712600040482,False,0.5903089986991943,False
308,verbalized_confidence,llama-3.1-8b-instant,1,125,12,7.21e-06,2.219574200018542,False,80.0,True
308,llm_judge,llama-3.1-8b-instant,1,169,6,8.930000000000001e-06,4.571233900001971,True,,True
308,self_consistency,llama-3.1-8b-instant,1,75,4,4.07e-06,2.224071600008756,False,1.0,True
308,self_consistency,llama-3.1-8b-instant,3,225,32,1.381e-05,6.759020400000736,False,0.6666666666666666,True
308,self_consistency,llama-3.1-8b-instant,5,375,45,2.2349999999999998e-05,11.20449559998815,True,0.4,True
308,self_consistency,llama-3.1-8b-instant,10,750,70,4.31e-05,22.389343000017107,True,0.4,True
308,semantic_entropy,llama-3.1-8b-instant,1,75,4,4.07e-06,2.224071600008756,False,0.0,True
308,semantic_entropy,llama-3.1-8b-instant,3,225,32,1.381e-05,6.759020400000736,False,0.5793801642856949,True
308,semantic_entropy,llama-3.1-8b-instant,5,375,45,2.2349999999999998e-05,11.20449559998815,True,0.8277293767706428,True
308,semantic_entropy,llama-3.1-8b-instant,10,750,70,4.31e-05,22.389343000017107,True,0.6989700043360187,True
309,verbalized_confidence,llama-3.1-8b-instant,1,122,22,7.860000000000001e-06,2.2564053000241984,False,100.0,False
309,llm_judge,llama-3.1-8b-instant,1,173,15,9.850000000000002e-06,4.419458600023063,False,,False
309,self_consistency,llama-3.1-8b-instant,1,72,13,4.6400000000000005e-06,2.222024499991676,False,1.0,False
309,self_consistency,llama-3.1-8b-instant,3,216,39,1.3920000000000002e-05,6.784633699979167,False,1.0,False
309,self_consistency,llama-3.1-8b-instant,5,360,59,2.2720000000000003e-05,11.222293500002706,False,0.6,False
309,self_consistency,llama-3.1-8b-instant,10,720,126,4.608e-05,22.416986900003394,True,0.4,False
309,semantic_entropy,llama-3.1-8b-instant,1,72,13,4.6400000000000005e-06,2.222024499991676,False,0.0,False
309,semantic_entropy,llama-3.1-8b-instant,3,216,39,1.3920000000000002e-05,6.784633699979167,False,-0.0,False
309,semantic_entropy,llama-3.1-8b-instant,5,360,59,2.2720000000000003e-05,11.222293500002706,False,0.31091750708257115,False
309,semantic_entropy,llama-3.1-8b-instant,10,720,126,4.608e-05,22.416986900003394,False,0.4126972515042214,False
310,verbalized_confidence,llama-3.1-8b-instant,1,146,13,8.34e-06,2.2018461000116076,False,100.0,False
310,llm_judge,llama-3.1-8b-instant,1,214,8,1.1340000000000002e-05,4.640275500016287,False,,False
310,self_consistency,llama-3.1-8b-instant,1,96,6,5.280000000000001e-06,2.1937710999918636,False,1.0,False
310,self_consistency,llama-3.1-8b-instant,3,288,14,1.5520000000000004e-05,6.59979879995808,False,0.6666666666666666,False
310,self_consistency,llama-3.1-8b-instant,5,480,22,2.5760000000000007e-05,11.151198899955489,False,0.8,False
310,self_consistency,llama-3.1-8b-instant,10,960,44,5.152000000000001e-05,22.52903999996488,False,0.8,False
310,semantic_entropy,llama-3.1-8b-instant,1,96,6,5.280000000000001e-06,2.1937710999918636,False,0.0,False
310,semantic_entropy,llama-3.1-8b-instant,3,288,14,1.5520000000000004e-05,6.59979879995808,False,-0.0,False
310,semantic_entropy,llama-3.1-8b-instant,5,480,22,2.5760000000000007e-05,11.151198899955489,False,-0.0,False
310,semantic_entropy,llama-3.1-8b-instant,10,960,44,5.152000000000001e-05,22.52903999996488,False,-0.0,False
311,verbalized_confidence,llama-3.1-8b-instant,1,132,17,7.96e-06,2.2624544000136666,True,60.0,True
311,llm_judge,llama-3.1-8b-instant,1,188,10,1.02e-05,4.577531299990369,True,,True
311,self_consistency,llama-3.1-8b-instant,1,82,8,4.74e-06,2.2324588999908883,False,1.0,True
311,self_consistency,llama-3.1-8b-instant,3,246,27,1.4460000000000002e-05,6.703272199985804,True,0.3333333333333333,True
311,self_consistency,llama-3.1-8b-instant,5,410,44,2.4020000000000004e-05,11.156365299975732,True,0.2,True
311,self_consistency,llama-3.1-8b-instant,10,820,102,4.9160000000000004e-05,22.520038199960254,True,0.2,True
311,semantic_entropy,llama-3.1-8b-instant,1,82,8,4.74e-06,2.2324588999908883,False,0.0,True
311,semantic_entropy,llama-3.1-8b-instant,3,246,27,1.4460000000000002e-05,6.703272199985804,False,0.5793801642856949,True
311,semantic_entropy,llama-3.1-8b-instant,5,410,44,2.4020000000000004e-05,11.156365299975732,False,0.4181656600790517,True
311,semantic_entropy,llama-3.1-8b-instant,10,820,102,4.9160000000000004e-05,22.520038199960254,False,0.2652949955741215,True
312,verbalized_confidence,llama-3.1-8b-instant,1,124,12,7.16e-06,2.325577000010526,False,90.0,True
312,llm_judge,llama-3.1-8b-instant,1,173,11,9.53e-06,4.419112700008554,False,,True
312,self_consistency,llama-3.1-8b-instant,1,74,9,4.42e-06,2.2726480000128504,False,1.0,True
312,self_consistency,llama-3.1-8b-instant,3,222,21,1.278e-05,6.707895600004122,True,0.3333333333333333,True
312,self_consistency,llama-3.1-8b-instant,5,370,49,2.242e-05,11.159986800019396,True,0.4,True
312,self_consistency,llama-3.1-8b-instant,10,740,110,4.58e-05,22.471734500024468,True,0.3,True
312,semantic_entropy,llama-3.1-8b-instant,1,74,9,4.42e-06,2.2726480000128504,False,0.0,True
312,semantic_entropy,llama-3.1-8b-instant,3,222,21,1.278e-05,6.707895600004122,False,0.5793801642856949,True
312,semantic_entropy,llama-3.1-8b-instant,5,370,49,2.242e-05,11.159986800019396,False,0.5904362833084089,True
312,semantic_entropy,llama-3.1-8b-instant,10,740,110,4.58e-05,22.471734500024468,False,0.38997287335391506,True
313,verbalized_confidence,llama-3.1-8b-instant,1,120,12,6.96e-06,2.333107899990864,False,100.0,False
313,llm_judge,llama-3.1-8b-instant,1,159,5,8.35e-06,4.530136599991238,True,,False
313,self_consistency,llama-3.1-8b-instant,1,70,9,4.219999999999999e-06,2.2287388000113424,False,1.0,False
313,self_consistency,llama-3.1-8b-instant,3,210,28,1.2739999999999997e-05,6.721777200029464,True,0.3333333333333333,False
313,self_consistency,llama-3.1-8b-instant,5,350,34,2.022e-05,11.246686000027694,True,0.4,False
313,self_consistency,llama-3.1-8b-instant,10,700,77,4.115999999999999e-05,22.676305000000866,True,0.4,False
313,semantic_entropy,llama-3.1-8b-instant,1,70,9,4.219999999999999e-06,2.2287388000113424,False,0.0,False
313,semantic_entropy,llama-3.1-8b-instant,3,210,28,1.2739999999999997e-05,6.721777200029464,False,-0.0,False
313,semantic_entropy,llama-3.1-8b-instant,5,350,34,2.022e-05,11.246686000027694,False,0.4181656600790517,False
313,semantic_entropy,llama-3.1-8b-instant,10,700,77,4.115999999999999e-05,22.676305000000866,False,0.34822537285722394,False
314,verbalized_confidence,llama-3.1-8b-instant,1,124,21,7.879999999999999e-06,2.3391944999748375,False,100.0,False
314,llm_judge,llama-3.1-8b-instant,1,171,9,9.270000000000001e-06,4.39805340001476,True,,False
314,self_consistency,llama-3.1-8b-instant,1,74,6,4.18e-06,2.2122314000152983,False,1.0,False
314,self_consistency,llama-3.1-8b-instant,3,222,27,1.326e-05,6.658034800027963,True,0.3333333333333333,False
314,self_consistency,llama-3.1-8b-instant,5,370,38,2.154e-05,11.359270800021477,True,0.2,False
314,self_consistency,llama-3.1-8b-instant,10,740,107,4.5560000000000004e-05,22.674882100021932,True,0.2,False
314,semantic_entropy,llama-3.1-8b-instant,1,74,6,4.18e-06,2.2122314000152983,False,0.0,False
314,semantic_entropy,llama-3.1-8b-instant,3,222,27,1.326e-05,6.658034800027963,False,-0.0,False
314,semantic_entropy,llama-3.1-8b-instant,5,370,38,2.154e-05,11.359270800021477,False,0.31091750708257115,False
314,semantic_entropy,llama-3.1-8b-instant,10,740,107,4.5560000000000004e-05,22.674882100021932,False,0.40843137199002016,False
315,verbalized_confidence,llama-3.1-8b-instant,1,121,12,7.010000000000001e-06,2.2276357999944594,False,95.0,True
315,llm_judge,llama-3.1-8b-instant,1,161,5,8.45e-06,4.403584099985892,False,,True
315,self_consistency,llama-3.1-8b-instant,1,71,3,3.79e-06,2.2918214999954216,False,1.0,True
315,self_consistency,llama-3.1-8b-instant,3,213,9,1.1370000000000001e-05,6.669485999998869,False,1.0,True
315,self_consistency,llama-3.1-8b-instant,5,355,15,1.895e-05,11.100965699995868,False,1.0,True
315,self_consistency,llama-3.1-8b-instant,10,710,31,3.798e-05,22.215583199984394,False,0.9,True
315,semantic_entropy,llama-3.1-8b-instant,1,71,3,3.79e-06,2.2918214999954216,False,0.0,True
315,semantic_entropy,llama-3.1-8b-instant,3,213,9,1.1370000000000001e-05,6.669485999998869,False,-0.0,True
315,semantic_entropy,llama-3.1-8b-instant,5,355,15,1.895e-05,11.100965699995868,False,-0.0,True
315,semantic_entropy,llama-3.1-8b-instant,10,710,31,3.798e-05,22.215583199984394,False,-0.0,True
316,verbalized_confidence,llama-3.1-8b-instant,1,119,13,6.99e-06,2.320246799994493,False,100.0,True
316,llm_judge,llama-3.1-8b-instant,1,158,6,8.38e-06,4.393825899984222,False,,True
316,self_consistency,llama-3.1-8b-instant,1,69,4,3.77e-06,2.19860490001156,False,1.0,True
316,self_consistency,llama-3.1-8b-instant,3,207,13,1.139e-05,6.628415499988478,False,0.6666666666666666,True
316,self_consistency,llama-3.1-8b-instant,5,345,23,1.909e-05,11.134844399959547,False,0.6,True
316,self_consistency,llama-3.1-8b-instant,10,690,44,3.802e-05,22.15900559994043,False,0.7,True
316,semantic_entropy,llama-3.1-8b-instant,1,69,4,3.77e-06,2.19860490001156,False,0.0,True
316,semantic_entropy,llama-3.1-8b-instant,3,207,13,1.139e-05,6.628415499988478,False,0.5793801642856949,True
316,semantic_entropy,llama-3.1-8b-instant,5,345,23,1.909e-05,11.134844399959547,False,0.5904362833084089,True
316,semantic_entropy,llama-3.1-8b-instant,10,690,44,3.802e-05,22.15900559994043,False,0.34822537285722394,True
317,verbalized_confidence,llama-3.1-8b-instant,1,122,24,8.02e-06,2.2842441000102554,False,100.0,False
317,llm_judge,llama-3.1-8b-instant,1,170,12,9.460000000000001e-06,4.55287730001146,False,,False
317,self_consistency,llama-3.1-8b-instant,1,72,16,4.88e-06,2.332954499986954,False,1.0,False
317,self_consistency,llama-3.1-8b-instant,3,216,41,1.408e-05,6.988196599966614,True,0.3333333333333333,False
317,self_consistency,llama-3.1-8b-instant,5,360,59,2.272e-05,11.493375899968669,True,0.2,False
317,self_consistency,llama-3.1-8b-instant,10,720,108,4.464e-05,22.956712499959394,True,0.1,False
317,semantic_entropy,llama-3.1-8b-instant,1,72,16,4.88e-06,2.332954499986954,False,0.0,False
317,semantic_entropy,llama-3.1-8b-instant,3,216,41,1.408e-05,6.988196599966614,True,0.9999999999999998,False
317,semantic_entropy,llama-3.1-8b-instant,5,360,59,2.272e-05,11.493375899968669,True,1.0000000000000002,False
317,semantic_entropy,llama-3.1-8b-instant,10,720,108,4.464e-05,22.956712499959394,True,0.7364516253185087,False
318,verbalized_confidence,llama-3.1-8b-instant,1,126,23,8.14e-06,2.338857700000517,False,80.0,False
318,llm_judge,llama-3.1-8b-instant,1,174,8,9.340000000000002e-06,4.412759200000437,True,,False
318,self_consistency,llama-3.1-8b-instant,1,76,6,4.2800000000000005e-06,2.2249405999900773,False,1.0,False
318,self_consistency,llama-3.1-8b-instant,3,228,17,1.2760000000000001e-05,6.689282499981346,False,0.6666666666666666,False
318,self_consistency,llama-3.1-8b-instant,5,380,35,2.18e-05,11.400950999988709,True,0.4,False
318,self_consistency,llama-3.1-8b-instant,10,760,70,4.36e-05,22.53788729995722,False,0.5,False
318,semantic_entropy,llama-3.1-8b-instant,1,76,6,4.2800000000000005e-06,2.2249405999900773,False,0.0,False
318,semantic_entropy,llama-3.1-8b-instant,3,228,17,1.2760000000000001e-05,6.689282499981346,False,-0.0,False
318,semantic_entropy,llama-3.1-8b-instant,5,380,35,2.18e-05,11.400950999988709,False,0.4181656600790517,False
318,semantic_entropy,llama-3.1-8b-instant,10,760,70,4.36e-05,22.53788729995722,False,0.2652949955741215,False
319,verbalized_confidence,llama-3.1-8b-instant,1,119,19,7.4700000000000005e-06,2.2664373999868985,False,80.0,False
319,llm_judge,llama-3.1-8b-instant,1,173,21,1.0330000000000001e-05,4.485986999992747,False,,False
319,self_consistency,llama-3.1-8b-instant,1,69,13,4.49e-06,2.2539186000067275,False,1.0,False
319,self_consistency,llama-3.1-8b-instant,3,207,33,1.2990000000000001e-05,6.68367080000462,True,0.3333333333333333,False
319,self_consistency,llama-3.1-8b-instant,5,345,53,2.149e-05,11.192063499998767,True,0.2,False
319,self_consistency,llama-3.1-8b-instant,10,690,124,4.442e-05,22.398197799979243,True,0.2,False
319,semantic_entropy,llama-3.1-8b-instant,1,69,13,4.49e-06,2.2539186000067275,False,0.0,False
319,semantic_entropy,llama-3.1-8b-instant,3,207,33,1.2990000000000001e-05,6.68367080000462,False,0.5793801642856949,False
319,semantic_entropy,llama-3.1-8b-instant,5,345,53,2.149e-05,11.192063499998767,True,0.6554587535412857,False
319,semantic_entropy,llama-3.1-8b-instant,10,690,124,4.442e-05,22.398197799979243,False,0.21732201127364886,False
320,verbalized_confidence,llama-3.1-8b-instant,1,117,12,6.810000000000001e-06,2.2357025999808684,False,100.0,False
320,llm_judge,llama-3.1-8b-instant,1,153,5,8.05e-06,4.401760999986436,False,,False
320,self_consistency,llama-3.1-8b-instant,1,67,3,3.59e-06,2.468414299975848,False,1.0,False
320,self_consistency,llama-3.1-8b-instant,3,201,16,1.133e-05,6.88498079997953,False,0.6666666666666666,False
320,self_consistency,llama-3.1-8b-instant,5,335,22,1.851e-05,11.547378899995238,False,0.8,False
320,self_consistency,llama-3.1-8b-instant,10,670,44,3.702e-05,22.794373400014592,False,0.8,False
320,semantic_entropy,llama-3.1-8b-instant,1,67,3,3.59e-06,2.468414299975848,False,0.0,False
320,semantic_entropy,llama-3.1-8b-instant,3,201,16,1.133e-05,6.88498079997953,False,0.5793801642856949,False
320,semantic_entropy,llama-3.1-8b-instant,5,335,22,1.851e-05,11.547378899995238,False,0.31091750708257115,False
320,semantic_entropy,llama-3.1-8b-instant,10,670,44,3.702e-05,22.794373400014592,False,0.21732201127364886,False
321,verbalized_confidence,llama-3.1-8b-instant,1,125,14,7.37e-06,2.3157658000127412,False,100.0,False
321,llm_judge,llama-3.1-8b-instant,1,182,18,1.054e-05,4.529195999988588,False,,False
321,self_consistency,llama-3.1-8b-instant,1,75,6,4.23e-06,2.3211828999919817,False,1.0,False
321,self_consistency,llama-3.1-8b-instant,3,225,36,1.4129999999999999e-05,6.858847199997399,True,0.3333333333333333,False
321,self_consistency,llama-3.1-8b-instant,5,375,86,2.5629999999999997e-05,11.45899779998581,True,0.2,False
321,self_consistency,llama-3.1-8b-instant,10,750,144,4.901999999999999e-05,22.69522870000219,True,0.4,False
321,semantic_entropy,llama-3.1-8b-instant,1,75,6,4.23e-06,2.3211828999919817,False,0.0,False
321,semantic_entropy,llama-3.1-8b-instant,3,225,36,1.4129999999999999e-05,6.858847199997399,True,0.9999999999999998,False
321,semantic_entropy,llama-3.1-8b-instant,5,375,86,2.5629999999999997e-05,11.45899779998581,False,0.5904362833084089,False
321,semantic_entropy,llama-3.1-8b-instant,10,750,144,4.901999999999999e-05,22.69522870000219,False,0.4729032506370176,False
322,verbalized_confidence,llama-3.1-8b-instant,1,121,17,7.410000000000001e-06,2.2296567000157665,False,80.0,True
322,llm_judge,llama-3.1-8b-instant,1,171,16,9.829999999999999e-06,4.537091100006364,False,,False
322,self_consistency,llama-3.1-8b-instant,1,71,14,4.67e-06,2.320010399998864,False,1.0,False
322,self_consistency,llama-3.1-8b-instant,3,213,51,1.4730000000000003e-05,7.194243500009179,True,0.3333333333333333,False
322,self_consistency,llama-3.1-8b-instant,5,355,101,2.5830000000000002e-05,11.682417200005148,True,0.2,False
322,self_consistency,llama-3.1-8b-instant,10,710,204,5.182000000000001e-05,22.880991099984385,True,0.1,False
322,semantic_entropy,llama-3.1-8b-instant,1,71,14,4.67e-06,2.320010399998864,False,0.0,False
322,semantic_entropy,llama-3.1-8b-instant,3,213,51,1.4730000000000003e-05,7.194243500009179,False,-0.0,False
322,semantic_entropy,llama-3.1-8b-instant,5,355,101,2.5830000000000002e-05,11.682417200005148,False,-0.0,False
322,semantic_entropy,llama-3.1-8b-instant,10,710,204,5.182000000000001e-05,22.880991099984385,False,0.2775280104064451,False
323,verbalized_confidence,llama-3.1-8b-instant,1,119,14,7.07e-06,2.3180314999772236,False,90.0,False
323,llm_judge,llama-3.1-8b-instant,1,159,8,8.59e-06,4.5062614000053145,False,,False
323,self_consistency,llama-3.1-8b-instant,1,69,5,3.85e-06,2.309153099980904,False,1.0,False
323,self_consistency,llama-3.1-8b-instant,3,207,15,1.1550000000000001e-05,6.8300039999885485,False,1.0,False
323,self_consistency,llama-3.1-8b-instant,5,345,25,1.925e-05,11.32613709999714,False,1.0,False
323,self_consistency,llama-3.1-8b-instant,10,690,50,3.8499999999999994e-05,23.161818799970206,False,1.0,False
323,semantic_entropy,llama-3.1-8b-instant,1,69,5,3.85e-06,2.309153099980904,False,0.0,False
323,semantic_entropy,llama-3.1-8b-instant,3,207,15,1.1550000000000001e-05,6.8300039999885485,False,-0.0,False
323,semantic_entropy,llama-3.1-8b-instant,5,345,25,1.925e-05,11.32613709999714,False,-0.0,False
323,semantic_entropy,llama-3.1-8b-instant,10,690,50,3.8499999999999994e-05,23.161818799970206,False,-0.0,False
324,verbalized_confidence,llama-3.1-8b-instant,1,116,12,6.7600000000000005e-06,2.19606789998943,False,100.0,False
324,llm_judge,llama-3.1-8b-instant,1,151,5,7.95e-06,4.511467200005427,False,,False
324,self_consistency,llama-3.1-8b-instant,1,66,3,3.54e-06,2.2398259000037797,False,1.0,False
324,self_consistency,llama-3.1-8b-instant,3,198,9,1.062e-05,6.750590299983742,False,1.0,False
324,self_consistency,llama-3.1-8b-instant,5,330,15,1.77e-05,11.368805600010091,False,1.0,False
324,self_consistency,llama-3.1-8b-instant,10,660,30,3.539999999999999e-05,22.57755720001296,False,1.0,False
324,semantic_entropy,llama-3.1-8b-instant,1,66,3,3.54e-06,2.2398259000037797,False,0.0,False
324,semantic_entropy,llama-3.1-8b-instant,3,198,9,1.062e-05,6.750590299983742,False,-0.0,False
324,semantic_entropy,llama-3.1-8b-instant,5,330,15,1.77e-05,11.368805600010091,False,-0.0,False
324,semantic_entropy,llama-3.1-8b-instant,10,660,30,3.539999999999999e-05,22.57755720001296,False,-0.0,False
325,verbalized_confidence,llama-3.1-8b-instant,1,123,20,7.75e-06,2.292368800000986,False,80.0,False
325,llm_judge,llama-3.1-8b-instant,1,182,22,1.0860000000000001e-05,4.564283300016541,True,,True
325,self_consistency,llama-3.1-8b-instant,1,73,63,8.690000000000002e-06,2.4969377999950666,False,1.0,False
325,self_consistency,llama-3.1-8b-instant,3,219,89,1.807e-05,7.1451418999931775,True,0.3333333333333333,False
325,self_consistency,llama-3.1-8b-instant,5,365,121,2.7930000000000005e-05,11.678983999998309,True,0.2,False
325,self_consistency,llama-3.1-8b-instant,10,730,270,5.810000000000001e-05,23.170561000006273,True,0.1,False
325,semantic_entropy,llama-3.1-8b-instant,1,73,63,8.690000000000002e-06,2.4969377999950666,False,0.0,False
325,semantic_entropy,llama-3.1-8b-instant,3,219,89,1.807e-05,7.1451418999931775,True,0.9999999999999998,False
325,semantic_entropy,llama-3.1-8b-instant,5,365,121,2.7930000000000005e-05,11.678983999998309,True,0.8277293767706428,False
325,semantic_entropy,llama-3.1-8b-instant,10,730,270,5.810000000000001e-05,23.170561000006273,True,0.6160396270529163,False
326,verbalized_confidence,llama-3.1-8b-instant,1,118,16,7.180000000000001e-06,2.228104300011182,True,0.0,True
326,llm_judge,llama-3.1-8b-instant,1,158,10,8.700000000000001e-06,4.660528799984604,False,,False
326,self_consistency,llama-3.1-8b-instant,1,68,61,8.28e-06,2.426417599985143,False,1.0,False
326,self_consistency,llama-3.1-8b-instant,3,204,84,1.692e-05,6.921752499969443,True,0.3333333333333333,False
326,self_consistency,llama-3.1-8b-instant,5,340,1401,0.00012908,13.535478899953887,True,0.4,False
326,self_consistency,llama-3.1-8b-instant,10,680,1561,0.00015888000000000002,24.073439099971438,True,0.3,False
326,semantic_entropy,llama-3.1-8b-instant,1,68,61,8.28e-06,2.426417599985143,False,0.0,False
326,semantic_entropy,llama-3.1-8b-instant,3,204,84,1.692e-05,6.921752499969443,True,0.9999999999999998,False
326,semantic_entropy,llama-3.1-8b-instant,5,340,1401,0.00012908,13.535478899953887,True,0.8277293767706428,False
326,semantic_entropy,llama-3.1-8b-instant,10,680,1561,0.00015888000000000002,24.073439099971438,True,0.7591760034688149,False
327,verbalized_confidence,llama-3.1-8b-instant,1,135,13,7.79e-06,0.2468358000041917,False,100.0,False
327,llm_judge,llama-3.1-8b-instant,1,189,6,9.930000000000001e-06,4.538835000013933,False,,False
327,self_consistency,llama-3.1-8b-instant,1,85,4,4.57e-06,2.203637800004799,False,1.0,False
327,self_consistency,llama-3.1-8b-instant,3,255,12,1.3710000000000001e-05,6.7404449000023305,False,1.0,False
327,self_consistency,llama-3.1-8b-instant,5,425,20,2.285e-05,11.154325200011954,False,1.0,False
327,self_consistency,llama-3.1-8b-instant,10,850,40,4.569999999999999e-05,22.472115200012922,False,1.0,False
327,semantic_entropy,llama-3.1-8b-instant,1,85,4,4.57e-06,2.203637800004799,False,0.0,False
327,semantic_entropy,llama-3.1-8b-instant,3,255,12,1.3710000000000001e-05,6.7404449000023305,False,-0.0,False
327,semantic_entropy,llama-3.1-8b-instant,5,425,20,2.285e-05,11.154325200011954,False,-0.0,False
327,semantic_entropy,llama-3.1-8b-instant,10,850,40,4.569999999999999e-05,22.472115200012922,False,-0.0,False
328,verbalized_confidence,llama-3.1-8b-instant,1,122,12,7.06e-06,2.2213157000078354,False,90.0,False
328,llm_judge,llama-3.1-8b-instant,1,176,18,1.024e-05,4.566262300009839,False,,False
328,self_consistency,llama-3.1-8b-instant,1,72,14,4.7200000000000005e-06,2.2729947000043467,False,1.0,False
328,self_consistency,llama-3.1-8b-instant,3,216,28,1.304e-05,6.724909899989143,True,0.3333333333333333,False
328,self_consistency,llama-3.1-8b-instant,5,360,61,2.2879999999999998e-05,11.223554299998796,True,0.2,False
328,self_consistency,llama-3.1-8b-instant,10,720,126,4.607999999999999e-05,22.731731699983357,True,0.3,False
328,semantic_entropy,llama-3.1-8b-instant,1,72,14,4.7200000000000005e-06,2.2729947000043467,False,0.0,False
328,semantic_entropy,llama-3.1-8b-instant,3,216,28,1.304e-05,6.724909899989143,True,0.9999999999999998,False
328,semantic_entropy,llama-3.1-8b-instant,5,360,61,2.2879999999999998e-05,11.223554299998796,True,0.6554587535412857,False
328,semantic_entropy,llama-3.1-8b-instant,10,720,126,4.607999999999999e-05,22.731731699983357,False,0.5705908707523037,False
329,verbalized_confidence,llama-3.1-8b-instant,1,123,20,7.75e-06,2.2157340999983717,False,80.0,False
329,llm_judge,llama-3.1-8b-instant,1,182,22,1.0860000000000001e-05,4.480141600011848,True,,False
329,self_consistency,llama-3.1-8b-instant,1,73,8,4.2900000000000004e-06,2.2060425999807194,False,1.0,False
329,self_consistency,llama-3.1-8b-instant,3,219,47,1.471e-05,6.894066099979682,True,0.3333333333333333,False
329,self_consistency,llama-3.1-8b-instant,5,365,72,2.4010000000000002e-05,11.566557499987539,True,0.2,False
329,self_consistency,llama-3.1-8b-instant,10,730,144,4.8020000000000004e-05,22.915379799960647,True,0.1,False
329,semantic_entropy,llama-3.1-8b-instant,1,73,8,4.2900000000000004e-06,2.2060425999807194,False,0.0,False
329,semantic_entropy,llama-3.1-8b-instant,3,219,47,1.471e-05,6.894066099979682,True,0.9999999999999998,False
329,semantic_entropy,llama-3.1-8b-instant,5,365,72,2.4010000000000002e-05,11.566557499987539,True,1.0000000000000002,False
329,semantic_entropy,llama-3.1-8b-instant,10,730,144,4.8020000000000004e-05,22.915379799960647,True,0.8193820026016111,False
330,verbalized_confidence,llama-3.1-8b-instant,1,122,14,7.22e-06,2.2185995999898296,False,90.0,False
330,llm_judge,llama-3.1-8b-instant,1,190,32,1.206e-05,4.548751700000139,False,,False
330,self_consistency,llama-3.1-8b-instant,1,72,28,5.84e-06,2.2410213999974076,False,1.0,False
330,self_consistency,llama-3.1-8b-instant,3,216,81,1.728e-05,7.112897199986037,True,0.3333333333333333,False
330,self_consistency,llama-3.1-8b-instant,5,360,141,2.928e-05,11.832395999983419,True,0.2,False
330,self_consistency,llama-3.1-8b-instant,10,720,278,5.824e-05,23.494389900006354,True,0.1,False
330,semantic_entropy,llama-3.1-8b-instant,1,72,28,5.84e-06,2.2410213999974076,False,0.0,False
330,semantic_entropy,llama-3.1-8b-instant,3,216,81,1.728e-05,7.112897199986037,False,-0.0,False
330,semantic_entropy,llama-3.1-8b-instant,5,360,141,2.928e-05,11.832395999983419,False,0.31091750708257115,False
330,semantic_entropy,llama-3.1-8b-instant,10,720,278,5.824e-05,23.494389900006354,False,0.21732201127364886,False
331,verbalized_confidence,llama-3.1-8b-instant,1,125,19,7.77e-06,2.22294310000143,True,0.0,False
331,llm_judge,llama-3.1-8b-instant,1,176,12,9.760000000000001e-06,4.443915799987735,True,,True
331,self_consistency,llama-3.1-8b-instant,1,75,11,4.63e-06,2.211619499983499,False,1.0,True
331,self_consistency,llama-3.1-8b-instant,3,225,33,1.3889999999999999e-05,6.7679678999993484,True,0.3333333333333333,True
331,self_consistency,llama-3.1-8b-instant,5,375,54,2.3069999999999998e-05,11.231910799979232,True,0.2,True
331,self_consistency,llama-3.1-8b-instant,10,750,112,4.646e-05,22.45005710000987,True,0.1,True
331,semantic_entropy,llama-3.1-8b-instant,1,75,11,4.63e-06,2.211619499983499,False,0.0,True
331,semantic_entropy,llama-3.1-8b-instant,3,225,33,1.3889999999999999e-05,6.7679678999993484,True,0.9999999999999998,True
331,semantic_entropy,llama-3.1-8b-instant,5,375,54,2.3069999999999998e-05,11.231910799979232,True,1.0000000000000002,True
331,semantic_entropy,llama-3.1-8b-instant,10,750,112,4.646e-05,22.45005710000987,True,0.7966576244513048,True
332,verbalized_confidence,llama-3.1-8b-instant,1,120,12,6.96e-06,2.3586314999847673,False,100.0,False
332,llm_judge,llama-3.1-8b-instant,1,159,5,8.35e-06,4.397457000013674,False,,False
332,self_consistency,llama-3.1-8b-instant,1,70,3,3.74e-06,2.204191800003173,False,1.0,False
332,self_consistency,llama-3.1-8b-instant,3,210,9,1.1220000000000001e-05,6.666780900006415,False,1.0,False
332,self_consistency,llama-3.1-8b-instant,5,350,15,1.87e-05,11.0688255999994,False,1.0,False
332,self_consistency,llama-3.1-8b-instant,10,700,32,3.7560000000000006e-05,22.346657699963544,False,0.9,False
332,semantic_entropy,llama-3.1-8b-instant,1,70,3,3.74e-06,2.204191800003173,False,0.0,False
332,semantic_entropy,llama-3.1-8b-instant,3,210,9,1.1220000000000001e-05,6.666780900006415,False,-0.0,False
332,semantic_entropy,llama-3.1-8b-instant,5,350,15,1.87e-05,11.0688255999994,False,-0.0,False
332,semantic_entropy,llama-3.1-8b-instant,10,700,32,3.7560000000000006e-05,22.346657699963544,False,0.14118174150460758,False
333,verbalized_confidence,llama-3.1-8b-instant,1,122,16,7.3800000000000005e-06,2.217937300010817,False,100.0,False
333,llm_judge,llama-3.1-8b-instant,1,166,8,8.939999999999999e-06,4.532566899986705,False,,False
333,self_consistency,llama-3.1-8b-instant,1,72,6,4.08e-06,2.232052500010468,False,1.0,False
333,self_consistency,llama-3.1-8b-instant,3,216,17,1.216e-05,6.827587999985553,True,0.3333333333333333,False
333,self_consistency,llama-3.1-8b-instant,5,360,33,2.064e-05,11.370340099994792,True,0.2,False
333,self_consistency,llama-3.1-8b-instant,10,720,78,4.224e-05,22.75574819999747,True,0.2,False
333,semantic_entropy,llama-3.1-8b-instant,1,72,6,4.08e-06,2.232052500010468,False,0.0,False
333,semantic_entropy,llama-3.1-8b-instant,3,216,17,1.216e-05,6.827587999985553,False,0.5793801642856949,False
333,semantic_entropy,llama-3.1-8b-instant,5,360,33,2.064e-05,11.370340099994792,True,0.6554587535412857,False
333,semantic_entropy,llama-3.1-8b-instant,10,720,78,4.224e-05,22.75574819999747,False,0.4729032506370175,False
334,verbalized_confidence,llama-3.1-8b-instant,1,119,15,7.15e-06,2.220402600010857,False,100.0,False
334,llm_judge,llama-3.1-8b-instant,1,168,16,9.68e-06,4.678576600010274,False,,False
334,self_consistency,llama-3.1-8b-instant,1,69,17,4.8100000000000005e-06,2.26875449999352,False,1.0,False
334,self_consistency,llama-3.1-8b-instant,3,207,47,1.4110000000000002e-05,6.9097652999917045,True,0.3333333333333333,False
334,self_consistency,llama-3.1-8b-instant,5,345,71,2.2930000000000006e-05,11.424076899973443,True,0.2,False
334,self_consistency,llama-3.1-8b-instant,10,690,148,4.634000000000001e-05,22.749379599961685,True,0.1,False
334,semantic_entropy,llama-3.1-8b-instant,1,69,17,4.8100000000000005e-06,2.26875449999352,False,0.0,False
334,semantic_entropy,llama-3.1-8b-instant,3,207,47,1.4110000000000002e-05,6.9097652999917045,False,0.5793801642856949,False
334,semantic_entropy,llama-3.1-8b-instant,5,345,71,2.2930000000000006e-05,11.424076899973443,True,0.8277293767706428,False
334,semantic_entropy,llama-3.1-8b-instant,10,690,148,4.634000000000001e-05,22.749379599961685,True,0.8193820026016111,False
335,verbalized_confidence,llama-3.1-8b-instant,1,116,12,6.7600000000000005e-06,2.3200729999807663,False,100.0,False
335,llm_judge,llama-3.1-8b-instant,1,156,10,8.6e-06,4.53074360001483,False,,False
335,self_consistency,llama-3.1-8b-instant,1,66,10,4.1000000000000006e-06,2.2208873000054155,False,1.0,True
335,self_consistency,llama-3.1-8b-instant,3,198,23,1.1740000000000001e-05,6.668851700000232,True,0.3333333333333333,True
335,self_consistency,llama-3.1-8b-instant,5,330,31,1.898e-05,11.21730029999162,True,0.4,False
335,self_consistency,llama-3.1-8b-instant,10,660,60,3.7800000000000004e-05,22.684923499968136,True,0.4,False
335,semantic_entropy,llama-3.1-8b-instant,1,66,10,4.1000000000000006e-06,2.2208873000054155,False,0.0,True
335,semantic_entropy,llama-3.1-8b-instant,3,198,23,1.1740000000000001e-05,6.668851700000232,False,0.5793801642856949,True
335,semantic_entropy,llama-3.1-8b-instant,5,330,31,1.898e-05,11.21730029999162,False,0.31091750708257115,True
335,semantic_entropy,llama-3.1-8b-instant,10,660,60,3.7800000000000004e-05,22.684923499968136,False,0.2652949955741215,True
336,verbalized_confidence,llama-3.1-8b-instant,1,121,20,7.65e-06,2.2700196000223514,False,80.0,False
336,llm_judge,llama-3.1-8b-instant,1,170,14,9.62e-06,4.4841499000031035,False,,False
336,self_consistency,llama-3.1-8b-instant,1,71,11,4.430000000000001e-06,2.250800000008894,False,1.0,False
336,self_consistency,llama-3.1-8b-instant,3,213,44,1.4170000000000002e-05,6.739638500002911,True,0.3333333333333333,False
336,self_consistency,llama-3.1-8b-instant,5,355,70,2.3350000000000002e-05,11.426674100017408,True,0.2,False
336,self_consistency,llama-3.1-8b-instant,10,710,142,4.686000000000001e-05,22.700139000022318,True,0.1,False
336,semantic_entropy,llama-3.1-8b-instant,1,71,11,4.430000000000001e-06,2.250800000008894,False,0.0,False
336,semantic_entropy,llama-3.1-8b-instant,3,213,44,1.4170000000000002e-05,6.739638500002911,True,0.9999999999999998,False
336,semantic_entropy,llama-3.1-8b-instant,5,355,70,2.3350000000000002e-05,11.426674100017408,True,0.6554587535412857,False
336,semantic_entropy,llama-3.1-8b-instant,10,710,142,4.686000000000001e-05,22.700139000022318,False,0.34822537285722394,False
337,verbalized_confidence,llama-3.1-8b-instant,1,121,18,7.49e-06,2.225844500004314,False,80.0,False
337,llm_judge,llama-3.1-8b-instant,1,187,31,1.183e-05,4.505845199979376,False,,False
337,self_consistency,llama-3.1-8b-instant,1,71,18,4.9900000000000005e-06,2.2949675999989267,False,1.0,False
337,self_consistency,llama-3.1-8b-instant,3,213,34,1.3370000000000002e-05,6.738608200015733,True,0.3333333333333333,False
337,self_consistency,llama-3.1-8b-instant,5,355,61,2.2630000000000005e-05,11.269713300018338,True,0.2,False
337,self_consistency,llama-3.1-8b-instant,10,710,112,4.4460000000000005e-05,22.59456780005712,True,0.1,False
337,semantic_entropy,llama-3.1-8b-instant,1,71,18,4.9900000000000005e-06,2.2949675999989267,False,0.0,False
337,semantic_entropy,llama-3.1-8b-instant,3,213,34,1.3370000000000002e-05,6.738608200015733,True,0.9999999999999998,False
337,semantic_entropy,llama-3.1-8b-instant,5,355,61,2.2630000000000005e-05,11.269713300018338,True,1.0000000000000002,False
337,semantic_entropy,llama-3.1-8b-instant,10,710,112,4.4460000000000005e-05,22.59456780005712,True,0.9999999999999998,False
338,verbalized_confidence,llama-3.1-8b-instant,1,120,14,7.1200000000000004e-06,2.3262669000250753,False,90.0,False
338,llm_judge,llama-3.1-8b-instant,1,179,25,1.095e-05,4.4469650000100955,False,,False
338,self_consistency,llama-3.1-8b-instant,1,70,20,5.0999999999999995e-06,2.24876979997498,False,1.0,False
338,self_consistency,llama-3.1-8b-instant,3,210,81,1.698e-05,6.981444500008365,True,0.3333333333333333,False
338,self_consistency,llama-3.1-8b-instant,5,350,126,2.758e-05,11.42691000000923,True,0.2,False
338,self_consistency,llama-3.1-8b-instant,10,700,278,5.724e-05,22.864782500022557,True,0.1,False
338,semantic_entropy,llama-3.1-8b-instant,1,70,20,5.0999999999999995e-06,2.24876979997498,False,0.0,False
338,semantic_entropy,llama-3.1-8b-instant,3,210,81,1.698e-05,6.981444500008365,False,-0.0,False
338,semantic_entropy,llama-3.1-8b-instant,5,350,126,2.758e-05,11.42691000000923,False,-0.0,False
338,semantic_entropy,llama-3.1-8b-instant,10,700,278,5.724e-05,22.864782500022557,False,-0.0,False
339,verbalized_confidence,llama-3.1-8b-instant,1,124,12,7.16e-06,2.2304973999853246,False,80.0,True
339,llm_judge,llama-3.1-8b-instant,1,182,21,1.0780000000000002e-05,4.451909900002647,False,,False
339,self_consistency,llama-3.1-8b-instant,1,74,3,3.94e-06,2.2020442000066396,False,1.0,True
339,self_consistency,llama-3.1-8b-instant,3,222,36,1.3980000000000002e-05,6.840100200031884,True,0.3333333333333333,True
339,self_consistency,llama-3.1-8b-instant,5,370,77,2.466e-05,11.403359200048726,True,0.2,True
339,self_consistency,llama-3.1-8b-instant,10,740,157,4.956e-05,22.809013700054493,True,0.2,False
339,semantic_entropy,llama-3.1-8b-instant,1,74,3,3.94e-06,2.2020442000066396,False,0.0,True
339,semantic_entropy,llama-3.1-8b-instant,3,222,36,1.3980000000000002e-05,6.840100200031884,False,0.5793801642856949,True
339,semantic_entropy,llama-3.1-8b-instant,5,370,77,2.466e-05,11.403359200048726,False,0.31091750708257115,True
339,semantic_entropy,llama-3.1-8b-instant,10,740,157,4.956e-05,22.809013700054493,False,0.14118174150460758,True
340,verbalized_confidence,llama-3.1-8b-instant,1,120,20,7.599999999999999e-06,2.3312462999892887,False,80.0,False
340,llm_judge,llama-3.1-8b-instant,1,179,25,1.095e-05,4.6065292000130285,False,,False
340,self_consistency,llama-3.1-8b-instant,1,70,22,5.26e-06,2.3875503999879584,False,1.0,False
340,self_consistency,llama-3.1-8b-instant,3,210,67,1.5859999999999997e-05,6.962045099993702,True,0.3333333333333333,False
340,self_consistency,llama-3.1-8b-instant,5,350,98,2.5339999999999998e-05,11.60348749998957,True,0.2,False
340,self_consistency,llama-3.1-8b-instant,10,700,199,5.092e-05,23.13360949998605,True,0.1,False
340,semantic_entropy,llama-3.1-8b-instant,1,70,22,5.26e-06,2.3875503999879584,False,0.0,False
340,semantic_entropy,llama-3.1-8b-instant,3,210,67,1.5859999999999997e-05,6.962045099993702,False,0.5793801642856949,False
340,semantic_entropy,llama-3.1-8b-instant,5,350,98,2.5339999999999998e-05,11.60348749998957,False,0.31091750708257115,False
340,semantic_entropy,llama-3.1-8b-instant,10,700,199,5.092e-05,23.13360949998605,False,0.14118174150460758,False
341,verbalized_confidence,llama-3.1-8b-instant,1,128,15,7.600000000000001e-06,2.3339303999964613,False,90.0,False
341,llm_judge,llama-3.1-8b-instant,1,193,23,1.149e-05,4.480277199996635,False,,False
341,self_consistency,llama-3.1-8b-instant,1,78,21,5.58e-06,2.310055399982957,False,1.0,False
341,self_consistency,llama-3.1-8b-instant,3,234,53,1.594e-05,6.876610199979041,True,0.3333333333333333,False
341,self_consistency,llama-3.1-8b-instant,5,390,103,2.7740000000000002e-05,11.57100039999932,True,0.2,False
341,self_consistency,llama-3.1-8b-instant,10,780,195,5.46e-05,23.7128750999982,True,0.1,False
341,semantic_entropy,llama-3.1-8b-instant,1,78,21,5.58e-06,2.310055399982957,False,0.0,False
341,semantic_entropy,llama-3.1-8b-instant,3,234,53,1.594e-05,6.876610199979041,False,-0.0,False
341,semantic_entropy,llama-3.1-8b-instant,5,390,103,2.7740000000000002e-05,11.57100039999932,False,0.31091750708257115,False
341,semantic_entropy,llama-3.1-8b-instant,10,780,195,5.46e-05,23.7128750999982,False,0.14118174150460758,False
342,verbalized_confidence,llama-3.1-8b-instant,1,125,12,7.21e-06,2.239894700003788,False,80.0,False
342,llm_judge,llama-3.1-8b-instant,1,178,14,1.002e-05,4.583269400027348,False,,False
342,self_consistency,llama-3.1-8b-instant,1,75,15,4.95e-06,2.331735600018874,False,1.0,False
342,self_consistency,llama-3.1-8b-instant,3,225,41,1.4529999999999998e-05,6.925970400014194,True,0.3333333333333333,False
342,self_consistency,llama-3.1-8b-instant,5,375,66,2.403e-05,11.555139500007499,True,0.4,False
342,self_consistency,llama-3.1-8b-instant,10,750,128,4.774e-05,22.88700840002275,True,0.2,False
342,semantic_entropy,llama-3.1-8b-instant,1,75,15,4.95e-06,2.331735600018874,False,0.0,False
342,semantic_entropy,llama-3.1-8b-instant,3,225,41,1.4529999999999998e-05,6.925970400014194,False,-0.0,False
342,semantic_entropy,llama-3.1-8b-instant,5,375,66,2.403e-05,11.555139500007499,False,-0.0,False
342,semantic_entropy,llama-3.1-8b-instant,10,750,128,4.774e-05,22.88700840002275,False,0.2775280104064451,False
343,verbalized_confidence,llama-3.1-8b-instant,1,143,13,8.190000000000001e-06,2.289860100019723,False,100.0,False
343,llm_judge,llama-3.1-8b-instant,1,206,6,1.0780000000000002e-05,4.464458600006765,False,,False
343,self_consistency,llama-3.1-8b-instant,1,93,9,5.37e-06,2.2196934999956284,False,1.0,False
343,self_consistency,llama-3.1-8b-instant,3,279,17,1.531e-05,6.880287200008752,False,0.6666666666666666,False
343,self_consistency,llama-3.1-8b-instant,5,465,25,2.5250000000000004e-05,11.391578400012804,False,0.8,False
343,self_consistency,llama-3.1-8b-instant,10,930,45,5.010000000000001e-05,22.880706499970984,False,0.9,False
343,semantic_entropy,llama-3.1-8b-instant,1,93,9,5.37e-06,2.2196934999956284,False,0.0,False
343,semantic_entropy,llama-3.1-8b-instant,3,279,17,1.531e-05,6.880287200008752,False,-0.0,False
343,semantic_entropy,llama-3.1-8b-instant,5,465,25,2.5250000000000004e-05,11.391578400012804,False,-0.0,False
343,semantic_entropy,llama-3.1-8b-instant,10,930,45,5.010000000000001e-05,22.880706499970984,False,-0.0,False
344,verbalized_confidence,llama-3.1-8b-instant,1,163,15,9.35e-06,2.2691044000093825,False,80.0,False
344,llm_judge,llama-3.1-8b-instant,1,249,9,1.3170000000000001e-05,4.557847300020512,False,,False
344,self_consistency,llama-3.1-8b-instant,1,113,9,6.37e-06,2.227425899996888,False,1.0,False
344,self_consistency,llama-3.1-8b-instant,3,339,27,1.9109999999999998e-05,6.790406399988569,False,1.0,False
344,self_consistency,llama-3.1-8b-instant,5,565,41,3.153e-05,11.203080799983582,False,0.6,False
344,self_consistency,llama-3.1-8b-instant,10,1130,78,6.274000000000001e-05,22.441129600047134,False,0.5,False
344,semantic_entropy,llama-3.1-8b-instant,1,113,9,6.37e-06,2.227425899996888,False,0.0,False
344,semantic_entropy,llama-3.1-8b-instant,3,339,27,1.9109999999999998e-05,6.790406399988569,False,-0.0,False
344,semantic_entropy,llama-3.1-8b-instant,5,565,41,3.153e-05,11.203080799983582,False,0.4181656600790517,False
344,semantic_entropy,llama-3.1-8b-instant,10,1130,78,6.274000000000001e-05,22.441129600047134,False,0.30102999566398114,False
345,verbalized_confidence,llama-3.1-8b-instant,1,136,12,7.76e-06,2.245685699977912,False,100.0,False
345,llm_judge,llama-3.1-8b-instant,1,208,21,1.2080000000000001e-05,4.574903499975335,False,,False
345,self_consistency,llama-3.1-8b-instant,1,86,7,4.859999999999999e-06,2.248926800006302,False,1.0,False
345,self_consistency,llama-3.1-8b-instant,3,258,50,1.6899999999999997e-05,6.883641100022942,True,0.3333333333333333,False
345,self_consistency,llama-3.1-8b-instant,5,430,88,2.8539999999999994e-05,11.520766100031324,True,0.2,False
345,self_consistency,llama-3.1-8b-instant,10,860,187,5.7959999999999994e-05,22.968482400028734,True,0.1,False
345,semantic_entropy,llama-3.1-8b-instant,1,86,7,4.859999999999999e-06,2.248926800006302,False,0.0,False
345,semantic_entropy,llama-3.1-8b-instant,3,258,50,1.6899999999999997e-05,6.883641100022942,True,0.9999999999999998,False
345,semantic_entropy,llama-3.1-8b-instant,5,430,88,2.8539999999999994e-05,11.520766100031324,True,0.8277293767706428,False
345,semantic_entropy,llama-3.1-8b-instant,10,860,187,5.7959999999999994e-05,22.968482400028734,True,0.6535212480354062,False
346,verbalized_confidence,llama-3.1-8b-instant,1,119,16,7.23e-06,2.233436399983475,False,90.0,True
346,llm_judge,llama-3.1-8b-instant,1,179,28,1.119e-05,4.577857500000391,False,,True
346,self_consistency,llama-3.1-8b-instant,1,69,17,4.8100000000000005e-06,2.254264699993655,False,1.0,True
346,self_consistency,llama-3.1-8b-instant,3,207,44,1.3870000000000001e-05,6.8201763999823015,True,0.3333333333333333,True
346,self_consistency,llama-3.1-8b-instant,5,345,75,2.3250000000000003e-05,11.304888599988772,True,0.2,True
346,self_consistency,llama-3.1-8b-instant,10,690,203,5.0740000000000005e-05,22.801801299938234,True,0.1,True
346,semantic_entropy,llama-3.1-8b-instant,1,69,17,4.8100000000000005e-06,2.254264699993655,False,0.0,True
346,semantic_entropy,llama-3.1-8b-instant,3,207,44,1.3870000000000001e-05,6.8201763999823015,True,0.9999999999999998,True
346,semantic_entropy,llama-3.1-8b-instant,5,345,75,2.3250000000000003e-05,11.304888599988772,True,0.8277293767706428,True
346,semantic_entropy,llama-3.1-8b-instant,10,690,203,5.0740000000000005e-05,22.801801299938234,True,0.6160396270529163,True
347,verbalized_confidence,llama-3.1-8b-instant,1,120,16,7.280000000000001e-06,2.3074492999876384,False,90.0,False
347,llm_judge,llama-3.1-8b-instant,1,2206,2050,0.0002743,4.7642914000025485,True,,False
347,self_consistency,llama-3.1-8b-instant,1,70,20,5.0999999999999995e-06,0.20432910000090487,False,1.0,False
347,self_consistency,llama-3.1-8b-instant,3,210,64,1.562e-05,2.9033701999869663,True,0.3333333333333333,False
347,self_consistency,llama-3.1-8b-instant,5,350,130,2.79e-05,8.514059599983739,True,0.2,False
347,self_consistency,llama-3.1-8b-instant,10,700,527,7.716e-05,20.48947689999477,True,0.1,False
347,semantic_entropy,llama-3.1-8b-instant,1,70,20,5.0999999999999995e-06,0.20432910000090487,False,0.0,False
347,semantic_entropy,llama-3.1-8b-instant,3,210,64,1.562e-05,2.9033701999869663,False,-0.0,False
347,semantic_entropy,llama-3.1-8b-instant,5,350,130,2.79e-05,8.514059599983739,False,0.4181656600790517,False
347,semantic_entropy,llama-3.1-8b-instant,10,700,527,7.716e-05,20.48947689999477,False,0.389972873353915,False
348,verbalized_confidence,llama-3.1-8b-instant,1,124,12,7.16e-06,2.365932199987583,False,90.0,False
348,llm_judge,llama-3.1-8b-instant,1,170,8,9.14e-06,4.547063400008483,False,,False
348,self_consistency,llama-3.1-8b-instant,1,74,14,4.8200000000000004e-06,2.3032122000004165,False,1.0,False
348,self_consistency,llama-3.1-8b-instant,3,222,42,1.4460000000000002e-05,6.807602699991548,True,0.3333333333333333,False
348,self_consistency,llama-3.1-8b-instant,5,370,66,2.3780000000000006e-05,11.28056509999442,True,0.2,False
348,self_consistency,llama-3.1-8b-instant,10,740,127,4.716e-05,22.720958200021414,True,0.1,False
348,semantic_entropy,llama-3.1-8b-instant,1,74,14,4.8200000000000004e-06,2.3032122000004165,False,0.0,False
348,semantic_entropy,llama-3.1-8b-instant,3,222,42,1.4460000000000002e-05,6.807602699991548,False,0.5793801642856949,False
348,semantic_entropy,llama-3.1-8b-instant,5,370,66,2.3780000000000006e-05,11.28056509999442,False,0.5904362833084089,False
348,semantic_entropy,llama-3.1-8b-instant,10,740,127,4.716e-05,22.720958200021414,False,0.4729032506370175,False
349,verbalized_confidence,llama-3.1-8b-instant,1,123,17,7.510000000000001e-06,2.607302000018535,False,80.0,False
349,llm_judge,llama-3.1-8b-instant,1,176,16,1.0080000000000002e-05,4.480930899997475,False,,True
349,self_consistency,llama-3.1-8b-instant,1,73,9,4.3700000000000005e-06,2.2616172999842092,False,1.0,True
349,self_consistency,llama-3.1-8b-instant,3,219,34,1.367e-05,6.730132599972421,True,0.3333333333333333,True
349,self_consistency,llama-3.1-8b-instant,5,365,56,2.2729999999999998e-05,11.223887799977092,True,0.2,True
349,self_consistency,llama-3.1-8b-instant,10,730,106,4.497999999999999e-05,22.744584499974735,True,0.1,True
349,semantic_entropy,llama-3.1-8b-instant,1,73,9,4.3700000000000005e-06,2.2616172999842092,False,0.0,True
349,semantic_entropy,llama-3.1-8b-instant,3,219,34,1.367e-05,6.730132599972421,True,0.9999999999999998,True
349,semantic_entropy,llama-3.1-8b-instant,5,365,56,2.2729999999999998e-05,11.223887799977092,True,0.8277293767706428,True
349,semantic_entropy,llama-3.1-8b-instant,10,730,106,4.497999999999999e-05,22.744584499974735,True,0.7137272471682024,True
350,verbalized_confidence,llama-3.1-8b-instant,1,123,12,7.1100000000000005e-06,2.265266700007487,False,80.0,False
350,llm_judge,llama-3.1-8b-instant,1,178,18,1.034e-05,4.679999699990731,False,,False
350,self_consistency,llama-3.1-8b-instant,1,73,8,4.2900000000000004e-06,2.226838600006886,False,1.0,False
350,self_consistency,llama-3.1-8b-instant,3,219,21,1.2630000000000003e-05,6.693481600028463,True,0.3333333333333333,False
350,self_consistency,llama-3.1-8b-instant,5,365,45,2.1850000000000003e-05,11.175942000030773,True,0.4,False
350,self_consistency,llama-3.1-8b-instant,10,730,108,4.514e-05,22.789257300028112,True,0.2,False
350,semantic_entropy,llama-3.1-8b-instant,1,73,8,4.2900000000000004e-06,2.226838600006886,False,0.0,False
350,semantic_entropy,llama-3.1-8b-instant,3,219,21,1.2630000000000003e-05,6.693481600028463,True,0.9999999999999998,False
350,semantic_entropy,llama-3.1-8b-instant,5,365,45,2.1850000000000003e-05,11.175942000030773,True,0.8277293767706428,False
350,semantic_entropy,llama-3.1-8b-instant,10,730,108,4.514e-05,22.789257300028112,True,0.7364516253185087,False
351,verbalized_confidence,llama-3.1-8b-instant,1,122,17,7.4600000000000006e-06,2.215677299973322,False,90.0,False
351,llm_judge,llama-3.1-8b-instant,1,168,10,9.2e-06,4.533334699983243,False,,True
351,self_consistency,llama-3.1-8b-instant,1,72,22,5.36e-06,2.2384585999825504,False,1.0,False
351,self_consistency,llama-3.1-8b-instant,3,216,52,1.496e-05,6.7073151000076905,True,0.3333333333333333,False
351,self_consistency,llama-3.1-8b-instant,5,360,82,2.456e-05,11.142272300028708,True,0.2,False
351,self_consistency,llama-3.1-8b-instant,10,720,168,4.9439999999999994e-05,22.89216870002565,True,0.1,False
351,semantic_entropy,llama-3.1-8b-instant,1,72,22,5.36e-06,2.2384585999825504,False,0.0,False
351,semantic_entropy,llama-3.1-8b-instant,3,216,52,1.496e-05,6.7073151000076905,True,0.9999999999999998,False
351,semantic_entropy,llama-3.1-8b-instant,5,360,82,2.456e-05,11.142272300028708,False,0.5904362833084089,False
351,semantic_entropy,llama-3.1-8b-instant,10,720,168,4.9439999999999994e-05,22.89216870002565,False,0.5903089986991943,False
352,verbalized_confidence,llama-3.1-8b-instant,1,125,16,7.53e-06,2.2409831000259146,False,100.0,False
352,llm_judge,llama-3.1-8b-instant,1,186,21,1.098e-05,4.483636199991452,False,,False
352,self_consistency,llama-3.1-8b-instant,1,75,25,5.75e-06,2.3116067000082694,False,1.0,False
352,self_consistency,llama-3.1-8b-instant,3,225,53,1.5490000000000002e-05,6.914575000031618,True,0.3333333333333333,False
352,self_consistency,llama-3.1-8b-instant,5,375,72,2.451e-05,11.383929000032367,True,0.2,False
352,self_consistency,llama-3.1-8b-instant,10,750,142,4.885999999999999e-05,22.596230700000888,True,0.1,False
352,semantic_entropy,llama-3.1-8b-instant,1,75,25,5.75e-06,2.3116067000082694,False,0.0,False
352,semantic_entropy,llama-3.1-8b-instant,3,225,53,1.5490000000000002e-05,6.914575000031618,False,0.5793801642856949,False
352,semantic_entropy,llama-3.1-8b-instant,5,375,72,2.451e-05,11.383929000032367,False,0.4181656600790517,False
352,semantic_entropy,llama-3.1-8b-instant,10,750,142,4.885999999999999e-05,22.596230700000888,False,0.40969100130080555,False
353,verbalized_confidence,llama-3.1-8b-instant,1,122,14,7.22e-06,2.362714499991853,False,100.0,False
353,llm_judge,llama-3.1-8b-instant,1,165,8,8.890000000000001e-06,4.442842299991753,False,,False
353,self_consistency,llama-3.1-8b-instant,1,72,9,4.32e-06,2.3109080999856815,False,1.0,False
353,self_consistency,llama-3.1-8b-instant,3,216,28,1.304e-05,6.8781729999464005,True,0.3333333333333333,False
353,self_consistency,llama-3.1-8b-instant,5,360,48,2.184e-05,11.424044799932744,True,0.4,False
353,self_consistency,llama-3.1-8b-instant,10,720,91,4.3280000000000006e-05,22.823414699960267,True,0.4,False
353,semantic_entropy,llama-3.1-8b-instant,1,72,9,4.32e-06,2.3109080999856815,False,0.0,False
353,semantic_entropy,llama-3.1-8b-instant,3,216,28,1.304e-05,6.8781729999464005,False,0.5793801642856949,False
353,semantic_entropy,llama-3.1-8b-instant,5,360,48,2.184e-05,11.424044799932744,False,0.31091750708257115,False
353,semantic_entropy,llama-3.1-8b-instant,10,720,91,4.3280000000000006e-05,22.823414699960267,False,0.2652949955741215,False
354,verbalized_confidence,llama-3.1-8b-instant,1,120,12,6.96e-06,2.2149491000163835,False,80.0,False
354,llm_judge,llama-3.1-8b-instant,1,165,12,9.21e-06,4.405550499999663,False,,False
354,self_consistency,llama-3.1-8b-instant,1,70,13,4.54e-06,2.2290034999896307,False,1.0,False
354,self_consistency,llama-3.1-8b-instant,3,210,41,1.3779999999999999e-05,6.9537015999958385,True,0.3333333333333333,False
354,self_consistency,llama-3.1-8b-instant,5,350,68,2.2939999999999997e-05,11.515545300004305,True,0.2,False
354,self_consistency,llama-3.1-8b-instant,10,700,129,4.531999999999999e-05,22.8372882999829,True,0.3,False
354,semantic_entropy,llama-3.1-8b-instant,1,70,13,4.54e-06,2.2290034999896307,False,0.0,False
354,semantic_entropy,llama-3.1-8b-instant,3,210,41,1.3779999999999999e-05,6.9537015999958385,False,0.5793801642856949,False
354,semantic_entropy,llama-3.1-8b-instant,5,350,68,2.2939999999999997e-05,11.515545300004305,False,-0.0,False
354,semantic_entropy,llama-3.1-8b-instant,10,700,129,4.531999999999999e-05,22.8372882999829,False,-0.0,False
355,verbalized_confidence,llama-3.1-8b-instant,1,122,23,7.94e-06,2.344099800015101,False,80.0,False
355,llm_judge,llama-3.1-8b-instant,1,194,36,1.2580000000000002e-05,4.584818899980746,False,,True
355,self_consistency,llama-3.1-8b-instant,1,72,17,4.96e-06,2.223851300019305,False,1.0,False
355,self_consistency,llama-3.1-8b-instant,3,216,75,1.6800000000000002e-05,6.802732200041646,True,0.3333333333333333,False
355,self_consistency,llama-3.1-8b-instant,5,360,121,2.7680000000000003e-05,11.385942700027954,True,0.4,False
355,self_consistency,llama-3.1-8b-instant,10,720,255,5.64e-05,22.71538790006889,True,0.2,False
355,semantic_entropy,llama-3.1-8b-instant,1,72,17,4.96e-06,2.223851300019305,False,0.0,False
355,semantic_entropy,llama-3.1-8b-instant,3,216,75,1.6800000000000002e-05,6.802732200041646,False,-0.0,False
355,semantic_entropy,llama-3.1-8b-instant,5,360,121,2.7680000000000003e-05,11.385942700027954,False,-0.0,False
355,semantic_entropy,llama-3.1-8b-instant,10,720,255,5.64e-05,22.71538790006889,False,0.34822537285722394,False
356,verbalized_confidence,llama-3.1-8b-instant,1,121,28,8.29e-06,2.2386826000001747,False,90.0,False
356,llm_judge,llama-3.1-8b-instant,1,174,18,1.0140000000000001e-05,4.604678800009424,False,,False
356,self_consistency,llama-3.1-8b-instant,1,71,18,4.9900000000000005e-06,2.2229983000142965,False,1.0,False
356,self_consistency,llama-3.1-8b-instant,3,213,63,1.5690000000000004e-05,6.719041300006211,True,0.3333333333333333,False
356,self_consistency,llama-3.1-8b-instant,5,355,110,2.655e-05,11.388652800000273,True,0.2,False
356,self_consistency,llama-3.1-8b-instant,10,710,213,5.254000000000001e-05,22.961678399995435,True,0.1,False
356,semantic_entropy,llama-3.1-8b-instant,1,71,18,4.9900000000000005e-06,2.2229983000142965,False,0.0,False
356,semantic_entropy,llama-3.1-8b-instant,3,213,63,1.5690000000000004e-05,6.719041300006211,True,0.9999999999999998,False
356,semantic_entropy,llama-3.1-8b-instant,5,355,110,2.655e-05,11.388652800000273,True,0.8277293767706428,False
356,semantic_entropy,llama-3.1-8b-instant,10,710,213,5.254000000000001e-05,22.961678399995435,True,0.856863623584101,False
357,verbalized_confidence,llama-3.1-8b-instant,1,128,16,7.680000000000001e-06,2.3327762999979313,False,100.0,False
357,llm_judge,llama-3.1-8b-instant,1,181,11,9.930000000000001e-06,4.587719100003596,False,,False
357,self_consistency,llama-3.1-8b-instant,1,78,7,4.4600000000000005e-06,2.3138359999866225,False,1.0,False
357,self_consistency,llama-3.1-8b-instant,3,234,25,1.3700000000000001e-05,6.888263100001495,True,0.3333333333333333,False
357,self_consistency,llama-3.1-8b-instant,5,390,41,2.2780000000000002e-05,11.641830699983984,True,0.2,False
357,self_consistency,llama-3.1-8b-instant,10,780,84,4.572e-05,23.006674899952486,True,0.2,False
357,semantic_entropy,llama-3.1-8b-instant,1,78,7,4.4600000000000005e-06,2.3138359999866225,False,0.0,False
357,semantic_entropy,llama-3.1-8b-instant,3,234,25,1.3700000000000001e-05,6.888263100001495,True,0.9999999999999998,False
357,semantic_entropy,llama-3.1-8b-instant,5,390,41,2.2780000000000002e-05,11.641830699983984,True,0.8277293767706428,False
357,semantic_entropy,llama-3.1-8b-instant,10,780,84,4.572e-05,23.006674899952486,True,0.6505149978319904,False
358,verbalized_confidence,llama-3.1-8b-instant,1,121,22,7.81e-06,2.3338453999895137,False,80.0,False
358,llm_judge,llama-3.1-8b-instant,1,196,40,1.3000000000000001e-05,4.576317800005199,False,,True
358,self_consistency,llama-3.1-8b-instant,1,71,34,6.27e-06,2.287005099991802,False,1.0,False
358,self_consistency,llama-3.1-8b-instant,3,213,107,1.921e-05,6.8584221999917645,True,0.3333333333333333,False
358,self_consistency,llama-3.1-8b-instant,5,355,203,3.399e-05,11.431252799986396,True,0.2,False
358,self_consistency,llama-3.1-8b-instant,10,710,373,6.534e-05,23.02173799998127,True,0.1,False
358,semantic_entropy,llama-3.1-8b-instant,1,71,34,6.27e-06,2.287005099991802,False,0.0,False
358,semantic_entropy,llama-3.1-8b-instant,3,213,107,1.921e-05,6.8584221999917645,False,0.5793801642856949,False
358,semantic_entropy,llama-3.1-8b-instant,5,355,203,3.399e-05,11.431252799986396,False,0.31091750708257115,False
358,semantic_entropy,llama-3.1-8b-instant,10,710,373,6.534e-05,23.02173799998127,False,0.5903089986991943,False
359,verbalized_confidence,llama-3.1-8b-instant,1,119,15,7.15e-06,2.2506069999944884,False,90.0,False
359,llm_judge,llama-3.1-8b-instant,1,167,15,9.550000000000002e-06,4.489671200019075,False,,False
359,self_consistency,llama-3.1-8b-instant,1,69,12,4.41e-06,2.2260198000003584,False,1.0,False
359,self_consistency,llama-3.1-8b-instant,3,207,37,1.331e-05,6.789725800015731,True,0.3333333333333333,False
359,self_consistency,llama-3.1-8b-instant,5,345,61,2.213e-05,11.220475800044369,True,0.2,False
359,self_consistency,llama-3.1-8b-instant,10,690,138,4.554e-05,22.505360600014683,True,0.2,False
359,semantic_entropy,llama-3.1-8b-instant,1,69,12,4.41e-06,2.2260198000003584,False,0.0,False
359,semantic_entropy,llama-3.1-8b-instant,3,207,37,1.331e-05,6.789725800015731,False,-0.0,False
359,semantic_entropy,llama-3.1-8b-instant,5,345,61,2.213e-05,11.220475800044369,False,-0.0,False
359,semantic_entropy,llama-3.1-8b-instant,10,690,138,4.554e-05,22.505360600014683,False,0.2652949955741215,False
360,verbalized_confidence,llama-3.1-8b-instant,1,123,12,7.1100000000000005e-06,2.3221581999969203,False,100.0,False
360,llm_judge,llama-3.1-8b-instant,1,169,9,9.170000000000002e-06,4.435989999998128,False,,False
360,self_consistency,llama-3.1-8b-instant,1,73,6,4.130000000000001e-06,2.252663199993549,False,1.0,True
360,self_consistency,llama-3.1-8b-instant,3,219,20,1.2550000000000004e-05,6.804830000008224,True,0.3333333333333333,True
360,self_consistency,llama-3.1-8b-instant,5,365,43,2.1690000000000004e-05,11.401091000007,True,0.4,False
360,self_consistency,llama-3.1-8b-instant,10,730,105,4.490000000000001e-05,22.752115000010235,True,0.2,False
360,semantic_entropy,llama-3.1-8b-instant,1,73,6,4.130000000000001e-06,2.252663199993549,False,0.0,True
360,semantic_entropy,llama-3.1-8b-instant,3,219,20,1.2550000000000004e-05,6.804830000008224,True,0.9999999999999998,True
360,semantic_entropy,llama-3.1-8b-instant,5,365,43,2.1690000000000004e-05,11.401091000007,True,0.8277293767706428,True
360,semantic_entropy,llama-3.1-8b-instant,10,730,105,4.490000000000001e-05,22.752115000010235,True,0.7137272471682024,True
361,verbalized_confidence,llama-3.1-8b-instant,1,124,18,7.640000000000001e-06,2.234400099987397,False,100.0,False
361,llm_judge,llama-3.1-8b-instant,1,174,10,9.5e-06,4.403158299974166,True,,False
361,self_consistency,llama-3.1-8b-instant,1,74,8,4.34e-06,2.2552449999784585,False,1.0,False
361,self_consistency,llama-3.1-8b-instant,3,222,24,1.302e-05,6.691165399999591,False,1.0,False
361,self_consistency,llama-3.1-8b-instant,5,370,40,2.17e-05,11.259966999990866,False,1.0,False
361,self_consistency,llama-3.1-8b-instant,10,740,80,4.3400000000000005e-05,22.399941799987573,False,1.0,False
361,semantic_entropy,llama-3.1-8b-instant,1,74,8,4.34e-06,2.2552449999784585,False,0.0,False
361,semantic_entropy,llama-3.1-8b-instant,3,222,24,1.302e-05,6.691165399999591,False,-0.0,False
361,semantic_entropy,llama-3.1-8b-instant,5,370,40,2.17e-05,11.259966999990866,False,-0.0,False
361,semantic_entropy,llama-3.1-8b-instant,10,740,80,4.3400000000000005e-05,22.399941799987573,False,-0.0,False
362,verbalized_confidence,llama-3.1-8b-instant,1,128,16,7.680000000000001e-06,2.298404200002551,False,90.0,True
362,llm_judge,llama-3.1-8b-instant,1,188,18,1.0840000000000001e-05,4.462789700017311,False,,True
362,self_consistency,llama-3.1-8b-instant,1,78,22,5.66e-06,2.2635968000104185,False,1.0,True
362,self_consistency,llama-3.1-8b-instant,3,234,55,1.6100000000000002e-05,6.737515699991491,True,0.3333333333333333,True
362,self_consistency,llama-3.1-8b-instant,5,390,91,2.678e-05,11.320539799984545,True,0.2,True
362,self_consistency,llama-3.1-8b-instant,10,780,228,5.724000000000001e-05,22.805898899998283,True,0.1,True
362,semantic_entropy,llama-3.1-8b-instant,1,78,22,5.66e-06,2.2635968000104185,False,0.0,True
362,semantic_entropy,llama-3.1-8b-instant,3,234,55,1.6100000000000002e-05,6.737515699991491,False,-0.0,True
362,semantic_entropy,llama-3.1-8b-instant,5,390,91,2.678e-05,11.320539799984545,False,0.4181656600790517,True
362,semantic_entropy,llama-3.1-8b-instant,10,780,228,5.724000000000001e-05,22.805898899998283,False,0.29228525323862886,True
363,verbalized_confidence,llama-3.1-8b-instant,1,141,13,8.09e-06,2.233261000015773,False,100.0,True
363,llm_judge,llama-3.1-8b-instant,1,202,7,1.0660000000000001e-05,4.5172601000231225,False,,False
363,self_consistency,llama-3.1-8b-instant,1,91,4,4.87e-06,2.2340488000190817,False,1.0,False
363,self_consistency,llama-3.1-8b-instant,3,273,12,1.461e-05,6.888959900010377,False,1.0,False
363,self_consistency,llama-3.1-8b-instant,5,455,20,2.435e-05,11.5686656999751,False,1.0,False
363,self_consistency,llama-3.1-8b-instant,10,910,106,5.3979999999999995e-05,24.23561019997578,False,0.7,False
363,semantic_entropy,llama-3.1-8b-instant,1,91,4,4.87e-06,2.2340488000190817,False,0.0,False
363,semantic_entropy,llama-3.1-8b-instant,3,273,12,1.461e-05,6.888959900010377,False,-0.0,False
363,semantic_entropy,llama-3.1-8b-instant,5,455,20,2.435e-05,11.5686656999751,False,-0.0,False
363,semantic_entropy,llama-3.1-8b-instant,10,910,106,5.3979999999999995e-05,24.23561019997578,False,0.2775280104064451,False
364,verbalized_confidence,llama-3.1-8b-instant,1,121,18,7.49e-06,2.4090205999964382,False,90.0,False
364,llm_judge,llama-3.1-8b-instant,1,171,15,9.75e-06,4.860239000001457,False,,False
364,self_consistency,llama-3.1-8b-instant,1,71,16,4.83e-06,2.407576400000835,False,1.0,False
364,self_consistency,llama-3.1-8b-instant,3,213,36,1.3530000000000001e-05,7.2580363000161014,True,0.3333333333333333,False
364,self_consistency,llama-3.1-8b-instant,5,355,70,2.3350000000000002e-05,12.08655010003713,True,0.2,False
364,self_consistency,llama-3.1-8b-instant,10,710,146,4.718e-05,24.18176190002123,True,0.1,False
364,semantic_entropy,llama-3.1-8b-instant,1,71,16,4.83e-06,2.407576400000835,False,0.0,False
364,semantic_entropy,llama-3.1-8b-instant,3,213,36,1.3530000000000001e-05,7.2580363000161014,True,0.9999999999999998,False
364,semantic_entropy,llama-3.1-8b-instant,5,355,70,2.3350000000000002e-05,12.08655010003713,True,0.8277293767706428,False
364,semantic_entropy,llama-3.1-8b-instant,10,710,146,4.718e-05,24.18176190002123,False,0.55583362792012,False
365,verbalized_confidence,llama-3.1-8b-instant,1,123,13,7.190000000000001e-06,2.3919793000095524,False,80.0,False
365,llm_judge,llama-3.1-8b-instant,1,174,14,9.820000000000001e-06,4.8427950000041164,True,,False
365,self_consistency,llama-3.1-8b-instant,1,73,13,4.69e-06,2.3595973999763373,False,1.0,False
365,self_consistency,llama-3.1-8b-instant,3,219,29,1.3270000000000002e-05,7.024170299991965,True,0.3333333333333333,False
365,self_consistency,llama-3.1-8b-instant,5,365,50,2.2250000000000002e-05,11.4912684999872,True,0.2,False
365,self_consistency,llama-3.1-8b-instant,10,730,107,4.5060000000000006e-05,22.62293289997615,True,0.2,False
365,semantic_entropy,llama-3.1-8b-instant,1,73,13,4.69e-06,2.3595973999763373,False,0.0,False
365,semantic_entropy,llama-3.1-8b-instant,3,219,29,1.3270000000000002e-05,7.024170299991965,True,0.9999999999999998,False
365,semantic_entropy,llama-3.1-8b-instant,5,365,50,2.2250000000000002e-05,11.4912684999872,True,0.8277293767706428,False
365,semantic_entropy,llama-3.1-8b-instant,10,730,107,4.5060000000000006e-05,22.62293289997615,False,0.5331092497698138,False
366,verbalized_confidence,llama-3.1-8b-instant,1,118,22,7.66e-06,2.362247799988836,False,80.0,False
366,llm_judge,llama-3.1-8b-instant,1,195,45,1.335e-05,4.587087200023234,False,,False
366,self_consistency,llama-3.1-8b-instant,1,68,53,7.640000000000001e-06,2.3100988999940455,False,1.0,True
366,self_consistency,llama-3.1-8b-instant,3,204,132,2.0760000000000005e-05,6.9133489999803714,True,0.3333333333333333,True
366,self_consistency,llama-3.1-8b-instant,5,340,213,3.4040000000000006e-05,11.550834500027122,True,0.2,True
366,self_consistency,llama-3.1-8b-instant,10,680,418,6.744e-05,23.323446700029308,True,0.1,True
366,semantic_entropy,llama-3.1-8b-instant,1,68,53,7.640000000000001e-06,2.3100988999940455,False,0.0,True
366,semantic_entropy,llama-3.1-8b-instant,3,204,132,2.0760000000000005e-05,6.9133489999803714,True,0.9999999999999998,True
366,semantic_entropy,llama-3.1-8b-instant,5,340,213,3.4040000000000006e-05,11.550834500027122,True,0.8277293767706428,True
366,semantic_entropy,llama-3.1-8b-instant,10,680,418,6.744e-05,23.323446700029308,True,0.7591760034688149,True
367,verbalized_confidence,llama-3.1-8b-instant,1,121,17,7.410000000000001e-06,2.2303514999803156,False,100.0,False
367,llm_judge,llama-3.1-8b-instant,1,175,19,1.0270000000000002e-05,4.5510511999891605,False,,False
367,self_consistency,llama-3.1-8b-instant,1,71,12,4.51e-06,2.2375120999931823,False,1.0,False
367,self_consistency,llama-3.1-8b-instant,3,213,49,1.4570000000000001e-05,6.70020089999889,True,0.3333333333333333,False
367,self_consistency,llama-3.1-8b-instant,5,355,84,2.447e-05,11.151647599996068,True,0.2,False
367,self_consistency,llama-3.1-8b-instant,10,710,167,4.886e-05,22.42012320001959,True,0.1,False
367,semantic_entropy,llama-3.1-8b-instant,1,71,12,4.51e-06,2.2375120999931823,False,0.0,False
367,semantic_entropy,llama-3.1-8b-instant,3,213,49,1.4570000000000001e-05,6.70020089999889,False,-0.0,False
367,semantic_entropy,llama-3.1-8b-instant,5,355,84,2.447e-05,11.151647599996068,False,-0.0,False
367,semantic_entropy,llama-3.1-8b-instant,10,710,167,4.886e-05,22.42012320001959,False,-0.0,False
368,verbalized_confidence,llama-3.1-8b-instant,1,124,17,7.5600000000000005e-06,2.230574200017145,False,100.0,True
368,llm_judge,llama-3.1-8b-instant,1,173,11,9.53e-06,4.420588100008899,True,,True
368,self_consistency,llama-3.1-8b-instant,1,74,8,4.34e-06,2.2293808000104036,False,1.0,True
368,self_consistency,llama-3.1-8b-instant,3,222,27,1.326e-05,6.646339100028854,True,0.3333333333333333,True
368,self_consistency,llama-3.1-8b-instant,5,370,73,2.434e-05,11.202904100035084,True,0.2,True
368,self_consistency,llama-3.1-8b-instant,10,740,138,4.804e-05,22.309737500036135,True,0.1,True
368,semantic_entropy,llama-3.1-8b-instant,1,74,8,4.34e-06,2.2293808000104036,False,0.0,True
368,semantic_entropy,llama-3.1-8b-instant,3,222,27,1.326e-05,6.646339100028854,True,0.9999999999999998,True
368,semantic_entropy,llama-3.1-8b-instant,5,370,73,2.434e-05,11.202904100035084,True,0.8277293767706428,True
368,semantic_entropy,llama-3.1-8b-instant,10,740,138,4.804e-05,22.309737500036135,True,0.6160396270529163,True
369,verbalized_confidence,llama-3.1-8b-instant,1,131,12,7.510000000000001e-06,2.2121216999948956,False,100.0,False
369,llm_judge,llama-3.1-8b-instant,1,181,6,9.53e-06,4.401787999988301,False,,False
369,self_consistency,llama-3.1-8b-instant,1,81,4,4.3700000000000005e-06,2.210165299999062,False,1.0,False
369,self_consistency,llama-3.1-8b-instant,3,243,12,1.3110000000000002e-05,6.618357300001662,False,0.6666666666666666,False
369,self_consistency,llama-3.1-8b-instant,5,405,20,2.1850000000000003e-05,11.129685199994128,False,0.8,False
369,self_consistency,llama-3.1-8b-instant,10,810,40,4.3700000000000005e-05,22.276977900008205,False,0.9,False
369,semantic_entropy,llama-3.1-8b-instant,1,81,4,4.3700000000000005e-06,2.210165299999062,False,0.0,False
369,semantic_entropy,llama-3.1-8b-instant,3,243,12,1.3110000000000002e-05,6.618357300001662,False,-0.0,False
369,semantic_entropy,llama-3.1-8b-instant,5,405,20,2.1850000000000003e-05,11.129685199994128,False,-0.0,False
369,semantic_entropy,llama-3.1-8b-instant,10,810,40,4.3700000000000005e-05,22.276977900008205,False,-0.0,False
370,verbalized_confidence,llama-3.1-8b-instant,1,115,12,6.71e-06,2.2252593000011984,False,100.0,False
370,llm_judge,llama-3.1-8b-instant,1,149,5,7.850000000000001e-06,4.401154999999562,False,,False
370,self_consistency,llama-3.1-8b-instant,1,65,3,3.49e-06,2.1957975999976043,False,1.0,False
370,self_consistency,llama-3.1-8b-instant,3,195,9,1.047e-05,6.58655710000312,False,1.0,False
370,self_consistency,llama-3.1-8b-instant,5,325,15,1.745e-05,10.988872700021602,False,1.0,False
370,self_consistency,llama-3.1-8b-instant,10,650,30,3.49e-05,22.248641000012867,False,1.0,False
370,semantic_entropy,llama-3.1-8b-instant,1,65,3,3.49e-06,2.1957975999976043,False,0.0,False
370,semantic_entropy,llama-3.1-8b-instant,3,195,9,1.047e-05,6.58655710000312,False,-0.0,False
370,semantic_entropy,llama-3.1-8b-instant,5,325,15,1.745e-05,10.988872700021602,False,-0.0,False
370,semantic_entropy,llama-3.1-8b-instant,10,650,30,3.49e-05,22.248641000012867,False,-0.0,False
371,verbalized_confidence,llama-3.1-8b-instant,1,122,15,7.3e-06,2.2587649999768473,False,80.0,False
371,llm_judge,llama-3.1-8b-instant,1,167,9,9.07e-06,4.549015500000678,False,,False
371,self_consistency,llama-3.1-8b-instant,1,72,14,4.7200000000000005e-06,2.2469152999983635,False,1.0,True
371,self_consistency,llama-3.1-8b-instant,3,216,35,1.3600000000000002e-05,6.732010300009279,True,0.3333333333333333,True
371,self_consistency,llama-3.1-8b-instant,5,360,95,2.5600000000000002e-05,11.282953600020846,True,0.2,True
371,self_consistency,llama-3.1-8b-instant,10,720,172,4.9760000000000005e-05,22.396504799980903,True,0.2,True
371,semantic_entropy,llama-3.1-8b-instant,1,72,14,4.7200000000000005e-06,2.2469152999983635,False,0.0,True
371,semantic_entropy,llama-3.1-8b-instant,3,216,35,1.3600000000000002e-05,6.732010300009279,False,0.5793801642856949,True
371,semantic_entropy,llama-3.1-8b-instant,5,360,95,2.5600000000000002e-05,11.282953600020846,True,0.8277293767706428,True
371,semantic_entropy,llama-3.1-8b-instant,10,720,172,4.9760000000000005e-05,22.396504799980903,True,0.6387640052032224,True
372,verbalized_confidence,llama-3.1-8b-instant,1,117,19,7.370000000000001e-06,2.353260899981251,False,80.0,False
372,llm_judge,llama-3.1-8b-instant,1,164,16,9.48e-06,4.41296919999877,False,,False
372,self_consistency,llama-3.1-8b-instant,1,67,14,4.47e-06,2.227102900011232,False,1.0,False
372,self_consistency,llama-3.1-8b-instant,3,201,44,1.357e-05,6.742132600018522,True,0.3333333333333333,False
372,self_consistency,llama-3.1-8b-instant,5,335,66,2.2029999999999997e-05,11.186535200016806,True,0.4,False
372,self_consistency,llama-3.1-8b-instant,10,670,124,4.342e-05,22.26122990003205,True,0.4,False
372,semantic_entropy,llama-3.1-8b-instant,1,67,14,4.47e-06,2.227102900011232,False,0.0,False
372,semantic_entropy,llama-3.1-8b-instant,3,201,44,1.357e-05,6.742132600018522,True,0.9999999999999998,False
372,semantic_entropy,llama-3.1-8b-instant,5,335,66,2.2029999999999997e-05,11.186535200016806,True,0.6554587535412857,False
372,semantic_entropy,llama-3.1-8b-instant,10,670,124,4.342e-05,22.26122990003205,False,0.44717262228329563,False
373,verbalized_confidence,llama-3.1-8b-instant,1,118,12,6.86e-06,2.2054664000170305,False,100.0,False
373,llm_judge,llama-3.1-8b-instant,1,162,12,9.060000000000001e-06,4.513017199991737,True,,True
373,self_consistency,llama-3.1-8b-instant,1,68,12,4.360000000000001e-06,2.3156113000004552,False,1.0,False
373,self_consistency,llama-3.1-8b-instant,3,204,29,1.2520000000000002e-05,6.858676999981981,True,0.3333333333333333,False
373,self_consistency,llama-3.1-8b-instant,5,340,74,2.2920000000000004e-05,11.44973259998369,True,0.2,False
373,self_consistency,llama-3.1-8b-instant,10,680,241,5.3280000000000005e-05,23.007998199987924,True,0.2,True
373,semantic_entropy,llama-3.1-8b-instant,1,68,12,4.360000000000001e-06,2.3156113000004552,False,0.0,False
373,semantic_entropy,llama-3.1-8b-instant,3,204,29,1.2520000000000002e-05,6.858676999981981,True,0.9999999999999998,False
373,semantic_entropy,llama-3.1-8b-instant,5,340,74,2.2920000000000004e-05,11.44973259998369,True,1.0000000000000002,False
373,semantic_entropy,llama-3.1-8b-instant,10,680,241,5.3280000000000005e-05,23.007998199987924,True,0.8193820026016112,False
374,verbalized_confidence,llama-3.1-8b-instant,1,120,22,7.76e-06,2.2400924999965355,False,80.0,False
374,llm_judge,llama-3.1-8b-instant,1,166,14,9.420000000000001e-06,4.652537500020117,False,,False
374,self_consistency,llama-3.1-8b-instant,1,70,14,4.62e-06,2.2323872999986634,False,1.0,False
374,self_consistency,llama-3.1-8b-instant,3,210,46,1.418e-05,6.668213299999479,True,0.3333333333333333,False
374,self_consistency,llama-3.1-8b-instant,5,350,82,2.406e-05,11.378013500012457,True,0.2,False
374,self_consistency,llama-3.1-8b-instant,10,700,147,4.675999999999999e-05,22.80516560000251,True,0.1,False
374,semantic_entropy,llama-3.1-8b-instant,1,70,14,4.62e-06,2.2323872999986634,False,0.0,False
374,semantic_entropy,llama-3.1-8b-instant,3,210,46,1.418e-05,6.668213299999479,False,0.5793801642856949,False
374,semantic_entropy,llama-3.1-8b-instant,5,350,82,2.406e-05,11.378013500012457,False,0.4181656600790517,False
374,semantic_entropy,llama-3.1-8b-instant,10,700,147,4.675999999999999e-05,22.80516560000251,False,0.389972873353915,False
375,verbalized_confidence,llama-3.1-8b-instant,1,121,23,7.89e-06,2.349495099973865,False,100.0,False
375,llm_judge,llama-3.1-8b-instant,1,171,15,9.75e-06,4.654742599988822,False,,False
375,self_consistency,llama-3.1-8b-instant,1,71,4,3.87e-06,2.322099300014088,False,1.0,False
375,self_consistency,llama-3.1-8b-instant,3,213,25,1.265e-05,6.793059999996331,True,0.3333333333333333,False
375,self_consistency,llama-3.1-8b-instant,5,355,36,2.0629999999999997e-05,11.331865499989362,True,0.4,False
375,self_consistency,llama-3.1-8b-instant,10,710,86,4.238e-05,22.554717499995604,True,0.4,False
375,semantic_entropy,llama-3.1-8b-instant,1,71,4,3.87e-06,2.322099300014088,False,0.0,False
375,semantic_entropy,llama-3.1-8b-instant,3,213,25,1.265e-05,6.793059999996331,True,0.9999999999999998,False
375,semantic_entropy,llama-3.1-8b-instant,5,355,36,2.0629999999999997e-05,11.331865499989362,True,0.8277293767706428,False
375,semantic_entropy,llama-3.1-8b-instant,10,710,86,4.238e-05,22.554717499995604,True,0.6989700043360187,False
376,verbalized_confidence,llama-3.1-8b-instant,1,118,12,6.86e-06,2.2147321000229567,False,100.0,False
376,llm_judge,llama-3.1-8b-instant,1,167,17,9.71e-06,4.628900999989128,False,,False
376,self_consistency,llama-3.1-8b-instant,1,68,20,5e-06,2.2228166999993846,False,1.0,False
376,self_consistency,llama-3.1-8b-instant,3,204,41,1.3480000000000001e-05,6.705476799979806,True,0.3333333333333333,False
376,self_consistency,llama-3.1-8b-instant,5,340,65,2.2200000000000004e-05,11.234592799999518,True,0.2,False
376,self_consistency,llama-3.1-8b-instant,10,680,139,4.512e-05,22.5407124000194,True,0.2,False
376,semantic_entropy,llama-3.1-8b-instant,1,68,20,5e-06,2.2228166999993846,False,0.0,False
376,semantic_entropy,llama-3.1-8b-instant,3,204,41,1.3480000000000001e-05,6.705476799979806,False,0.5793801642856949,False
376,semantic_entropy,llama-3.1-8b-instant,5,340,65,2.2200000000000004e-05,11.234592799999518,False,0.5904362833084089,False
376,semantic_entropy,llama-3.1-8b-instant,10,680,139,4.512e-05,22.5407124000194,False,0.2775280104064451,False
377,verbalized_confidence,llama-3.1-8b-instant,1,120,17,7.360000000000001e-06,2.26709400000982,False,80.0,True
377,llm_judge,llama-3.1-8b-instant,1,183,28,1.1390000000000001e-05,4.497315099986736,False,,False
377,self_consistency,llama-3.1-8b-instant,1,70,38,6.54e-06,2.410470200004056,False,1.0,False
377,self_consistency,llama-3.1-8b-instant,3,210,93,1.794e-05,6.967171000025701,True,0.3333333333333333,False
377,self_consistency,llama-3.1-8b-instant,5,350,148,2.934e-05,11.444811600027606,True,0.2,False
377,self_consistency,llama-3.1-8b-instant,10,700,289,5.8120000000000006e-05,22.78589660002035,True,0.1,False
377,semantic_entropy,llama-3.1-8b-instant,1,70,38,6.54e-06,2.410470200004056,False,0.0,False
377,semantic_entropy,llama-3.1-8b-instant,3,210,93,1.794e-05,6.967171000025701,False,-0.0,False
377,semantic_entropy,llama-3.1-8b-instant,5,350,148,2.934e-05,11.444811600027606,False,-0.0,False
377,semantic_entropy,llama-3.1-8b-instant,10,700,289,5.8120000000000006e-05,22.78589660002035,False,-0.0,False
378,verbalized_confidence,llama-3.1-8b-instant,1,115,12,6.71e-06,2.2565458999888506,False,100.0,False
378,llm_judge,llama-3.1-8b-instant,1,149,5,7.850000000000001e-06,4.540860900015105,False,,False
378,self_consistency,llama-3.1-8b-instant,1,65,3,3.49e-06,2.2233151999826077,False,1.0,False
378,self_consistency,llama-3.1-8b-instant,3,195,9,1.047e-05,6.671436699980404,False,1.0,False
378,self_consistency,llama-3.1-8b-instant,5,325,18,1.769e-05,11.082857699977467,False,0.8,False
378,self_consistency,llama-3.1-8b-instant,10,650,94,4.002e-05,22.488452799996594,False,0.8,False
378,semantic_entropy,llama-3.1-8b-instant,1,65,3,3.49e-06,2.2233151999826077,False,0.0,False
378,semantic_entropy,llama-3.1-8b-instant,3,195,9,1.047e-05,6.671436699980404,False,-0.0,False
378,semantic_entropy,llama-3.1-8b-instant,5,325,18,1.769e-05,11.082857699977467,False,0.31091750708257115,False
378,semantic_entropy,llama-3.1-8b-instant,10,650,94,4.002e-05,22.488452799996594,False,0.2775280104064451,False
379,verbalized_confidence,llama-3.1-8b-instant,1,122,18,7.540000000000001e-06,2.2633486000122502,False,100.0,False
379,llm_judge,llama-3.1-8b-instant,1,169,10,9.250000000000001e-06,4.438752600020962,False,,False
379,self_consistency,llama-3.1-8b-instant,1,72,16,4.88e-06,2.273878899984993,False,1.0,False
379,self_consistency,llama-3.1-8b-instant,3,216,39,1.3919999999999999e-05,6.84555299996282,True,0.3333333333333333,False
379,self_consistency,llama-3.1-8b-instant,5,360,55,2.24e-05,11.274801599967759,True,0.4,False
379,self_consistency,llama-3.1-8b-instant,10,720,99,4.392e-05,22.436287299962714,True,0.4,False
379,semantic_entropy,llama-3.1-8b-instant,1,72,16,4.88e-06,2.273878899984993,False,0.0,False
379,semantic_entropy,llama-3.1-8b-instant,3,216,39,1.3919999999999999e-05,6.84555299996282,True,0.9999999999999998,False
379,semantic_entropy,llama-3.1-8b-instant,5,360,55,2.24e-05,11.274801599967759,False,0.5904362833084089,False
379,semantic_entropy,llama-3.1-8b-instant,10,720,99,4.392e-05,22.436287299962714,False,0.2775280104064451,False
380,verbalized_confidence,llama-3.1-8b-instant,1,142,12,8.06e-06,2.2428577999817207,True,0.0,True
380,llm_judge,llama-3.1-8b-instant,1,217,18,1.2290000000000001e-05,4.565686999994796,False,,False
380,self_consistency,llama-3.1-8b-instant,1,92,4,4.920000000000001e-06,2.350410999992164,False,1.0,True
380,self_consistency,llama-3.1-8b-instant,3,276,32,1.6360000000000003e-05,6.812389499973506,True,0.3333333333333333,True
380,self_consistency,llama-3.1-8b-instant,5,460,216,4.028e-05,11.674172099970747,True,0.2,True
380,self_consistency,llama-3.1-8b-instant,10,920,438,8.104e-05,23.544882499962114,True,0.3,True
380,semantic_entropy,llama-3.1-8b-instant,1,92,4,4.920000000000001e-06,2.350410999992164,False,0.0,True
380,semantic_entropy,llama-3.1-8b-instant,3,276,32,1.6360000000000003e-05,6.812389499973506,False,0.5793801642856949,True
380,semantic_entropy,llama-3.1-8b-instant,5,460,216,4.028e-05,11.674172099970747,False,0.31091750708257115,True
380,semantic_entropy,llama-3.1-8b-instant,10,920,438,8.104e-05,23.544882499962114,False,0.40843137199002016,True
381,verbalized_confidence,llama-3.1-8b-instant,1,135,19,8.269999999999999e-06,2.2368405999732204,False,100.0,True
381,llm_judge,llama-3.1-8b-instant,1,206,22,1.206e-05,4.572347000008449,False,,False
381,self_consistency,llama-3.1-8b-instant,1,85,24,6.17e-06,2.2582424000138417,False,1.0,False
381,self_consistency,llama-3.1-8b-instant,3,255,99,2.067e-05,6.910398900043219,True,0.3333333333333333,False
381,self_consistency,llama-3.1-8b-instant,5,425,148,3.309e-05,11.5227700000396,True,0.2,False
381,self_consistency,llama-3.1-8b-instant,10,850,356,7.098e-05,23.195503700058907,True,0.1,False
381,semantic_entropy,llama-3.1-8b-instant,1,85,24,6.17e-06,2.2582424000138417,False,0.0,False
381,semantic_entropy,llama-3.1-8b-instant,3,255,99,2.067e-05,6.910398900043219,True,0.9999999999999998,False
381,semantic_entropy,llama-3.1-8b-instant,5,425,148,3.309e-05,11.5227700000396,True,0.8277293767706428,False
381,semantic_entropy,llama-3.1-8b-instant,10,850,356,7.098e-05,23.195503700058907,True,0.8795880017344073,False
382,verbalized_confidence,llama-3.1-8b-instant,1,123,19,7.67e-06,2.3477057000272907,False,100.0,True
382,llm_judge,llama-3.1-8b-instant,1,172,12,9.56e-06,4.6510833999782335,False,,True
382,self_consistency,llama-3.1-8b-instant,1,73,12,4.61e-06,2.2271872000128496,False,1.0,True
382,self_consistency,llama-3.1-8b-instant,3,219,37,1.391e-05,6.761874799994985,True,0.3333333333333333,True
382,self_consistency,llama-3.1-8b-instant,5,365,58,2.289e-05,11.223801000014646,True,0.2,True
382,self_consistency,llama-3.1-8b-instant,10,730,112,4.5459999999999995e-05,22.48584780000965,True,0.1,True
382,semantic_entropy,llama-3.1-8b-instant,1,73,12,4.61e-06,2.2271872000128496,False,0.0,True
382,semantic_entropy,llama-3.1-8b-instant,3,219,37,1.391e-05,6.761874799994985,True,0.9999999999999998,True
382,semantic_entropy,llama-3.1-8b-instant,5,365,58,2.289e-05,11.223801000014646,True,1.0000000000000002,True
382,semantic_entropy,llama-3.1-8b-instant,10,730,112,4.5459999999999995e-05,22.48584780000965,True,0.8193820026016111,True
383,verbalized_confidence,llama-3.1-8b-instant,1,117,12,6.810000000000001e-06,2.228366499999538,False,100.0,False
383,llm_judge,llama-3.1-8b-instant,1,164,16,9.48e-06,4.465917900000932,False,,False
383,self_consistency,llama-3.1-8b-instant,1,67,15,4.55e-06,2.25572290000855,False,1.0,False
383,self_consistency,llama-3.1-8b-instant,3,201,33,1.2689999999999999e-05,6.71249259999604,True,0.3333333333333333,False
383,self_consistency,llama-3.1-8b-instant,5,335,56,2.123e-05,11.147132099984447,True,0.2,False
383,self_consistency,llama-3.1-8b-instant,10,670,117,4.286e-05,22.39302739998675,True,0.1,False
383,semantic_entropy,llama-3.1-8b-instant,1,67,15,4.55e-06,2.25572290000855,False,0.0,False
383,semantic_entropy,llama-3.1-8b-instant,3,201,33,1.2689999999999999e-05,6.71249259999604,False,0.5793801642856949,False
383,semantic_entropy,llama-3.1-8b-instant,5,335,56,2.123e-05,11.147132099984447,False,0.5904362833084089,False
383,semantic_entropy,llama-3.1-8b-instant,10,670,117,4.286e-05,22.39302739998675,True,0.6160396270529163,False
384,verbalized_confidence,llama-3.1-8b-instant,1,121,16,7.330000000000001e-06,2.3415376000048127,False,80.0,False
384,llm_judge,llama-3.1-8b-instant,1,165,9,8.97e-06,4.610782300005667,False,,False
384,self_consistency,llama-3.1-8b-instant,1,71,9,4.270000000000001e-06,2.2223804999957792,False,1.0,False
384,self_consistency,llama-3.1-8b-instant,3,213,31,1.3130000000000001e-05,6.910450199997285,True,0.3333333333333333,False
384,self_consistency,llama-3.1-8b-instant,5,355,53,2.199e-05,11.382573200011393,True,0.2,False
384,self_consistency,llama-3.1-8b-instant,10,710,104,4.3820000000000004e-05,22.73873929999536,True,0.2,False
384,semantic_entropy,llama-3.1-8b-instant,1,71,9,4.270000000000001e-06,2.2223804999957792,False,0.0,False
384,semantic_entropy,llama-3.1-8b-instant,3,213,31,1.3130000000000001e-05,6.910450199997285,False,0.5793801642856949,False
384,semantic_entropy,llama-3.1-8b-instant,5,355,53,2.199e-05,11.382573200011393,True,0.8277293767706428,False
384,semantic_entropy,llama-3.1-8b-instant,10,710,104,4.3820000000000004e-05,22.73873929999536,True,0.8193820026016111,False
385,verbalized_confidence,llama-3.1-8b-instant,1,121,19,7.57e-06,2.269721299991943,False,100.0,False
385,llm_judge,llama-3.1-8b-instant,1,168,12,9.360000000000002e-06,4.518424999987474,False,,False
385,self_consistency,llama-3.1-8b-instant,1,71,8,4.1900000000000005e-06,2.260526999976719,False,1.0,False
385,self_consistency,llama-3.1-8b-instant,3,213,26,1.2730000000000002e-05,6.776201899978332,True,0.3333333333333333,False
385,self_consistency,llama-3.1-8b-instant,5,355,47,2.1510000000000002e-05,11.368323499977123,True,0.2,False
385,self_consistency,llama-3.1-8b-instant,10,710,102,4.3660000000000005e-05,22.73405729996739,True,0.1,False
385,semantic_entropy,llama-3.1-8b-instant,1,71,8,4.1900000000000005e-06,2.260526999976719,False,0.0,False
385,semantic_entropy,llama-3.1-8b-instant,3,213,26,1.2730000000000002e-05,6.776201899978332,False,0.5793801642856949,False
385,semantic_entropy,llama-3.1-8b-instant,5,355,47,2.1510000000000002e-05,11.368323499977123,False,0.5904362833084089,False
385,semantic_entropy,llama-3.1-8b-instant,10,710,102,4.3660000000000005e-05,22.73405729996739,False,0.5331092497698138,False
386,verbalized_confidence,llama-3.1-8b-instant,1,121,14,7.170000000000001e-06,2.2757597000163514,False,95.0,True
386,llm_judge,llama-3.1-8b-instant,1,167,11,9.230000000000001e-06,4.476278700021794,False,,False
386,self_consistency,llama-3.1-8b-instant,1,71,9,4.270000000000001e-06,2.220159299991792,False,1.0,False
386,self_consistency,llama-3.1-8b-instant,3,213,24,1.2570000000000003e-05,6.629926099994918,False,0.6666666666666666,False
386,self_consistency,llama-3.1-8b-instant,5,355,37,2.0710000000000003e-05,11.188556099979905,True,0.4,False
386,self_consistency,llama-3.1-8b-instant,10,710,84,4.222e-05,22.290311400021892,True,0.2,False
386,semantic_entropy,llama-3.1-8b-instant,1,71,9,4.270000000000001e-06,2.220159299991792,False,0.0,False
386,semantic_entropy,llama-3.1-8b-instant,3,213,24,1.2570000000000003e-05,6.629926099994918,False,-0.0,False
386,semantic_entropy,llama-3.1-8b-instant,5,355,37,2.0710000000000003e-05,11.188556099979905,False,-0.0,False
386,semantic_entropy,llama-3.1-8b-instant,10,710,84,4.222e-05,22.290311400021892,False,-0.0,False
387,verbalized_confidence,llama-3.1-8b-instant,1,121,17,7.410000000000001e-06,2.343338499980746,False,100.0,False
387,llm_judge,llama-3.1-8b-instant,1,172,16,9.88e-06,4.470192600012524,False,,False
387,self_consistency,llama-3.1-8b-instant,1,71,18,4.9900000000000005e-06,2.349028600001475,False,1.0,False
387,self_consistency,llama-3.1-8b-instant,3,213,52,1.4810000000000002e-05,6.961973299999954,True,0.3333333333333333,False
387,self_consistency,llama-3.1-8b-instant,5,355,69,2.3270000000000003e-05,11.479108300001826,True,0.2,False
387,self_consistency,llama-3.1-8b-instant,10,710,140,4.67e-05,22.973709899990354,True,0.1,False
387,semantic_entropy,llama-3.1-8b-instant,1,71,18,4.9900000000000005e-06,2.349028600001475,False,0.0,False
387,semantic_entropy,llama-3.1-8b-instant,3,213,52,1.4810000000000002e-05,6.961973299999954,False,0.5793801642856949,False
387,semantic_entropy,llama-3.1-8b-instant,5,355,69,2.3270000000000003e-05,11.479108300001826,False,0.4181656600790517,False
387,semantic_entropy,llama-3.1-8b-instant,10,710,140,4.67e-05,22.973709899990354,False,0.4729032506370175,False
388,verbalized_confidence,llama-3.1-8b-instant,1,123,17,7.510000000000001e-06,2.3700970000063535,False,80.0,True
388,llm_judge,llama-3.1-8b-instant,1,171,11,9.430000000000001e-06,4.614916899998207,False,,False
388,self_consistency,llama-3.1-8b-instant,1,73,15,4.85e-06,2.272941900009755,False,1.0,True
388,self_consistency,llama-3.1-8b-instant,3,219,35,1.375e-05,6.941922100028023,True,0.3333333333333333,True
388,self_consistency,llama-3.1-8b-instant,5,365,51,2.233e-05,11.746032800030662,True,0.2,True
388,self_consistency,llama-3.1-8b-instant,10,730,101,4.4580000000000003e-05,23.12946680004825,True,0.2,True
388,semantic_entropy,llama-3.1-8b-instant,1,73,15,4.85e-06,2.272941900009755,False,0.0,True
388,semantic_entropy,llama-3.1-8b-instant,3,219,35,1.375e-05,6.941922100028023,False,0.5793801642856949,True
388,semantic_entropy,llama-3.1-8b-instant,5,365,51,2.233e-05,11.746032800030662,False,0.5904362833084089,True
388,semantic_entropy,llama-3.1-8b-instant,10,730,101,4.4580000000000003e-05,23.12946680004825,False,0.51835200693763,True
389,verbalized_confidence,llama-3.1-8b-instant,1,129,12,7.41e-06,2.2181234000017866,False,80.0,True
389,llm_judge,llama-3.1-8b-instant,1,179,7,9.51e-06,4.625090199988335,False,,True
389,self_consistency,llama-3.1-8b-instant,1,79,5,4.350000000000001e-06,2.1976030000078026,False,1.0,True
389,self_consistency,llama-3.1-8b-instant,3,237,15,1.3050000000000002e-05,6.631284500006586,False,1.0,True
389,self_consistency,llama-3.1-8b-instant,5,395,25,2.1750000000000004e-05,11.175168899993878,False,1.0,True
389,self_consistency,llama-3.1-8b-instant,10,790,46,4.318e-05,22.59299479998299,False,0.8,True
389,semantic_entropy,llama-3.1-8b-instant,1,79,5,4.350000000000001e-06,2.1976030000078026,False,0.0,True
389,semantic_entropy,llama-3.1-8b-instant,3,237,15,1.3050000000000002e-05,6.631284500006586,False,-0.0,True
389,semantic_entropy,llama-3.1-8b-instant,5,395,25,2.1750000000000004e-05,11.175168899993878,False,-0.0,True
389,semantic_entropy,llama-3.1-8b-instant,10,790,46,4.318e-05,22.59299479998299,False,-0.0,True
390,verbalized_confidence,llama-3.1-8b-instant,1,128,12,7.360000000000001e-06,2.2096963000076357,False,80.0,True
390,llm_judge,llama-3.1-8b-instant,1,191,22,1.131e-05,4.408671000011964,True,,True
390,self_consistency,llama-3.1-8b-instant,1,78,48,7.74e-06,2.3571169000060763,False,1.0,False
390,self_consistency,llama-3.1-8b-instant,3,234,134,2.2420000000000002e-05,7.075353499996709,True,0.3333333333333333,False
390,self_consistency,llama-3.1-8b-instant,5,390,177,3.3660000000000006e-05,11.57735199999297,True,0.2,False
390,self_consistency,llama-3.1-8b-instant,10,780,269,6.052e-05,23.021149899985176,True,0.4,True
390,semantic_entropy,llama-3.1-8b-instant,1,78,48,7.74e-06,2.3571169000060763,False,0.0,False
390,semantic_entropy,llama-3.1-8b-instant,3,234,134,2.2420000000000002e-05,7.075353499996709,False,0.5793801642856949,False
390,semantic_entropy,llama-3.1-8b-instant,5,390,177,3.3660000000000006e-05,11.57735199999297,False,0.5904362833084089,False
390,semantic_entropy,llama-3.1-8b-instant,10,780,269,6.052e-05,23.021149899985176,False,0.40843137199002016,False
391,verbalized_confidence,llama-3.1-8b-instant,1,120,13,7.04e-06,2.3363160000008065,False,80.0,True
391,llm_judge,llama-3.1-8b-instant,1,162,8,8.740000000000001e-06,4.511041599995224,True,,True
391,self_consistency,llama-3.1-8b-instant,1,70,6,3.98e-06,2.2036292999982834,False,1.0,True
391,self_consistency,llama-3.1-8b-instant,3,210,15,1.17e-05,6.636668000021018,True,0.3333333333333333,True
391,self_consistency,llama-3.1-8b-instant,5,350,25,1.95e-05,11.259095200017327,True,0.2,True
391,self_consistency,llama-3.1-8b-instant,10,700,55,3.9399999999999995e-05,22.42142670004978,False,0.6,True
391,semantic_entropy,llama-3.1-8b-instant,1,70,6,3.98e-06,2.2036292999982834,False,0.0,True
391,semantic_entropy,llama-3.1-8b-instant,3,210,15,1.17e-05,6.636668000021018,False,0.5793801642856949,True
391,semantic_entropy,llama-3.1-8b-instant,5,350,25,1.95e-05,11.259095200017327,True,0.8277293767706428,True
391,semantic_entropy,llama-3.1-8b-instant,10,700,55,3.9399999999999995e-05,22.42142670004978,False,0.40843137199002016,True
392,verbalized_confidence,llama-3.1-8b-instant,1,121,12,7.010000000000001e-06,2.3245101000065915,False,80.0,False
392,llm_judge,llama-3.1-8b-instant,1,170,14,9.62e-06,4.574517200002447,True,,True
392,self_consistency,llama-3.1-8b-instant,1,71,12,4.51e-06,2.3146492000087164,False,1.0,True
392,self_consistency,llama-3.1-8b-instant,3,213,23,1.249e-05,6.736611100001028,True,0.3333333333333333,True
392,self_consistency,llama-3.1-8b-instant,5,355,46,2.143e-05,11.301970300031826,True,0.2,True
392,self_consistency,llama-3.1-8b-instant,10,710,96,4.318000000000001e-05,22.555114500049967,True,0.2,True
392,semantic_entropy,llama-3.1-8b-instant,1,71,12,4.51e-06,2.3146492000087164,False,0.0,True
392,semantic_entropy,llama-3.1-8b-instant,3,213,23,1.249e-05,6.736611100001028,True,0.9999999999999998,True
392,semantic_entropy,llama-3.1-8b-instant,5,355,46,2.143e-05,11.301970300031826,True,0.8277293767706428,True
392,semantic_entropy,llama-3.1-8b-instant,10,710,96,4.318000000000001e-05,22.555114500049967,True,0.7966576244513048,True
393,verbalized_confidence,llama-3.1-8b-instant,1,120,12,6.96e-06,2.24053070001537,False,80.0,True
393,llm_judge,llama-3.1-8b-instant,1,165,11,9.129999999999999e-06,4.538111000001663,False,,True
393,self_consistency,llama-3.1-8b-instant,1,70,11,4.3799999999999996e-06,2.3259340999939013,False,1.0,False
393,self_consistency,llama-3.1-8b-instant,3,210,35,1.3299999999999998e-05,6.787175099976594,True,0.3333333333333333,False
393,self_consistency,llama-3.1-8b-instant,5,350,57,2.206e-05,11.264864299970213,True,0.2,False
393,self_consistency,llama-3.1-8b-instant,10,700,117,4.435999999999999e-05,22.418763599998783,True,0.2,False
393,semantic_entropy,llama-3.1-8b-instant,1,70,11,4.3799999999999996e-06,2.3259340999939013,False,0.0,False
393,semantic_entropy,llama-3.1-8b-instant,3,210,35,1.3299999999999998e-05,6.787175099976594,True,0.9999999999999998,False
393,semantic_entropy,llama-3.1-8b-instant,5,350,57,2.206e-05,11.264864299970213,False,0.5904362833084089,False
393,semantic_entropy,llama-3.1-8b-instant,10,700,117,4.435999999999999e-05,22.418763599998783,False,0.40843137199002016,False
394,verbalized_confidence,llama-3.1-8b-instant,1,121,13,7.090000000000001e-06,2.2116221000032965,False,100.0,False
394,llm_judge,llama-3.1-8b-instant,1,177,21,1.0530000000000003e-05,4.520474800025113,False,,True
394,self_consistency,llama-3.1-8b-instant,1,71,12,4.51e-06,2.2021037000231445,False,1.0,False
394,self_consistency,llama-3.1-8b-instant,3,213,33,1.329e-05,6.787382100039395,True,0.3333333333333333,False
394,self_consistency,llama-3.1-8b-instant,5,355,63,2.279e-05,11.247631500038551,True,0.4,False
394,self_consistency,llama-3.1-8b-instant,10,710,142,4.686000000000001e-05,22.62259900008212,True,0.3,False
394,semantic_entropy,llama-3.1-8b-instant,1,71,12,4.51e-06,2.2021037000231445,False,0.0,False
394,semantic_entropy,llama-3.1-8b-instant,3,213,33,1.329e-05,6.787382100039395,False,-0.0,False
394,semantic_entropy,llama-3.1-8b-instant,5,355,63,2.279e-05,11.247631500038551,False,0.31091750708257115,False
394,semantic_entropy,llama-3.1-8b-instant,10,710,142,4.686000000000001e-05,22.62259900008212,False,0.40843137199002016,False
395,verbalized_confidence,llama-3.1-8b-instant,1,116,12,6.7600000000000005e-06,2.225680799980182,False,100.0,False
395,llm_judge,llama-3.1-8b-instant,1,151,5,7.95e-06,4.547944499994628,False,,False
395,self_consistency,llama-3.1-8b-instant,1,66,3,3.54e-06,2.508253899984993,False,1.0,False
395,self_consistency,llama-3.1-8b-instant,3,198,9,1.062e-05,6.915325800015125,False,1.0,False
395,self_consistency,llama-3.1-8b-instant,5,330,15,1.77e-05,11.425737000012305,False,1.0,False
395,self_consistency,llama-3.1-8b-instant,10,660,30,3.539999999999999e-05,22.73050389997661,False,1.0,False
395,semantic_entropy,llama-3.1-8b-instant,1,66,3,3.54e-06,2.508253899984993,False,0.0,False
395,semantic_entropy,llama-3.1-8b-instant,3,198,9,1.062e-05,6.915325800015125,False,-0.0,False
395,semantic_entropy,llama-3.1-8b-instant,5,330,15,1.77e-05,11.425737000012305,False,-0.0,False
395,semantic_entropy,llama-3.1-8b-instant,10,660,30,3.539999999999999e-05,22.73050389997661,False,-0.0,False
396,verbalized_confidence,llama-3.1-8b-instant,1,124,17,7.5600000000000005e-06,2.2316231000004336,False,90.0,True
396,llm_judge,llama-3.1-8b-instant,1,192,30,1.2e-05,4.4344714999897406,False,,False
396,self_consistency,llama-3.1-8b-instant,1,74,40,6.9e-06,2.7385651000076905,False,1.0,False
396,self_consistency,llama-3.1-8b-instant,3,222,109,1.9820000000000003e-05,7.24040770001011,True,0.3333333333333333,False
396,self_consistency,llama-3.1-8b-instant,5,370,168,3.194e-05,11.872593400010373,True,0.2,False
396,self_consistency,llama-3.1-8b-instant,10,740,331,6.348000000000001e-05,23.318925300001865,True,0.1,False
396,semantic_entropy,llama-3.1-8b-instant,1,74,40,6.9e-06,2.7385651000076905,False,0.0,False
396,semantic_entropy,llama-3.1-8b-instant,3,222,109,1.9820000000000003e-05,7.24040770001011,False,-0.0,False
396,semantic_entropy,llama-3.1-8b-instant,5,370,168,3.194e-05,11.872593400010373,False,-0.0,False
396,semantic_entropy,llama-3.1-8b-instant,10,740,331,6.348000000000001e-05,23.318925300001865,False,0.14118174150460758,False
397,verbalized_confidence,llama-3.1-8b-instant,1,121,18,7.49e-06,2.3689356000104453,True,0.0,True
397,llm_judge,llama-3.1-8b-instant,1,168,12,9.360000000000002e-06,4.534331600007135,False,,False
397,self_consistency,llama-3.1-8b-instant,1,71,42,6.91e-06,2.416323600016767,False,1.0,True
397,self_consistency,llama-3.1-8b-instant,3,213,70,1.6250000000000002e-05,6.991185700026108,True,0.3333333333333333,True
397,self_consistency,llama-3.1-8b-instant,5,355,110,2.655e-05,11.53734330003499,True,0.2,True
397,self_consistency,llama-3.1-8b-instant,10,710,192,5.0860000000000004e-05,22.96723280000151,True,0.2,False
397,semantic_entropy,llama-3.1-8b-instant,1,71,42,6.91e-06,2.416323600016767,False,0.0,True
397,semantic_entropy,llama-3.1-8b-instant,3,213,70,1.6250000000000002e-05,6.991185700026108,True,0.9999999999999998,True
397,semantic_entropy,llama-3.1-8b-instant,5,355,110,2.655e-05,11.53734330003499,False,0.5904362833084089,True
397,semantic_entropy,llama-3.1-8b-instant,10,710,192,5.0860000000000004e-05,22.96723280000151,False,0.5331092497698138,True
398,verbalized_confidence,llama-3.1-8b-instant,1,122,21,7.78e-06,2.236325300007593,False,100.0,False
398,llm_judge,llama-3.1-8b-instant,1,181,25,1.1050000000000001e-05,4.480748800007859,False,,False
398,self_consistency,llama-3.1-8b-instant,1,72,15,4.8e-06,2.243262100004358,False,1.0,False
398,self_consistency,llama-3.1-8b-instant,3,216,58,1.5439999999999998e-05,6.760397600010037,True,0.3333333333333333,False
398,self_consistency,llama-3.1-8b-instant,5,360,85,2.4799999999999996e-05,11.286019000021042,True,0.2,False
398,self_consistency,llama-3.1-8b-instant,10,720,185,5.0799999999999995e-05,22.62671159999445,True,0.1,False
398,semantic_entropy,llama-3.1-8b-instant,1,72,15,4.8e-06,2.243262100004358,False,0.0,False
398,semantic_entropy,llama-3.1-8b-instant,3,216,58,1.5439999999999998e-05,6.760397600010037,False,0.5793801642856949,False
398,semantic_entropy,llama-3.1-8b-instant,5,360,85,2.4799999999999996e-05,11.286019000021042,False,0.31091750708257115,False
398,semantic_entropy,llama-3.1-8b-instant,10,720,185,5.0799999999999995e-05,22.62671159999445,False,0.4096910013008056,False
399,verbalized_confidence,llama-3.1-8b-instant,1,127,15,7.5500000000000006e-06,2.2726653999998234,False,80.0,False
399,llm_judge,llama-3.1-8b-instant,1,180,11,9.88e-06,4.651132500002859,False,,False
399,self_consistency,llama-3.1-8b-instant,1,77,8,4.49e-06,2.2568313000083435,False,1.0,False
399,self_consistency,llama-3.1-8b-instant,3,231,21,1.323e-05,6.711734400014393,True,0.3333333333333333,False
399,self_consistency,llama-3.1-8b-instant,5,385,39,2.2369999999999998e-05,11.199428900028579,True,0.4,False
399,self_consistency,llama-3.1-8b-instant,10,770,85,4.5299999999999997e-05,22.80587980002747,False,0.5,False
399,semantic_entropy,llama-3.1-8b-instant,1,77,8,4.49e-06,2.2568313000083435,False,0.0,False
399,semantic_entropy,llama-3.1-8b-instant,3,231,21,1.323e-05,6.711734400014393,False,-0.0,False
399,semantic_entropy,llama-3.1-8b-instant,5,385,39,2.2369999999999998e-05,11.199428900028579,False,-0.0,False
399,semantic_entropy,llama-3.1-8b-instant,10,770,85,4.5299999999999997e-05,22.80587980002747,False,-0.0,False
400,verbalized_confidence,llama-3.1-8b-instant,1,116,12,6.7600000000000005e-06,2.2248303999949712,False,100.0,False
400,llm_judge,llama-3.1-8b-instant,1,158,12,8.860000000000002e-06,4.554950099991402,False,,False
400,self_consistency,llama-3.1-8b-instant,1,66,3,3.54e-06,2.2736680999805685,False,1.0,False
400,self_consistency,llama-3.1-8b-instant,3,198,15,1.11e-05,7.5002296999737155,False,0.6666666666666666,False
400,self_consistency,llama-3.1-8b-instant,5,330,27,1.866e-05,11.910219199955463,False,0.6,False
400,self_consistency,llama-3.1-8b-instant,10,660,74,3.892e-05,23.03178419993492,True,0.4,False
400,semantic_entropy,llama-3.1-8b-instant,1,66,3,3.54e-06,2.2736680999805685,False,0.0,False
400,semantic_entropy,llama-3.1-8b-instant,3,198,15,1.11e-05,7.5002296999737155,False,0.5793801642856949,False
400,semantic_entropy,llama-3.1-8b-instant,5,330,27,1.866e-05,11.910219199955463,False,0.4181656600790517,False
400,semantic_entropy,llama-3.1-8b-instant,10,660,74,3.892e-05,23.03178419993492,False,0.55583362792012,False
401,verbalized_confidence,llama-3.1-8b-instant,1,119,15,7.15e-06,2.3501381000096444,True,0.0,False
401,llm_judge,llama-3.1-8b-instant,1,169,17,9.81e-06,4.592140699998708,False,,False
401,self_consistency,llama-3.1-8b-instant,1,69,17,4.8100000000000005e-06,2.2332647000148427,False,1.0,False
401,self_consistency,llama-3.1-8b-instant,3,207,49,1.427e-05,6.705471600027522,True,0.3333333333333333,False
401,self_consistency,llama-3.1-8b-instant,5,345,97,2.5010000000000003e-05,11.171244400029536,True,0.2,False
401,self_consistency,llama-3.1-8b-instant,10,690,158,4.7140000000000006e-05,22.403459200024372,True,0.1,False
401,semantic_entropy,llama-3.1-8b-instant,1,69,17,4.8100000000000005e-06,2.2332647000148427,False,0.0,False
401,semantic_entropy,llama-3.1-8b-instant,3,207,49,1.427e-05,6.705471600027522,False,0.5793801642856949,False
401,semantic_entropy,llama-3.1-8b-instant,5,345,97,2.5010000000000003e-05,11.171244400029536,False,0.31091750708257115,False
401,semantic_entropy,llama-3.1-8b-instant,10,690,158,4.7140000000000006e-05,22.403459200024372,False,0.55583362792012,False
402,verbalized_confidence,llama-3.1-8b-instant,1,119,12,6.91e-06,2.215281500015408,False,100.0,False
402,llm_judge,llama-3.1-8b-instant,1,164,12,9.16e-06,4.451167500024894,False,,True
402,self_consistency,llama-3.1-8b-instant,1,69,20,5.050000000000001e-06,2.2774337000155356,False,1.0,False
402,self_consistency,llama-3.1-8b-instant,3,207,31,1.283e-05,6.740975600027014,True,0.3333333333333333,False
402,self_consistency,llama-3.1-8b-instant,5,345,47,2.101e-05,11.17205040002591,True,0.4,True
402,self_consistency,llama-3.1-8b-instant,10,690,137,4.546e-05,22.616997800039826,True,0.2,True
402,semantic_entropy,llama-3.1-8b-instant,1,69,20,5.050000000000001e-06,2.2774337000155356,False,0.0,False
402,semantic_entropy,llama-3.1-8b-instant,3,207,31,1.283e-05,6.740975600027014,True,0.9999999999999998,False
402,semantic_entropy,llama-3.1-8b-instant,5,345,47,2.101e-05,11.17205040002591,True,0.8277293767706428,False
402,semantic_entropy,llama-3.1-8b-instant,10,690,137,4.546e-05,22.616997800039826,True,0.6387640052032224,False
403,verbalized_confidence,llama-3.1-8b-instant,1,118,15,7.100000000000001e-06,2.3176572999800555,False,90.0,True
403,llm_judge,llama-3.1-8b-instant,1,171,21,1.0230000000000002e-05,4.4389893999905325,False,,True
403,self_consistency,llama-3.1-8b-instant,1,68,9,4.12e-06,2.2177242999896407,False,1.0,True
403,self_consistency,llama-3.1-8b-instant,3,204,47,1.3960000000000002e-05,6.771394199982751,True,0.3333333333333333,True
403,self_consistency,llama-3.1-8b-instant,5,340,84,2.3720000000000003e-05,11.236210300005041,True,0.2,True
403,self_consistency,llama-3.1-8b-instant,10,680,158,4.664000000000001e-05,22.598218700033613,True,0.1,True
403,semantic_entropy,llama-3.1-8b-instant,1,68,9,4.12e-06,2.2177242999896407,False,0.0,True
403,semantic_entropy,llama-3.1-8b-instant,3,204,47,1.3960000000000002e-05,6.771394199982751,False,0.5793801642856949,True
403,semantic_entropy,llama-3.1-8b-instant,5,340,84,2.3720000000000003e-05,11.236210300005041,True,0.8277293767706428,True
403,semantic_entropy,llama-3.1-8b-instant,10,680,158,4.664000000000001e-05,22.598218700033613,True,0.6505149978319904,True
404,verbalized_confidence,llama-3.1-8b-instant,1,119,23,7.79e-06,2.3792841999966186,False,100.0,False
404,llm_judge,llama-3.1-8b-instant,1,175,23,1.0590000000000002e-05,4.5304326999757905,False,,True
404,self_consistency,llama-3.1-8b-instant,1,69,24,5.37e-06,2.285790200025076,False,1.0,False
404,self_consistency,llama-3.1-8b-instant,3,207,57,1.4910000000000001e-05,6.804089000041131,True,0.3333333333333333,False
404,self_consistency,llama-3.1-8b-instant,5,345,84,2.3970000000000003e-05,11.21555850005825,True,0.2,False
404,self_consistency,llama-3.1-8b-instant,10,690,172,4.826000000000001e-05,22.63878660008777,True,0.1,False
404,semantic_entropy,llama-3.1-8b-instant,1,69,24,5.37e-06,2.285790200025076,False,0.0,False
404,semantic_entropy,llama-3.1-8b-instant,3,207,57,1.4910000000000001e-05,6.804089000041131,False,0.5793801642856949,False
404,semantic_entropy,llama-3.1-8b-instant,5,345,84,2.3970000000000003e-05,11.21555850005825,False,0.31091750708257115,False
404,semantic_entropy,llama-3.1-8b-instant,10,690,172,4.826000000000001e-05,22.63878660008777,False,0.14118174150460758,False
405,verbalized_confidence,llama-3.1-8b-instant,1,134,18,8.14e-06,2.371129400009522,False,100.0,False
405,llm_judge,llama-3.1-8b-instant,1,198,16,1.1180000000000001e-05,4.451414400013164,False,,True
405,self_consistency,llama-3.1-8b-instant,1,84,11,5.0800000000000005e-06,2.2231697000097483,False,1.0,False
405,self_consistency,llama-3.1-8b-instant,3,252,32,1.516e-05,6.786775300017325,True,0.3333333333333333,False
405,self_consistency,llama-3.1-8b-instant,5,420,57,2.556e-05,11.37328780000098,True,0.2,False
405,self_consistency,llama-3.1-8b-instant,10,840,114,5.112e-05,22.64901409999584,True,0.1,False
405,semantic_entropy,llama-3.1-8b-instant,1,84,11,5.0800000000000005e-06,2.2231697000097483,False,0.0,False
405,semantic_entropy,llama-3.1-8b-instant,3,252,32,1.516e-05,6.786775300017325,True,0.9999999999999998,False
405,semantic_entropy,llama-3.1-8b-instant,5,420,57,2.556e-05,11.37328780000098,True,1.0000000000000002,False
405,semantic_entropy,llama-3.1-8b-instant,10,840,114,5.112e-05,22.64901409999584,True,0.9397940008672035,False
406,verbalized_confidence,llama-3.1-8b-instant,1,126,15,7.500000000000001e-06,2.257341799995629,False,100.0,False
406,llm_judge,llama-3.1-8b-instant,1,181,15,1.025e-05,4.448724500020035,False,,False
406,self_consistency,llama-3.1-8b-instant,1,76,9,4.520000000000001e-06,2.239021399989724,False,1.0,False
406,self_consistency,llama-3.1-8b-instant,3,228,43,1.484e-05,6.707552100007888,True,0.3333333333333333,False
406,self_consistency,llama-3.1-8b-instant,5,380,69,2.4520000000000002e-05,11.273947600013344,True,0.2,False
406,self_consistency,llama-3.1-8b-instant,10,760,127,4.816000000000001e-05,22.485692200047197,True,0.2,False
406,semantic_entropy,llama-3.1-8b-instant,1,76,9,4.520000000000001e-06,2.239021399989724,False,0.0,False
406,semantic_entropy,llama-3.1-8b-instant,3,228,43,1.484e-05,6.707552100007888,True,0.9999999999999998,False
406,semantic_entropy,llama-3.1-8b-instant,5,380,69,2.4520000000000002e-05,11.273947600013344,True,0.6554587535412857,False
406,semantic_entropy,llama-3.1-8b-instant,10,760,127,4.816000000000001e-05,22.485692200047197,False,0.38997287335391506,False
407,verbalized_confidence,llama-3.1-8b-instant,1,117,15,7.050000000000001e-06,2.206276999990223,False,100.0,False
407,llm_judge,llama-3.1-8b-instant,1,158,10,8.7e-06,4.409421700023813,False,,False
407,self_consistency,llama-3.1-8b-instant,1,67,5,3.75e-06,2.3159948000102304,False,1.0,False
407,self_consistency,llama-3.1-8b-instant,3,201,25,1.2050000000000002e-05,6.79435300003388,True,0.3333333333333333,False
407,self_consistency,llama-3.1-8b-instant,5,335,43,2.019e-05,11.351309000048786,True,0.2,False
407,self_consistency,llama-3.1-8b-instant,10,670,106,4.198000000000001e-05,22.572639000049094,True,0.1,False
407,semantic_entropy,llama-3.1-8b-instant,1,67,5,3.75e-06,2.3159948000102304,False,0.0,False
407,semantic_entropy,llama-3.1-8b-instant,3,201,25,1.2050000000000002e-05,6.79435300003388,True,0.9999999999999998,False
407,semantic_entropy,llama-3.1-8b-instant,5,335,43,2.019e-05,11.351309000048786,True,0.8277293767706428,False
407,semantic_entropy,llama-3.1-8b-instant,10,670,106,4.198000000000001e-05,22.572639000049094,False,0.5331092497698138,False
408,verbalized_confidence,llama-3.1-8b-instant,1,137,12,7.81e-06,2.2042729999811854,False,100.0,False
408,llm_judge,llama-3.1-8b-instant,1,193,7,1.0210000000000002e-05,4.424615199997788,False,,False
408,self_consistency,llama-3.1-8b-instant,1,87,4,4.670000000000001e-06,2.300154600001406,False,1.0,False
408,self_consistency,llama-3.1-8b-instant,3,261,12,1.4010000000000003e-05,6.689874700008659,False,0.6666666666666666,False
408,self_consistency,llama-3.1-8b-instant,5,435,25,2.3750000000000005e-05,11.171453400020255,False,0.6,False
408,self_consistency,llama-3.1-8b-instant,10,870,45,4.710000000000001e-05,22.42092830000911,False,0.8,False
408,semantic_entropy,llama-3.1-8b-instant,1,87,4,4.670000000000001e-06,2.300154600001406,False,0.0,False
408,semantic_entropy,llama-3.1-8b-instant,3,261,12,1.4010000000000003e-05,6.689874700008659,False,-0.0,False
408,semantic_entropy,llama-3.1-8b-instant,5,435,25,2.3750000000000005e-05,11.171453400020255,False,0.31091750708257115,False
408,semantic_entropy,llama-3.1-8b-instant,10,870,45,4.710000000000001e-05,22.42092830000911,False,0.14118174150460758,False
409,verbalized_confidence,llama-3.1-8b-instant,1,121,14,7.170000000000001e-06,2.2030240000167396,False,80.0,True
409,llm_judge,llama-3.1-8b-instant,1,162,6,8.58e-06,4.514308599987999,False,,True
409,self_consistency,llama-3.1-8b-instant,1,71,4,3.87e-06,2.3534028000140097,False,1.0,True
409,self_consistency,llama-3.1-8b-instant,3,213,12,1.161e-05,6.8060449000040535,False,1.0,True
409,self_consistency,llama-3.1-8b-instant,5,355,22,1.951e-05,11.21007670002291,False,0.8,True
409,self_consistency,llama-3.1-8b-instant,10,710,45,3.910000000000001e-05,22.38104810004006,False,0.8,True
409,semantic_entropy,llama-3.1-8b-instant,1,71,4,3.87e-06,2.3534028000140097,False,0.0,True
409,semantic_entropy,llama-3.1-8b-instant,3,213,12,1.161e-05,6.8060449000040535,False,-0.0,True
409,semantic_entropy,llama-3.1-8b-instant,5,355,22,1.951e-05,11.21007670002291,False,-0.0,True
409,semantic_entropy,llama-3.1-8b-instant,10,710,45,3.910000000000001e-05,22.38104810004006,False,0.14118174150460758,True
410,verbalized_confidence,llama-3.1-8b-instant,1,137,14,7.97e-06,2.247884799988242,True,0.0,False
410,llm_judge,llama-3.1-8b-instant,1,193,5,1.0050000000000002e-05,4.464902100007748,True,,False
410,self_consistency,llama-3.1-8b-instant,1,87,3,4.590000000000001e-06,2.320759999973234,False,1.0,False
410,self_consistency,llama-3.1-8b-instant,3,261,17,1.4410000000000003e-05,6.846851699985564,False,0.6666666666666666,False
410,self_consistency,llama-3.1-8b-instant,5,435,34,2.4470000000000005e-05,11.370805799990194,True,0.4,False
410,self_consistency,llama-3.1-8b-instant,10,870,61,4.838000000000001e-05,22.507004499988398,False,0.6,False
410,semantic_entropy,llama-3.1-8b-instant,1,87,3,4.590000000000001e-06,2.320759999973234,False,0.0,False
410,semantic_entropy,llama-3.1-8b-instant,3,261,17,1.4410000000000003e-05,6.846851699985564,False,0.5793801642856949,False
410,semantic_entropy,llama-3.1-8b-instant,5,435,34,2.4470000000000005e-05,11.370805799990194,True,0.8277293767706428,False
410,semantic_entropy,llama-3.1-8b-instant,10,870,61,4.838000000000001e-05,22.507004499988398,False,0.4729032506370175,False
411,verbalized_confidence,llama-3.1-8b-instant,1,119,42,9.31e-06,2.259403200005181,False,80.0,True
411,llm_judge,llama-3.1-8b-instant,1,182,30,1.1500000000000002e-05,4.676930699992226,False,,True
411,self_consistency,llama-3.1-8b-instant,1,69,39,6.570000000000001e-06,2.423836300004041,False,1.0,False
411,self_consistency,llama-3.1-8b-instant,3,207,103,1.8590000000000003e-05,7.011483300011605,True,0.3333333333333333,False
411,self_consistency,llama-3.1-8b-instant,5,345,146,2.8930000000000003e-05,11.499382800015155,True,0.2,False
411,self_consistency,llama-3.1-8b-instant,10,690,309,5.922000000000001e-05,44.69254600000568,True,0.1,False
411,semantic_entropy,llama-3.1-8b-instant,1,69,39,6.570000000000001e-06,2.423836300004041,False,0.0,False
411,semantic_entropy,llama-3.1-8b-instant,3,207,103,1.8590000000000003e-05,7.011483300011605,True,0.9999999999999998,False
411,semantic_entropy,llama-3.1-8b-instant,5,345,146,2.8930000000000003e-05,11.499382800015155,True,1.0000000000000002,False
411,semantic_entropy,llama-3.1-8b-instant,10,690,309,5.922000000000001e-05,44.69254600000568,True,0.9999999999999998,False
412,verbalized_confidence,llama-3.1-8b-instant,1,118,12,6.86e-06,24.32439549997798,False,90.0,True
412,llm_judge,llama-3.1-8b-instant,1,161,11,8.930000000000001e-06,34.92728609999176,True,,False
412,self_consistency,llama-3.1-8b-instant,1,68,21,5.0800000000000005e-06,8.278784800000722,False,1.0,False
412,self_consistency,llama-3.1-8b-instant,3,204,46,1.3880000000000003e-05,40.79948280000826,True,0.3333333333333333,False
412,self_consistency,llama-3.1-8b-instant,5,340,71,2.2680000000000003e-05,68.49310140003217,True,0.2,False
412,self_consistency,llama-3.1-8b-instant,10,680,152,4.6160000000000005e-05,143.13171709998278,True,0.1,False
412,semantic_entropy,llama-3.1-8b-instant,1,68,21,5.0800000000000005e-06,8.278784800000722,False,0.0,False
412,semantic_entropy,llama-3.1-8b-instant,3,204,46,1.3880000000000003e-05,40.79948280000826,False,0.5793801642856949,False
412,semantic_entropy,llama-3.1-8b-instant,5,340,71,2.2680000000000003e-05,68.49310140003217,False,0.5904362833084089,False
412,semantic_entropy,llama-3.1-8b-instant,10,680,152,4.6160000000000005e-05,143.13171709998278,False,0.5331092497698138,False
413,verbalized_confidence,llama-3.1-8b-instant,1,117,12,6.810000000000001e-06,21.199791199993342,False,100.0,True
413,llm_judge,llama-3.1-8b-instant,1,153,6,8.13e-06,28.622829300002195,True,,False
413,self_consistency,llama-3.1-8b-instant,1,67,3,3.59e-06,13.325779200007673,False,1.0,True
413,self_consistency,llama-3.1-8b-instant,3,201,9,1.077e-05,36.0697516000364,False,0.6666666666666666,False
413,self_consistency,llama-3.1-8b-instant,5,335,15,1.795e-05,61.6309797000431,False,0.6,True
413,self_consistency,llama-3.1-8b-instant,10,670,30,3.59e-05,123.3516994000529,False,0.5,True
413,semantic_entropy,llama-3.1-8b-instant,1,67,3,3.59e-06,13.325779200007673,False,0.0,True
413,semantic_entropy,llama-3.1-8b-instant,3,201,9,1.077e-05,36.0697516000364,False,-0.0,True
413,semantic_entropy,llama-3.1-8b-instant,5,335,15,1.795e-05,61.6309797000431,False,-0.0,True
413,semantic_entropy,llama-3.1-8b-instant,10,670,30,3.59e-05,123.3516994000529,False,-0.0,True
414,verbalized_confidence,llama-3.1-8b-instant,1,124,13,7.24e-06,20.25502339997911,False,80.0,True
414,llm_judge,llama-3.1-8b-instant,1,173,11,9.53e-06,30.637207599997055,False,,True
414,self_consistency,llama-3.1-8b-instant,1,74,9,4.42e-06,14.356648599990876,False,1.0,True
414,self_consistency,llama-3.1-8b-instant,3,222,29,1.342e-05,43.9477955000184,True,0.3333333333333333,True
414,self_consistency,llama-3.1-8b-instant,5,370,50,2.25e-05,72.78378040003008,True,0.4,True
414,self_consistency,llama-3.1-8b-instant,10,740,143,4.8440000000000004e-05,150.4797873000207,True,0.2,True
414,semantic_entropy,llama-3.1-8b-instant,1,74,9,4.42e-06,14.356648599990876,False,0.0,True
414,semantic_entropy,llama-3.1-8b-instant,3,222,29,1.342e-05,43.9477955000184,False,-0.0,True
414,semantic_entropy,llama-3.1-8b-instant,5,370,50,2.25e-05,72.78378040003008,False,-0.0,True
414,semantic_entropy,llama-3.1-8b-instant,10,740,143,4.8440000000000004e-05,150.4797873000207,False,-0.0,True
415,verbalized_confidence,llama-3.1-8b-instant,1,119,12,6.91e-06,23.394133699999657,False,100.0,True
415,llm_judge,llama-3.1-8b-instant,1,157,7,8.41e-06,28.664566699997522,False,,True
415,self_consistency,llama-3.1-8b-instant,1,69,5,3.85e-06,17.379076800018083,False,1.0,True
415,self_consistency,llama-3.1-8b-instant,3,207,27,1.251e-05,41.259709500009194,True,0.3333333333333333,True
415,self_consistency,llama-3.1-8b-instant,5,345,42,2.061e-05,71.87392260003253,True,0.4,True
415,self_consistency,llama-3.1-8b-instant,10,690,67,3.9859999999999994e-05,132.39779579997412,False,0.7,True
415,semantic_entropy,llama-3.1-8b-instant,1,69,5,3.85e-06,17.379076800018083,False,0.0,True
415,semantic_entropy,llama-3.1-8b-instant,3,207,27,1.251e-05,41.259709500009194,True,0.9999999999999998,True
415,semantic_entropy,llama-3.1-8b-instant,5,345,42,2.061e-05,71.87392260003253,True,0.6554587535412857,True
415,semantic_entropy,llama-3.1-8b-instant,10,690,67,3.9859999999999994e-05,132.39779579997412,False,0.34822537285722394,True
416,verbalized_confidence,llama-3.1-8b-instant,1,118,13,6.9400000000000005e-06,20.23091799998656,False,90.0,True
416,llm_judge,llama-3.1-8b-instant,1,157,7,8.41e-06,28.961860199982766,False,,True
416,self_consistency,llama-3.1-8b-instant,1,68,5,3.8000000000000005e-06,12.328295700019225,False,1.0,True
416,self_consistency,llama-3.1-8b-instant,3,204,15,1.1400000000000001e-05,37.88435980002396,False,1.0,True
416,self_consistency,llama-3.1-8b-instant,5,340,25,1.9e-05,63.425453600037144,False,1.0,True
416,self_consistency,llama-3.1-8b-instant,10,680,53,3.824e-05,125.6844196000311,False,0.9,True
416,semantic_entropy,llama-3.1-8b-instant,1,68,5,3.8000000000000005e-06,12.328295700019225,False,0.0,True
416,semantic_entropy,llama-3.1-8b-instant,3,204,15,1.1400000000000001e-05,37.88435980002396,False,-0.0,True
416,semantic_entropy,llama-3.1-8b-instant,5,340,25,1.9e-05,63.425453600037144,False,-0.0,True
416,semantic_entropy,llama-3.1-8b-instant,10,680,53,3.824e-05,125.6844196000311,False,-0.0,True
417,verbalized_confidence,llama-3.1-8b-instant,1,120,14,7.1200000000000004e-06,24.25844710000092,False,90.0,False
417,llm_judge,llama-3.1-8b-instant,1,163,9,8.870000000000001e-06,30.60763980000047,False,,False
417,self_consistency,llama-3.1-8b-instant,1,70,15,4.7e-06,16.3315596000175,False,1.0,False
417,self_consistency,llama-3.1-8b-instant,3,210,32,1.3059999999999999e-05,39.86676669999724,True,0.3333333333333333,False
417,self_consistency,llama-3.1-8b-instant,5,350,53,2.1739999999999995e-05,72.70473319996381,True,0.2,False
417,self_consistency,llama-3.1-8b-instant,10,700,106,4.347999999999999e-05,139.43925719999243,True,0.1,False
417,semantic_entropy,llama-3.1-8b-instant,1,70,15,4.7e-06,16.3315596000175,False,0.0,False
417,semantic_entropy,llama-3.1-8b-instant,3,210,32,1.3059999999999999e-05,39.86676669999724,False,0.5793801642856949,False
417,semantic_entropy,llama-3.1-8b-instant,5,350,53,2.1739999999999995e-05,72.70473319996381,False,-0.0,False
417,semantic_entropy,llama-3.1-8b-instant,10,700,106,4.347999999999999e-05,139.43925719999243,False,0.2775280104064451,False
418,verbalized_confidence,llama-3.1-8b-instant,1,145,13,8.289999999999999e-06,29.810824699990917,False,100.0,False
418,llm_judge,llama-3.1-8b-instant,1,211,7,1.111e-05,43.69120689999545,False,,False
418,self_consistency,llama-3.1-8b-instant,1,95,5,5.150000000000001e-06,22.280228200019337,False,1.0,False
418,self_consistency,llama-3.1-8b-instant,3,285,17,1.561e-05,56.888915800023824,False,0.6666666666666666,False
418,self_consistency,llama-3.1-8b-instant,5,475,27,2.591e-05,92.34381740001845,False,0.6,False
418,self_consistency,llama-3.1-8b-instant,10,950,53,5.1740000000000016e-05,174.17919960001018,False,0.7,False
418,semantic_entropy,llama-3.1-8b-instant,1,95,5,5.150000000000001e-06,22.280228200019337,False,0.0,False
418,semantic_entropy,llama-3.1-8b-instant,3,285,17,1.561e-05,56.888915800023824,False,-0.0,False
418,semantic_entropy,llama-3.1-8b-instant,5,475,27,2.591e-05,92.34381740001845,False,-0.0,False
418,semantic_entropy,llama-3.1-8b-instant,10,950,53,5.1740000000000016e-05,174.17919960001018,False,-0.0,False
419,verbalized_confidence,llama-3.1-8b-instant,1,124,19,7.72e-06,26.26598009999725,False,80.0,True
419,llm_judge,llama-3.1-8b-instant,1,187,25,1.1350000000000001e-05,34.6806677999848,False,,True
419,self_consistency,llama-3.1-8b-instant,1,74,20,5.300000000000001e-06,10.27835470001446,False,1.0,True
419,self_consistency,llama-3.1-8b-instant,3,222,63,1.614e-05,43.902495499991346,True,0.3333333333333333,True
419,self_consistency,llama-3.1-8b-instant,5,370,91,2.578e-05,76.46105859999079,True,0.2,True
419,self_consistency,llama-3.1-8b-instant,10,740,174,5.092000000000001e-05,154.99893980001798,True,0.1,True
419,semantic_entropy,llama-3.1-8b-instant,1,74,20,5.300000000000001e-06,10.27835470001446,False,0.0,True
419,semantic_entropy,llama-3.1-8b-instant,3,222,63,1.614e-05,43.902495499991346,False,-0.0,True
419,semantic_entropy,llama-3.1-8b-instant,5,370,91,2.578e-05,76.46105859999079,False,0.31091750708257115,True
419,semantic_entropy,llama-3.1-8b-instant,10,740,174,5.092000000000001e-05,154.99893980001798,False,-0.0,True
420,verbalized_confidence,llama-3.1-8b-instant,1,125,13,7.29e-06,22.304018700000597,False,100.0,False
420,llm_judge,llama-3.1-8b-instant,1,173,9,9.37e-06,30.768630900012795,False,,False
420,self_consistency,llama-3.1-8b-instant,1,75,6,4.23e-06,13.31947489999584,False,1.0,False
420,self_consistency,llama-3.1-8b-instant,3,225,20,1.285e-05,41.93548320000991,True,0.3333333333333333,False
420,self_consistency,llama-3.1-8b-instant,5,375,39,2.1870000000000002e-05,68.45558919999166,True,0.4,False
420,self_consistency,llama-3.1-8b-instant,10,750,86,4.438e-05,144.8887698999897,True,0.3,False
420,semantic_entropy,llama-3.1-8b-instant,1,75,6,4.23e-06,13.31947489999584,False,0.0,False
420,semantic_entropy,llama-3.1-8b-instant,3,225,20,1.285e-05,41.93548320000991,False,-0.0,False
420,semantic_entropy,llama-3.1-8b-instant,5,375,39,2.1870000000000002e-05,68.45558919999166,False,-0.0,False
420,semantic_entropy,llama-3.1-8b-instant,10,750,86,4.438e-05,144.8887698999897,False,-0.0,False
421,verbalized_confidence,llama-3.1-8b-instant,1,120,12,6.96e-06,20.213466799992602,False,90.0,True
421,llm_judge,llama-3.1-8b-instant,1,159,6,8.429999999999999e-06,28.58616149998852,False,,True
421,self_consistency,llama-3.1-8b-instant,1,70,11,4.3799999999999996e-06,13.280543500004569,False,1.0,False
421,self_consistency,llama-3.1-8b-instant,3,210,46,1.418e-05,39.94076729999506,True,0.3333333333333333,False
421,self_consistency,llama-3.1-8b-instant,5,350,54,2.182e-05,69.73093930000323,False,0.6,True
421,self_consistency,llama-3.1-8b-instant,10,700,74,4.092e-05,135.11451210000087,False,0.8,True
421,semantic_entropy,llama-3.1-8b-instant,1,70,11,4.3799999999999996e-06,13.280543500004569,False,0.0,False
421,semantic_entropy,llama-3.1-8b-instant,3,210,46,1.418e-05,39.94076729999506,False,0.5793801642856949,False
421,semantic_entropy,llama-3.1-8b-instant,5,350,54,2.182e-05,69.73093930000323,False,0.4181656600790517,False
421,semantic_entropy,llama-3.1-8b-instant,10,700,74,4.092e-05,135.11451210000087,False,0.21732201127364886,False
422,verbalized_confidence,llama-3.1-8b-instant,1,119,12,6.91e-06,21.294939599989448,False,90.0,False
422,llm_judge,llama-3.1-8b-instant,1,166,14,9.420000000000001e-06,31.629518200003076,False,,False
422,self_consistency,llama-3.1-8b-instant,1,69,10,4.25e-06,12.439748300006613,False,1.0,True
422,self_consistency,llama-3.1-8b-instant,3,207,38,1.339e-05,40.16390189997037,True,0.3333333333333333,True
422,self_consistency,llama-3.1-8b-instant,5,345,65,2.245e-05,68.90438419993734,True,0.2,True
422,self_consistency,llama-3.1-8b-instant,10,690,117,4.3860000000000004e-05,138.48370299994713,True,0.3,False
422,semantic_entropy,llama-3.1-8b-instant,1,69,10,4.25e-06,12.439748300006613,False,0.0,True
422,semantic_entropy,llama-3.1-8b-instant,3,207,38,1.339e-05,40.16390189997037,False,0.5793801642856949,True
422,semantic_entropy,llama-3.1-8b-instant,5,345,65,2.245e-05,68.90438419993734,False,0.31091750708257115,True
422,semantic_entropy,llama-3.1-8b-instant,10,690,117,4.3860000000000004e-05,138.48370299994713,False,0.2775280104064451,True
423,verbalized_confidence,llama-3.1-8b-instant,1,119,16,7.23e-06,21.342239999998128,False,80.0,False
423,llm_judge,llama-3.1-8b-instant,1,162,10,8.9e-06,29.783946299983654,False,,False
423,self_consistency,llama-3.1-8b-instant,1,69,9,4.17e-06,12.284425300022122,False,1.0,False
423,self_consistency,llama-3.1-8b-instant,3,207,24,1.227e-05,38.907635300041875,True,0.3333333333333333,False
423,self_consistency,llama-3.1-8b-instant,5,345,40,2.045e-05,66.53456190004363,False,0.6,False
423,self_consistency,llama-3.1-8b-instant,10,690,83,4.114e-05,134.0102396000584,False,0.5,False
423,semantic_entropy,llama-3.1-8b-instant,1,69,9,4.17e-06,12.284425300022122,False,0.0,False
423,semantic_entropy,llama-3.1-8b-instant,3,207,24,1.227e-05,38.907635300041875,False,-0.0,False
423,semantic_entropy,llama-3.1-8b-instant,5,345,40,2.045e-05,66.53456190004363,False,-0.0,False
423,semantic_entropy,llama-3.1-8b-instant,10,690,83,4.114e-05,134.0102396000584,False,-0.0,False
424,verbalized_confidence,llama-3.1-8b-instant,1,119,12,6.91e-06,20.290477300004568,False,100.0,False
424,llm_judge,llama-3.1-8b-instant,1,175,23,1.0590000000000002e-05,34.748339800018584,False,,False
424,self_consistency,llama-3.1-8b-instant,1,69,21,5.13e-06,12.329748600022867,False,1.0,False
424,self_consistency,llama-3.1-8b-instant,3,207,63,1.539e-05,42.1908099000284,True,0.3333333333333333,False
424,self_consistency,llama-3.1-8b-instant,5,345,96,2.493e-05,70.90906630002428,True,0.2,False
424,self_consistency,llama-3.1-8b-instant,10,690,188,4.9540000000000003e-05,149.59053780004615,True,0.1,False
424,semantic_entropy,llama-3.1-8b-instant,1,69,21,5.13e-06,12.329748600022867,False,0.0,False
424,semantic_entropy,llama-3.1-8b-instant,3,207,63,1.539e-05,42.1908099000284,False,0.5793801642856949,False
424,semantic_entropy,llama-3.1-8b-instant,5,345,96,2.493e-05,70.90906630002428,False,0.5904362833084089,False
424,semantic_entropy,llama-3.1-8b-instant,10,690,188,4.9540000000000003e-05,149.59053780004615,False,0.5073786214160918,False
425,verbalized_confidence,llama-3.1-8b-instant,1,124,12,7.16e-06,21.27133610000601,False,90.0,True
425,llm_judge,llama-3.1-8b-instant,1,173,11,9.53e-06,32.687828099995386,False,,False
425,self_consistency,llama-3.1-8b-instant,1,74,16,4.980000000000001e-06,12.40494320000289,False,1.0,False
425,self_consistency,llama-3.1-8b-instant,3,222,45,1.4700000000000002e-05,45.39217809998081,True,0.3333333333333333,False
425,self_consistency,llama-3.1-8b-instant,5,370,71,2.4180000000000002e-05,76.09810389997438,True,0.2,False
425,self_consistency,llama-3.1-8b-instant,10,740,134,4.7720000000000004e-05,148.8431432999787,True,0.1,False
425,semantic_entropy,llama-3.1-8b-instant,1,74,16,4.980000000000001e-06,12.40494320000289,False,0.0,False
425,semantic_entropy,llama-3.1-8b-instant,3,222,45,1.4700000000000002e-05,45.39217809998081,False,-0.0,False
425,semantic_entropy,llama-3.1-8b-instant,5,370,71,2.4180000000000002e-05,76.09810389997438,False,-0.0,False
425,semantic_entropy,llama-3.1-8b-instant,10,740,134,4.7720000000000004e-05,148.8431432999787,False,0.14118174150460758,False
426,verbalized_confidence,llama-3.1-8b-instant,1,122,12,7.06e-06,21.399490599986166,False,100.0,True
426,llm_judge,llama-3.1-8b-instant,1,170,12,9.460000000000001e-06,31.751825100014685,False,,False
426,self_consistency,llama-3.1-8b-instant,1,72,8,4.24e-06,13.259723700000905,False,1.0,True
426,self_consistency,llama-3.1-8b-instant,3,216,23,1.2640000000000001e-05,41.76664860002347,True,0.3333333333333333,True
426,self_consistency,llama-3.1-8b-instant,5,360,34,2.072e-05,68.44897130003665,True,0.2,True
426,self_consistency,llama-3.1-8b-instant,10,720,103,4.424e-05,140.15867230005097,True,0.2,False
426,semantic_entropy,llama-3.1-8b-instant,1,72,8,4.24e-06,13.259723700000905,False,0.0,True
426,semantic_entropy,llama-3.1-8b-instant,3,216,23,1.2640000000000001e-05,41.76664860002347,False,0.5793801642856949,True
426,semantic_entropy,llama-3.1-8b-instant,5,360,34,2.072e-05,68.44897130003665,False,0.4181656600790517,True
426,semantic_entropy,llama-3.1-8b-instant,10,720,103,4.424e-05,140.15867230005097,False,0.44717262228329563,True
427,verbalized_confidence,llama-3.1-8b-instant,1,126,14,7.420000000000001e-06,23.3814710000006,False,100.0,True
427,llm_judge,llama-3.1-8b-instant,1,190,24,1.142e-05,36.59083999998984,False,,False
427,self_consistency,llama-3.1-8b-instant,1,76,23,5.64e-06,13.355425199988531,False,1.0,False
427,self_consistency,llama-3.1-8b-instant,3,228,49,1.532e-05,48.14992419999908,True,0.3333333333333333,False
427,self_consistency,llama-3.1-8b-instant,5,380,100,2.7e-05,79.87802419997752,True,0.2,False
427,self_consistency,llama-3.1-8b-instant,10,760,158,5.0639999999999996e-05,156.4582389999996,True,0.3,False
427,semantic_entropy,llama-3.1-8b-instant,1,76,23,5.64e-06,13.355425199988531,False,0.0,False
427,semantic_entropy,llama-3.1-8b-instant,3,228,49,1.532e-05,48.14992419999908,False,0.5793801642856949,False
427,semantic_entropy,llama-3.1-8b-instant,5,380,100,2.7e-05,79.87802419997752,False,0.31091750708257115,False
427,semantic_entropy,llama-3.1-8b-instant,10,760,158,5.0639999999999996e-05,156.4582389999996,False,0.389972873353915,False
428,verbalized_confidence,llama-3.1-8b-instant,1,119,13,6.99e-06,21.442508899985114,False,95.0,False
428,llm_judge,llama-3.1-8b-instant,1,160,9,8.72e-06,29.696526199986693,False,,False
428,self_consistency,llama-3.1-8b-instant,1,69,8,4.09e-06,12.291493800003082,False,1.0,False
428,self_consistency,llama-3.1-8b-instant,3,207,22,1.2110000000000001e-05,39.813192000001436,False,0.6666666666666666,False
428,self_consistency,llama-3.1-8b-instant,5,345,37,2.021e-05,66.47865480001201,False,0.6,False
428,self_consistency,llama-3.1-8b-instant,10,690,77,4.0659999999999994e-05,133.10048920006375,False,0.5,False
428,semantic_entropy,llama-3.1-8b-instant,1,69,8,4.09e-06,12.291493800003082,False,0.0,False
428,semantic_entropy,llama-3.1-8b-instant,3,207,22,1.2110000000000001e-05,39.813192000001436,False,0.5793801642856949,False
428,semantic_entropy,llama-3.1-8b-instant,5,345,37,2.021e-05,66.47865480001201,False,0.4181656600790517,False
428,semantic_entropy,llama-3.1-8b-instant,10,690,77,4.0659999999999994e-05,133.10048920006375,False,0.29228525323862886,False
429,verbalized_confidence,llama-3.1-8b-instant,1,123,22,7.91e-06,21.251907300000312,False,90.0,False
429,llm_judge,llama-3.1-8b-instant,1,188,28,1.164e-05,37.59589810000034,False,,False
429,self_consistency,llama-3.1-8b-instant,1,73,32,6.210000000000001e-06,13.315953500015894,False,1.0,False
429,self_consistency,llama-3.1-8b-instant,3,219,140,2.215e-05,53.15847600001143,True,0.3333333333333333,False
429,self_consistency,llama-3.1-8b-instant,5,365,267,3.961e-05,94.10060750003322,True,0.2,False
429,self_consistency,llama-3.1-8b-instant,10,730,406,6.898000000000001e-05,185.14984129997902,True,0.1,False
429,semantic_entropy,llama-3.1-8b-instant,1,73,32,6.210000000000001e-06,13.315953500015894,False,0.0,False
429,semantic_entropy,llama-3.1-8b-instant,3,219,140,2.215e-05,53.15847600001143,True,0.9999999999999998,False
429,semantic_entropy,llama-3.1-8b-instant,5,365,267,3.961e-05,94.10060750003322,True,1.0000000000000002,False
429,semantic_entropy,llama-3.1-8b-instant,10,730,406,6.898000000000001e-05,185.14984129997902,True,0.7591760034688149,False
430,verbalized_confidence,llama-3.1-8b-instant,1,115,16,7.0300000000000005e-06,20.3808762000117,False,100.0,False
430,llm_judge,llama-3.1-8b-instant,1,154,10,8.5e-06,29.510388499998953,False,,False
430,self_consistency,llama-3.1-8b-instant,1,65,7,3.81e-06,15.344786600006046,False,1.0,False
430,self_consistency,llama-3.1-8b-instant,3,195,24,1.1670000000000002e-05,39.12160169999697,True,0.3333333333333333,False
430,self_consistency,llama-3.1-8b-instant,5,325,41,1.9530000000000004e-05,64.77621159999399,True,0.4,False
430,self_consistency,llama-3.1-8b-instant,10,650,81,3.898e-05,129.572720199998,True,0.4,False
430,semantic_entropy,llama-3.1-8b-instant,1,65,7,3.81e-06,15.344786600006046,False,0.0,False
430,semantic_entropy,llama-3.1-8b-instant,3,195,24,1.1670000000000002e-05,39.12160169999697,False,-0.0,False
430,semantic_entropy,llama-3.1-8b-instant,5,325,41,1.9530000000000004e-05,64.77621159999399,False,0.31091750708257115,False
430,semantic_entropy,llama-3.1-8b-instant,10,650,81,3.898e-05,129.572720199998,False,-0.0,False
431,verbalized_confidence,llama-3.1-8b-instant,1,129,12,7.41e-06,22.4452605000115,False,90.0,False
431,llm_judge,llama-3.1-8b-instant,1,178,7,9.460000000000001e-06,33.58523989998503,False,,False
431,self_consistency,llama-3.1-8b-instant,1,79,5,4.350000000000001e-06,12.551639499986777,False,1.0,False
431,self_consistency,llama-3.1-8b-instant,3,237,15,1.3050000000000002e-05,42.24411379999947,False,1.0,False
431,self_consistency,llama-3.1-8b-instant,5,395,25,2.1750000000000004e-05,71.92334879995906,False,1.0,False
431,self_consistency,llama-3.1-8b-instant,10,790,50,4.35e-05,145.37151719996473,False,1.0,False
431,semantic_entropy,llama-3.1-8b-instant,1,79,5,4.350000000000001e-06,12.551639499986777,False,0.0,False
431,semantic_entropy,llama-3.1-8b-instant,3,237,15,1.3050000000000002e-05,42.24411379999947,False,-0.0,False
431,semantic_entropy,llama-3.1-8b-instant,5,395,25,2.1750000000000004e-05,71.92334879995906,False,-0.0,False
431,semantic_entropy,llama-3.1-8b-instant,10,790,50,4.35e-05,145.37151719996473,False,-0.0,False
432,verbalized_confidence,llama-3.1-8b-instant,1,127,12,7.31e-06,22.31770030001644,False,100.0,False
432,llm_judge,llama-3.1-8b-instant,1,183,16,1.043e-05,38.686210699990625,False,,False
432,self_consistency,llama-3.1-8b-instant,1,76,14,4.92e-06,14.282152600004338,False,1.0,False
432,self_consistency,llama-3.1-8b-instant,3,228,59,1.612e-05,46.77539660001639,True,0.3333333333333333,False
432,self_consistency,llama-3.1-8b-instant,5,380,84,2.5720000000000004e-05,74.67845850004232,True,0.2,False
432,self_consistency,llama-3.1-8b-instant,10,760,136,4.8880000000000006e-05,155.34132020003744,True,0.1,False
432,semantic_entropy,llama-3.1-8b-instant,1,76,14,4.92e-06,14.282152600004338,False,0.0,False
432,semantic_entropy,llama-3.1-8b-instant,3,228,59,1.612e-05,46.77539660001639,False,0.5793801642856949,False
432,semantic_entropy,llama-3.1-8b-instant,5,380,84,2.5720000000000004e-05,74.67845850004232,True,0.8277293767706428,False
432,semantic_entropy,llama-3.1-8b-instant,10,760,136,4.8880000000000006e-05,155.34132020003744,True,0.8193820026016112,False
433,verbalized_confidence,llama-3.1-8b-instant,1,118,12,6.86e-06,21.335456100001466,True,0.0,False
433,llm_judge,llama-3.1-8b-instant,1,163,13,9.190000000000002e-06,31.674623800005065,False,,False
433,self_consistency,llama-3.1-8b-instant,1,68,14,4.520000000000001e-06,12.368997799989302,False,1.0,False
433,self_consistency,llama-3.1-8b-instant,3,204,38,1.3240000000000002e-05,41.14538289999473,True,0.3333333333333333,False
433,self_consistency,llama-3.1-8b-instant,5,340,62,2.196e-05,69.8034807999793,True,0.2,False
433,self_consistency,llama-3.1-8b-instant,10,680,124,4.392e-05,140.5819135000056,True,0.1,False
433,semantic_entropy,llama-3.1-8b-instant,1,68,14,4.520000000000001e-06,12.368997799989302,False,0.0,False
433,semantic_entropy,llama-3.1-8b-instant,3,204,38,1.3240000000000002e-05,41.14538289999473,True,0.9999999999999998,False
433,semantic_entropy,llama-3.1-8b-instant,5,340,62,2.196e-05,69.8034807999793,True,0.8277293767706428,False
433,semantic_entropy,llama-3.1-8b-instant,10,680,124,4.392e-05,140.5819135000056,False,0.5903089986991943,False
434,verbalized_confidence,llama-3.1-8b-instant,1,121,12,7.010000000000001e-06,21.313833899999736,False,80.0,False
434,llm_judge,llama-3.1-8b-instant,1,170,14,9.62e-06,33.65988120000111,False,,False
434,self_consistency,llama-3.1-8b-instant,1,71,10,4.350000000000001e-06,14.367617299983976,False,1.0,False
434,self_consistency,llama-3.1-8b-instant,3,213,38,1.3690000000000001e-05,41.05684609996388,True,0.3333333333333333,False
434,self_consistency,llama-3.1-8b-instant,5,355,71,2.343e-05,69.78184099995997,True,0.2,False
434,self_consistency,llama-3.1-8b-instant,10,710,142,4.686e-05,141.46814849996008,True,0.1,False
434,semantic_entropy,llama-3.1-8b-instant,1,71,10,4.350000000000001e-06,14.367617299983976,False,0.0,False
434,semantic_entropy,llama-3.1-8b-instant,3,213,38,1.3690000000000001e-05,41.05684609996388,False,-0.0,False
434,semantic_entropy,llama-3.1-8b-instant,5,355,71,2.343e-05,69.78184099995997,False,-0.0,False
434,semantic_entropy,llama-3.1-8b-instant,10,710,142,4.686e-05,141.46814849996008,False,-0.0,False
435,verbalized_confidence,llama-3.1-8b-instant,1,121,12,7.010000000000001e-06,26.789385599986417,False,80.0,True
435,llm_judge,llama-3.1-8b-instant,1,168,12,9.360000000000002e-06,31.541374599997653,False,,False
435,self_consistency,llama-3.1-8b-instant,1,71,13,4.59e-06,18.282772199978353,False,1.0,False
435,self_consistency,llama-3.1-8b-instant,3,213,36,1.3530000000000001e-05,42.00862879998749,True,0.3333333333333333,False
435,self_consistency,llama-3.1-8b-instant,5,355,55,2.2150000000000003e-05,76.54258179999306,True,0.2,False
435,self_consistency,llama-3.1-8b-instant,10,710,114,4.462e-05,148.27831489997334,True,0.1,False
435,semantic_entropy,llama-3.1-8b-instant,1,71,13,4.59e-06,18.282772199978353,False,0.0,False
435,semantic_entropy,llama-3.1-8b-instant,3,213,36,1.3530000000000001e-05,42.00862879998749,False,-0.0,False
435,semantic_entropy,llama-3.1-8b-instant,5,355,55,2.2150000000000003e-05,76.54258179999306,False,0.5904362833084089,False
435,semantic_entropy,llama-3.1-8b-instant,10,710,114,4.462e-05,148.27831489997334,True,0.7364516253185087,False
436,verbalized_confidence,llama-3.1-8b-instant,1,121,20,7.65e-06,27.521560199995292,False,80.0,False
436,llm_judge,llama-3.1-8b-instant,1,173,17,1.001e-05,32.66188100000727,False,,False
436,self_consistency,llama-3.1-8b-instant,1,71,13,4.59e-06,12.409520599991083,False,1.0,False
436,self_consistency,llama-3.1-8b-instant,3,213,46,1.4330000000000002e-05,49.0239339999971,True,0.3333333333333333,False
436,self_consistency,llama-3.1-8b-instant,5,355,73,2.3590000000000003e-05,71.94294519998948,True,0.2,False
436,self_consistency,llama-3.1-8b-instant,10,710,169,4.902000000000001e-05,156.87171400003717,True,0.1,False
436,semantic_entropy,llama-3.1-8b-instant,1,71,13,4.59e-06,12.409520599991083,False,0.0,False
436,semantic_entropy,llama-3.1-8b-instant,3,213,46,1.4330000000000002e-05,49.0239339999971,False,0.5793801642856949,False
436,semantic_entropy,llama-3.1-8b-instant,5,355,73,2.3590000000000003e-05,71.94294519998948,False,0.4181656600790517,False
436,semantic_entropy,llama-3.1-8b-instant,10,710,169,4.902000000000001e-05,156.87171400003717,False,0.40969100130080555,False
437,verbalized_confidence,llama-3.1-8b-instant,1,125,13,7.29e-06,20.52894980000565,False,90.0,True
437,llm_judge,llama-3.1-8b-instant,1,185,21,1.0929999999999999e-05,32.78913459999603,False,,True
437,self_consistency,llama-3.1-8b-instant,1,75,22,5.51e-06,13.538314700010233,False,1.0,True
437,self_consistency,llama-3.1-8b-instant,3,225,43,1.469e-05,44.30263490002835,True,0.3333333333333333,True
437,self_consistency,llama-3.1-8b-instant,5,375,74,2.467e-05,76.02439650002634,True,0.2,True
437,self_consistency,llama-3.1-8b-instant,10,750,139,4.8620000000000005e-05,152.7876089999918,True,0.1,True
437,semantic_entropy,llama-3.1-8b-instant,1,75,22,5.51e-06,13.538314700010233,False,0.0,True
437,semantic_entropy,llama-3.1-8b-instant,3,225,43,1.469e-05,44.30263490002835,False,0.5793801642856949,True
437,semantic_entropy,llama-3.1-8b-instant,5,375,74,2.467e-05,76.02439650002634,True,0.6554587535412857,True
437,semantic_entropy,llama-3.1-8b-instant,10,750,139,4.8620000000000005e-05,152.7876089999918,False,0.5301029995663981,True
438,verbalized_confidence,llama-3.1-8b-instant,1,123,12,7.1100000000000005e-06,22.32401049998589,False,90.0,True
438,llm_judge,llama-3.1-8b-instant,1,165,5,8.650000000000002e-06,29.717193999997107,False,,True
438,self_consistency,llama-3.1-8b-instant,1,73,3,3.890000000000001e-06,13.188255199987907,False,1.0,True
438,self_consistency,llama-3.1-8b-instant,3,219,9,1.1670000000000002e-05,40.09141870000167,False,1.0,True
438,self_consistency,llama-3.1-8b-instant,5,365,15,1.9450000000000005e-05,66.83290269997087,False,1.0,True
438,self_consistency,llama-3.1-8b-instant,10,730,31,3.898e-05,133.47776619999786,False,0.9,True
438,semantic_entropy,llama-3.1-8b-instant,1,73,3,3.890000000000001e-06,13.188255199987907,False,0.0,True
438,semantic_entropy,llama-3.1-8b-instant,3,219,9,1.1670000000000002e-05,40.09141870000167,False,-0.0,True
438,semantic_entropy,llama-3.1-8b-instant,5,365,15,1.9450000000000005e-05,66.83290269997087,False,-0.0,True
438,semantic_entropy,llama-3.1-8b-instant,10,730,31,3.898e-05,133.47776619999786,False,0.14118174150460758,True
439,verbalized_confidence,llama-3.1-8b-instant,1,119,13,6.99e-06,21.319446300010895,False,100.0,False
439,llm_judge,llama-3.1-8b-instant,1,178,27,1.106e-05,35.69734620000236,False,,False
439,self_consistency,llama-3.1-8b-instant,1,69,24,5.37e-06,12.328413999988697,False,1.0,False
439,self_consistency,llama-3.1-8b-instant,3,207,47,1.4110000000000002e-05,42.03949759999523,True,0.3333333333333333,False
439,self_consistency,llama-3.1-8b-instant,5,345,85,2.4050000000000005e-05,72.62327240000013,True,0.4,False
439,self_consistency,llama-3.1-8b-instant,10,690,226,5.258000000000001e-05,155.66847390000476,True,0.2,False
439,semantic_entropy,llama-3.1-8b-instant,1,69,24,5.37e-06,12.328413999988697,False,0.0,False
439,semantic_entropy,llama-3.1-8b-instant,3,207,47,1.4110000000000002e-05,42.03949759999523,False,0.5793801642856949,False
439,semantic_entropy,llama-3.1-8b-instant,5,345,85,2.4050000000000005e-05,72.62327240000013,False,0.31091750708257115,False
439,semantic_entropy,llama-3.1-8b-instant,10,690,226,5.258000000000001e-05,155.66847390000476,False,0.14118174150460758,False
440,verbalized_confidence,llama-3.1-8b-instant,1,115,12,6.71e-06,19.290903399989475,False,100.0,True
440,llm_judge,llama-3.1-8b-instant,1,155,11,8.63e-06,27.815974400000414,True,,True
440,self_consistency,llama-3.1-8b-instant,1,65,3,3.49e-06,12.442867299978388,False,1.0,True
440,self_consistency,llama-3.1-8b-instant,3,195,30,1.215e-05,38.021799899986945,True,0.3333333333333333,True
440,self_consistency,llama-3.1-8b-instant,5,325,50,2.025e-05,64.55143930000486,True,0.2,True
440,self_consistency,llama-3.1-8b-instant,10,650,127,4.266000000000001e-05,134.32463590000407,True,0.2,True
440,semantic_entropy,llama-3.1-8b-instant,1,65,3,3.49e-06,12.442867299978388,False,0.0,True
440,semantic_entropy,llama-3.1-8b-instant,3,195,30,1.215e-05,38.021799899986945,False,0.5793801642856949,True
440,semantic_entropy,llama-3.1-8b-instant,5,325,50,2.025e-05,64.55143930000486,False,0.5904362833084089,True
440,semantic_entropy,llama-3.1-8b-instant,10,650,127,4.266000000000001e-05,134.32463590000407,False,0.40843137199002016,True
441,verbalized_confidence,llama-3.1-8b-instant,1,122,13,7.14e-06,22.279076800012263,False,80.0,True
441,llm_judge,llama-3.1-8b-instant,1,165,7,8.81e-06,30.581032699992647,False,,False
441,self_consistency,llama-3.1-8b-instant,1,72,5,4e-06,13.360977100004675,False,1.0,False
441,self_consistency,llama-3.1-8b-instant,3,216,15,1.2e-05,40.97477590001654,False,1.0,False
441,self_consistency,llama-3.1-8b-instant,5,360,434,5.2720000000000003e-05,103.4809800000221,False,0.8,False
441,self_consistency,llama-3.1-8b-instant,10,720,459,7.272000000000001e-05,141.1097496000002,False,0.8,False
441,semantic_entropy,llama-3.1-8b-instant,1,72,5,4e-06,13.360977100004675,False,0.0,False
441,semantic_entropy,llama-3.1-8b-instant,3,216,15,1.2e-05,40.97477590001654,False,-0.0,False
441,semantic_entropy,llama-3.1-8b-instant,5,360,434,5.2720000000000003e-05,103.4809800000221,False,0.31091750708257115,False
441,semantic_entropy,llama-3.1-8b-instant,10,720,459,7.272000000000001e-05,141.1097496000002,False,0.14118174150460758,False
442,verbalized_confidence,llama-3.1-8b-instant,1,122,12,7.06e-06,49.2802745999943,False,100.0,False
442,llm_judge,llama-3.1-8b-instant,1,182,24,1.102e-05,56.50736349998624,False,,False
442,self_consistency,llama-3.1-8b-instant,1,72,19,5.12e-06,5.537946099997498,False,1.0,False
442,self_consistency,llama-3.1-8b-instant,3,216,57,1.5360000000000002e-05,38.08104930000263,True,0.3333333333333333,False
442,self_consistency,llama-3.1-8b-instant,5,360,92,2.536e-05,83.72281790000852,True,0.2,False
442,self_consistency,llama-3.1-8b-instant,10,720,172,4.976e-05,145.38758819998475,True,0.2,False
442,semantic_entropy,llama-3.1-8b-instant,1,72,19,5.12e-06,5.537946099997498,False,0.0,False
442,semantic_entropy,llama-3.1-8b-instant,3,216,57,1.5360000000000002e-05,38.08104930000263,False,-0.0,False
442,semantic_entropy,llama-3.1-8b-instant,5,360,92,2.536e-05,83.72281790000852,False,-0.0,False
442,semantic_entropy,llama-3.1-8b-instant,10,720,172,4.976e-05,145.38758819998475,False,0.14118174150460758,False
443,verbalized_confidence,llama-3.1-8b-instant,1,121,13,7.090000000000001e-06,0.16997799999080598,False,90.0,False
443,llm_judge,llama-3.1-8b-instant,1,169,13,9.490000000000002e-06,31.630941800016444,False,,False
443,self_consistency,llama-3.1-8b-instant,1,71,13,4.59e-06,12.365144800016424,False,1.0,False
443,self_consistency,llama-3.1-8b-instant,3,213,36,1.3530000000000001e-05,13.862975299998652,True,0.3333333333333333,False
443,self_consistency,llama-3.1-8b-instant,5,355,53,2.1990000000000005e-05,56.6938908000011,True,0.2,False
443,self_consistency,llama-3.1-8b-instant,10,710,101,4.3580000000000006e-05,139.43357989995275,True,0.2,False
443,semantic_entropy,llama-3.1-8b-instant,1,71,13,4.59e-06,12.365144800016424,False,0.0,False
443,semantic_entropy,llama-3.1-8b-instant,3,213,36,1.3530000000000001e-05,13.862975299998652,False,-0.0,False
443,semantic_entropy,llama-3.1-8b-instant,5,355,53,2.1990000000000005e-05,56.6938908000011,False,0.31091750708257115,False
443,semantic_entropy,llama-3.1-8b-instant,10,710,101,4.3580000000000006e-05,139.43357989995275,False,0.14118174150460758,False
444,verbalized_confidence,llama-3.1-8b-instant,1,117,12,6.810000000000001e-06,44.18068399999174,False,100.0,False
444,llm_judge,llama-3.1-8b-instant,1,180,32,1.1560000000000001e-05,55.85664600000018,False,,False
444,self_consistency,llama-3.1-8b-instant,1,67,17,4.71e-06,0.2117092000262346,False,1.0,True
444,self_consistency,llama-3.1-8b-instant,3,201,39,1.3170000000000001e-05,39.937208800023654,True,0.3333333333333333,True
444,self_consistency,llama-3.1-8b-instant,5,335,57,2.131e-05,67.58364060000167,True,0.2,True
444,self_consistency,llama-3.1-8b-instant,10,670,113,4.254e-05,104.34902590003912,True,0.2,False
444,semantic_entropy,llama-3.1-8b-instant,1,67,17,4.71e-06,0.2117092000262346,False,0.0,True
444,semantic_entropy,llama-3.1-8b-instant,3,201,39,1.3170000000000001e-05,39.937208800023654,True,0.9999999999999998,True
444,semantic_entropy,llama-3.1-8b-instant,5,335,57,2.131e-05,67.58364060000167,True,0.8277293767706428,True
444,semantic_entropy,llama-3.1-8b-instant,10,670,113,4.254e-05,104.34902590003912,True,0.8193820026016111,True
445,verbalized_confidence,llama-3.1-8b-instant,1,122,16,7.3800000000000005e-06,20.44581480001216,False,80.0,False
445,llm_judge,llama-3.1-8b-instant,1,178,20,1.0500000000000001e-05,34.55741819998366,False,,False
445,self_consistency,llama-3.1-8b-instant,1,72,25,5.6e-06,13.287976899999194,False,1.0,False
445,self_consistency,llama-3.1-8b-instant,3,216,55,1.5199999999999998e-05,43.80700259999139,False,0.6666666666666666,False
445,self_consistency,llama-3.1-8b-instant,5,360,92,2.5359999999999998e-05,76.35397179998108,True,0.4,False
445,self_consistency,llama-3.1-8b-instant,10,720,201,5.208e-05,157.02698449997115,True,0.2,False
445,semantic_entropy,llama-3.1-8b-instant,1,72,25,5.6e-06,13.287976899999194,False,0.0,False
445,semantic_entropy,llama-3.1-8b-instant,3,216,55,1.5199999999999998e-05,43.80700259999139,False,-0.0,False
445,semantic_entropy,llama-3.1-8b-instant,5,360,92,2.5359999999999998e-05,76.35397179998108,False,-0.0,False
445,semantic_entropy,llama-3.1-8b-instant,10,720,201,5.208e-05,157.02698449997115,False,-0.0,False
446,verbalized_confidence,llama-3.1-8b-instant,1,118,13,6.9400000000000005e-06,21.489386800007196,False,90.0,True
446,llm_judge,llama-3.1-8b-instant,1,156,8,8.44e-06,29.66751159998239,False,,True
446,self_consistency,llama-3.1-8b-instant,1,68,12,4.360000000000001e-06,15.36213319998933,False,1.0,False
446,self_consistency,llama-3.1-8b-instant,3,204,35,1.3000000000000001e-05,42.15270929998951,True,0.3333333333333333,False
446,self_consistency,llama-3.1-8b-instant,5,340,84,2.3720000000000003e-05,73.78459709999152,True,0.2,False
446,self_consistency,llama-3.1-8b-instant,10,680,130,4.44e-05,143.5625678000506,True,0.3,True
446,semantic_entropy,llama-3.1-8b-instant,1,68,12,4.360000000000001e-06,15.36213319998933,False,0.0,False
446,semantic_entropy,llama-3.1-8b-instant,3,204,35,1.3000000000000001e-05,42.15270929998951,True,0.9999999999999998,False
446,semantic_entropy,llama-3.1-8b-instant,5,340,84,2.3720000000000003e-05,73.78459709999152,True,0.6554587535412857,False
446,semantic_entropy,llama-3.1-8b-instant,10,680,130,4.44e-05,143.5625678000506,False,0.44717262228329563,False
447,verbalized_confidence,llama-3.1-8b-instant,1,120,12,6.96e-06,20.24912999998196,False,100.0,False
447,llm_judge,llama-3.1-8b-instant,1,159,5,8.35e-06,29.233489299978828,True,,False
447,self_consistency,llama-3.1-8b-instant,1,70,3,3.74e-06,13.400672799994936,False,1.0,False
447,self_consistency,llama-3.1-8b-instant,3,210,9,1.1220000000000001e-05,40.08666199995787,False,1.0,False
447,self_consistency,llama-3.1-8b-instant,5,350,19,1.902e-05,65.96512789995177,False,0.8,False
447,self_consistency,llama-3.1-8b-instant,10,700,60,3.9800000000000005e-05,133.4765756999259,False,0.5,False
447,semantic_entropy,llama-3.1-8b-instant,1,70,3,3.74e-06,13.400672799994936,False,0.0,False
447,semantic_entropy,llama-3.1-8b-instant,3,210,9,1.1220000000000001e-05,40.08666199995787,False,-0.0,False
447,semantic_entropy,llama-3.1-8b-instant,5,350,19,1.902e-05,65.96512789995177,False,0.31091750708257115,False
447,semantic_entropy,llama-3.1-8b-instant,10,700,60,3.9800000000000005e-05,133.4765756999259,False,0.5301029995663981,False
448,verbalized_confidence,llama-3.1-8b-instant,1,121,15,7.250000000000001e-06,22.28389109999989,False,100.0,False
448,llm_judge,llama-3.1-8b-instant,1,167,11,9.230000000000001e-06,30.595429999986663,False,,False
448,self_consistency,llama-3.1-8b-instant,1,71,10,4.350000000000001e-06,13.343009300006088,False,1.0,False
448,self_consistency,llama-3.1-8b-instant,3,213,33,1.3290000000000002e-05,42.12613250000868,True,0.3333333333333333,False
448,self_consistency,llama-3.1-8b-instant,5,355,67,2.3110000000000004e-05,73.79184960000566,True,0.4,False
448,self_consistency,llama-3.1-8b-instant,10,710,123,4.5339999999999996e-05,144.47174700000323,True,0.2,False
448,semantic_entropy,llama-3.1-8b-instant,1,71,10,4.350000000000001e-06,13.343009300006088,False,0.0,False
448,semantic_entropy,llama-3.1-8b-instant,3,213,33,1.3290000000000002e-05,42.12613250000868,False,0.5793801642856949,False
448,semantic_entropy,llama-3.1-8b-instant,5,355,67,2.3110000000000004e-05,73.79184960000566,False,0.5904362833084089,False
448,semantic_entropy,llama-3.1-8b-instant,10,710,123,4.5339999999999996e-05,144.47174700000323,False,0.34822537285722394,False
449,verbalized_confidence,llama-3.1-8b-instant,1,118,12,6.86e-06,21.00751450000098,False,90.0,True
449,llm_judge,llama-3.1-8b-instant,1,157,7,8.41e-06,27.6948675000167,True,,False
449,self_consistency,llama-3.1-8b-instant,1,68,19,4.92e-06,13.379050000017742,False,1.0,False
449,self_consistency,llama-3.1-8b-instant,3,204,49,1.412e-05,42.062281400023494,True,0.3333333333333333,False
449,self_consistency,llama-3.1-8b-instant,5,340,77,2.3160000000000002e-05,72.71055520002847,True,0.2,False
449,self_consistency,llama-3.1-8b-instant,10,680,129,4.4319999999999996e-05,142.30871390004177,True,0.1,False
449,semantic_entropy,llama-3.1-8b-instant,1,68,19,4.92e-06,13.379050000017742,False,0.0,False
449,semantic_entropy,llama-3.1-8b-instant,3,204,49,1.412e-05,42.062281400023494,False,-0.0,False
449,semantic_entropy,llama-3.1-8b-instant,5,340,77,2.3160000000000002e-05,72.71055520002847,False,0.31091750708257115,False
449,semantic_entropy,llama-3.1-8b-instant,10,680,129,4.4319999999999996e-05,142.30871390004177,False,0.40843137199002016,False
450,verbalized_confidence,llama-3.1-8b-instant,1,123,30,8.550000000000001e-06,24.513589599984698,False,90.0,False
450,llm_judge,llama-3.1-8b-instant,1,175,16,1.003e-05,33.74412840002333,False,,False
450,self_consistency,llama-3.1-8b-instant,1,73,14,4.77e-06,11.262292300001718,False,1.0,False
450,self_consistency,llama-3.1-8b-instant,3,219,41,1.4230000000000001e-05,41.07038759998977,False,1.0,False
450,self_consistency,llama-3.1-8b-instant,5,365,109,2.6970000000000004e-05,76.92113099998096,False,0.6,False
450,self_consistency,llama-3.1-8b-instant,10,730,220,5.410000000000001e-05,162.77909589998308,False,0.5,False
450,semantic_entropy,llama-3.1-8b-instant,1,73,14,4.77e-06,11.262292300001718,False,0.0,False
450,semantic_entropy,llama-3.1-8b-instant,3,219,41,1.4230000000000001e-05,41.07038759998977,False,-0.0,False
450,semantic_entropy,llama-3.1-8b-instant,5,365,109,2.6970000000000004e-05,76.92113099998096,False,-0.0,False
450,semantic_entropy,llama-3.1-8b-instant,10,730,220,5.410000000000001e-05,162.77909589998308,False,0.21732201127364886,False
451,verbalized_confidence,llama-3.1-8b-instant,1,120,12,6.96e-06,23.25705879999441,False,100.0,True
451,llm_judge,llama-3.1-8b-instant,1,170,16,9.78e-06,32.52516109999851,False,,False
451,self_consistency,llama-3.1-8b-instant,1,70,11,4.3799999999999996e-06,12.240372300002491,False,1.0,True
451,self_consistency,llama-3.1-8b-instant,3,210,33,1.3139999999999998e-05,42.7672717999958,True,0.3333333333333333,True
451,self_consistency,llama-3.1-8b-instant,5,350,68,2.2939999999999997e-05,70.38562790001743,True,0.2,True
451,self_consistency,llama-3.1-8b-instant,10,700,162,4.7959999999999995e-05,147.96774400002323,True,0.1,True
451,semantic_entropy,llama-3.1-8b-instant,1,70,11,4.3799999999999996e-06,12.240372300002491,False,0.0,True
451,semantic_entropy,llama-3.1-8b-instant,3,210,33,1.3139999999999998e-05,42.7672717999958,False,0.5793801642856949,True
451,semantic_entropy,llama-3.1-8b-instant,5,350,68,2.2939999999999997e-05,70.38562790001743,False,0.31091750708257115,True
451,semantic_entropy,llama-3.1-8b-instant,10,700,162,4.7959999999999995e-05,147.96774400002323,False,0.55583362792012,True
452,verbalized_confidence,llama-3.1-8b-instant,1,127,12,7.31e-06,23.32273799998802,False,100.0,True
452,llm_judge,llama-3.1-8b-instant,1,179,12,9.910000000000002e-06,33.56140009997762,False,,False
452,self_consistency,llama-3.1-8b-instant,1,77,9,4.57e-06,13.401753899990581,False,1.0,False
452,self_consistency,llama-3.1-8b-instant,3,231,28,1.3790000000000002e-05,47.66651019998244,True,0.3333333333333333,False
452,self_consistency,llama-3.1-8b-instant,5,385,60,2.4050000000000002e-05,73.95327180001186,True,0.2,False
452,self_consistency,llama-3.1-8b-instant,10,770,107,4.706e-05,151.8658760000253,True,0.2,False
452,semantic_entropy,llama-3.1-8b-instant,1,77,9,4.57e-06,13.401753899990581,False,0.0,False
452,semantic_entropy,llama-3.1-8b-instant,3,231,28,1.3790000000000002e-05,47.66651019998244,False,-0.0,False
452,semantic_entropy,llama-3.1-8b-instant,5,385,60,2.4050000000000002e-05,73.95327180001186,False,0.31091750708257115,False
452,semantic_entropy,llama-3.1-8b-instant,10,770,107,4.706e-05,151.8658760000253,False,0.14118174150460758,False
453,verbalized_confidence,llama-3.1-8b-instant,1,119,15,7.15e-06,18.296884800016414,False,95.0,False
453,llm_judge,llama-3.1-8b-instant,1,178,26,1.098e-05,35.952103399991756,False,,False
453,self_consistency,llama-3.1-8b-instant,1,69,36,6.33e-06,12.291830300004221,False,1.0,False
453,self_consistency,llama-3.1-8b-instant,3,207,87,1.7310000000000002e-05,47.09975609998219,True,0.3333333333333333,False
453,self_consistency,llama-3.1-8b-instant,5,345,168,3.0690000000000006e-05,82.13121120000142,True,0.2,False
453,self_consistency,llama-3.1-8b-instant,10,690,313,5.954e-05,168.5654226000188,True,0.1,False
453,semantic_entropy,llama-3.1-8b-instant,1,69,36,6.33e-06,12.291830300004221,False,0.0,False
453,semantic_entropy,llama-3.1-8b-instant,3,207,87,1.7310000000000002e-05,47.09975609998219,False,0.5793801642856949,False
453,semantic_entropy,llama-3.1-8b-instant,5,345,168,3.0690000000000006e-05,82.13121120000142,False,0.5904362833084089,False
453,semantic_entropy,llama-3.1-8b-instant,10,690,313,5.954e-05,168.5654226000188,False,0.5331092497698138,False
454,verbalized_confidence,llama-3.1-8b-instant,1,122,16,7.3800000000000005e-06,21.479224500013515,False,80.0,True
454,llm_judge,llama-3.1-8b-instant,1,167,9,9.07e-06,30.763604200008558,False,,True
454,self_consistency,llama-3.1-8b-instant,1,72,7,4.16e-06,13.584302200004458,False,1.0,True
454,self_consistency,llama-3.1-8b-instant,3,216,28,1.304e-05,41.17432620000909,False,0.6666666666666666,True
454,self_consistency,llama-3.1-8b-instant,5,360,57,2.256e-05,70.90921070001787,False,0.6,True
454,self_consistency,llama-3.1-8b-instant,10,720,113,4.504000000000001e-05,142.8980750000337,False,0.5,True
454,semantic_entropy,llama-3.1-8b-instant,1,72,7,4.16e-06,13.584302200004458,False,0.0,True
454,semantic_entropy,llama-3.1-8b-instant,3,216,28,1.304e-05,41.17432620000909,False,-0.0,True
454,semantic_entropy,llama-3.1-8b-instant,5,360,57,2.256e-05,70.90921070001787,False,-0.0,True
454,semantic_entropy,llama-3.1-8b-instant,10,720,113,4.504000000000001e-05,142.8980750000337,False,0.34822537285722394,True
455,verbalized_confidence,llama-3.1-8b-instant,1,124,12,7.16e-06,24.288421799981734,False,80.0,True
455,llm_judge,llama-3.1-8b-instant,1,178,16,1.018e-05,35.53244629999972,False,,False
455,self_consistency,llama-3.1-8b-instant,1,74,14,4.8200000000000004e-06,13.412109700002475,False,1.0,False
455,self_consistency,llama-3.1-8b-instant,3,222,55,1.55e-05,45.362820799986366,True,0.3333333333333333,False
455,self_consistency,llama-3.1-8b-instant,5,370,84,2.5220000000000002e-05,78.14441579999402,True,0.2,False
455,self_consistency,llama-3.1-8b-instant,10,740,147,4.876e-05,151.90105240000412,True,0.1,False
455,semantic_entropy,llama-3.1-8b-instant,1,74,14,4.8200000000000004e-06,13.412109700002475,False,0.0,False
455,semantic_entropy,llama-3.1-8b-instant,3,222,55,1.55e-05,45.362820799986366,True,0.9999999999999998,False
455,semantic_entropy,llama-3.1-8b-instant,5,370,84,2.5220000000000002e-05,78.14441579999402,True,1.0000000000000002,False
455,semantic_entropy,llama-3.1-8b-instant,10,740,147,4.876e-05,151.90105240000412,True,0.856863623584101,False
456,verbalized_confidence,llama-3.1-8b-instant,1,139,12,7.91e-06,27.399292100017192,False,100.0,False
456,llm_judge,llama-3.1-8b-instant,1,197,6,1.0330000000000001e-05,37.711497699987376,False,,False
456,self_consistency,llama-3.1-8b-instant,1,89,4,4.77e-06,12.445970200002193,False,1.0,False
456,self_consistency,llama-3.1-8b-instant,3,267,12,1.431e-05,44.39889099998982,False,1.0,False
456,self_consistency,llama-3.1-8b-instant,5,445,20,2.385e-05,75.2010627000127,False,1.0,False
456,self_consistency,llama-3.1-8b-instant,10,890,40,4.7699999999999994e-05,158.45800440001767,False,1.0,False
456,semantic_entropy,llama-3.1-8b-instant,1,89,4,4.77e-06,12.445970200002193,False,0.0,False
456,semantic_entropy,llama-3.1-8b-instant,3,267,12,1.431e-05,44.39889099998982,False,-0.0,False
456,semantic_entropy,llama-3.1-8b-instant,5,445,20,2.385e-05,75.2010627000127,False,-0.0,False
456,semantic_entropy,llama-3.1-8b-instant,10,890,40,4.7699999999999994e-05,158.45800440001767,False,-0.0,False
457,verbalized_confidence,llama-3.1-8b-instant,1,134,20,8.3e-06,23.287575900001684,False,100.0,True
457,llm_judge,llama-3.1-8b-instant,1,195,13,1.0790000000000002e-05,37.181136300001526,False,,True
457,self_consistency,llama-3.1-8b-instant,1,84,15,5.4e-06,15.42803750000894,False,1.0,True
457,self_consistency,llama-3.1-8b-instant,3,252,40,1.5799999999999998e-05,49.33206379998592,False,0.6666666666666666,True
457,self_consistency,llama-3.1-8b-instant,5,420,63,2.6039999999999995e-05,83.16212899997481,True,0.4,True
457,self_consistency,llama-3.1-8b-instant,10,840,116,5.128e-05,165.7114303999988,True,0.4,True
457,semantic_entropy,llama-3.1-8b-instant,1,84,15,5.4e-06,15.42803750000894,False,0.0,True
457,semantic_entropy,llama-3.1-8b-instant,3,252,40,1.5799999999999998e-05,49.33206379998592,False,-0.0,True
457,semantic_entropy,llama-3.1-8b-instant,5,420,63,2.6039999999999995e-05,83.16212899997481,False,-0.0,True
457,semantic_entropy,llama-3.1-8b-instant,10,840,116,5.128e-05,165.7114303999988,False,-0.0,True
458,verbalized_confidence,llama-3.1-8b-instant,1,116,26,7.88e-06,20.408027700003004,False,90.0,True
458,llm_judge,llama-3.1-8b-instant,1,165,19,9.77e-06,32.95930469999439,False,,True
458,self_consistency,llama-3.1-8b-instant,1,66,20,4.9000000000000005e-06,9.424941600009333,False,1.0,True
458,self_consistency,llama-3.1-8b-instant,3,198,74,1.582e-05,42.248345700034406,True,0.3333333333333333,True
458,self_consistency,llama-3.1-8b-instant,5,330,104,2.482e-05,71.04103990001022,True,0.2,True
458,self_consistency,llama-3.1-8b-instant,10,660,210,4.9800000000000004e-05,149.09100769998622,True,0.2,True
458,semantic_entropy,llama-3.1-8b-instant,1,66,20,4.9000000000000005e-06,9.424941600009333,False,0.0,True
458,semantic_entropy,llama-3.1-8b-instant,3,198,74,1.582e-05,42.248345700034406,False,-0.0,True
458,semantic_entropy,llama-3.1-8b-instant,5,330,104,2.482e-05,71.04103990001022,False,0.4181656600790517,True
458,semantic_entropy,llama-3.1-8b-instant,10,660,210,4.9800000000000004e-05,149.09100769998622,False,0.34822537285722394,True
459,verbalized_confidence,llama-3.1-8b-instant,1,121,18,7.49e-06,21.64081549999537,False,90.0,False
459,llm_judge,llama-3.1-8b-instant,1,182,26,1.1180000000000001e-05,35.486380900023505,False,,False
459,self_consistency,llama-3.1-8b-instant,1,71,14,4.67e-06,13.381705599982524,False,1.0,False
459,self_consistency,llama-3.1-8b-instant,3,213,54,1.4970000000000002e-05,46.25384509997093,True,0.3333333333333333,False
459,self_consistency,llama-3.1-8b-instant,5,355,79,2.407e-05,75.85126199995284,True,0.2,False
459,self_consistency,llama-3.1-8b-instant,10,710,152,4.766e-05,149.76672399995732,True,0.1,False
459,semantic_entropy,llama-3.1-8b-instant,1,71,14,4.67e-06,13.381705599982524,False,0.0,False
459,semantic_entropy,llama-3.1-8b-instant,3,213,54,1.4970000000000002e-05,46.25384509997093,False,0.5793801642856949,False
459,semantic_entropy,llama-3.1-8b-instant,5,355,79,2.407e-05,75.85126199995284,True,0.6554587535412857,False
459,semantic_entropy,llama-3.1-8b-instant,10,710,152,4.766e-05,149.76672399995732,False,0.40969100130080555,False
460,verbalized_confidence,llama-3.1-8b-instant,1,123,12,7.1100000000000005e-06,21.403069699998014,True,60.0,False
460,llm_judge,llama-3.1-8b-instant,1,179,19,1.0470000000000001e-05,33.98635479999939,False,,False
460,self_consistency,llama-3.1-8b-instant,1,73,8,4.2900000000000004e-06,13.280257499980507,False,1.0,False
460,self_consistency,llama-3.1-8b-instant,3,219,34,1.3670000000000001e-05,42.900059799983865,True,0.3333333333333333,False
460,self_consistency,llama-3.1-8b-instant,5,365,65,2.345e-05,72.72752359995502,True,0.2,False
460,self_consistency,llama-3.1-8b-instant,10,730,130,4.69e-05,146.15047920003417,True,0.1,False
460,semantic_entropy,llama-3.1-8b-instant,1,73,8,4.2900000000000004e-06,13.280257499980507,False,0.0,False
460,semantic_entropy,llama-3.1-8b-instant,3,219,34,1.3670000000000001e-05,42.900059799983865,True,0.9999999999999998,False
460,semantic_entropy,llama-3.1-8b-instant,5,365,65,2.345e-05,72.72752359995502,True,0.8277293767706428,False
460,semantic_entropy,llama-3.1-8b-instant,10,730,130,4.69e-05,146.15047920003417,False,0.5705908707523037,False
461,verbalized_confidence,llama-3.1-8b-instant,1,133,13,7.690000000000001e-06,22.279495199996745,False,100.0,False
461,llm_judge,llama-3.1-8b-instant,1,201,21,1.1730000000000001e-05,39.936882000009064,True,,True
461,self_consistency,llama-3.1-8b-instant,1,83,8,4.79e-06,16.412990100012394,False,1.0,True
461,self_consistency,llama-3.1-8b-instant,3,249,41,1.573e-05,47.217636399989715,True,0.3333333333333333,True
461,self_consistency,llama-3.1-8b-instant,5,415,66,2.603e-05,82.9945978000178,True,0.2,True
461,self_consistency,llama-3.1-8b-instant,10,830,153,5.374e-05,171.8633097000129,True,0.1,True
461,semantic_entropy,llama-3.1-8b-instant,1,83,8,4.79e-06,16.412990100012394,False,0.0,True
461,semantic_entropy,llama-3.1-8b-instant,3,249,41,1.573e-05,47.217636399989715,True,0.9999999999999998,True
461,semantic_entropy,llama-3.1-8b-instant,5,415,66,2.603e-05,82.9945978000178,True,1.0000000000000002,True
461,semantic_entropy,llama-3.1-8b-instant,10,830,153,5.374e-05,171.8633097000129,True,0.8795880017344073,True
462,verbalized_confidence,llama-3.1-8b-instant,1,118,23,7.74e-06,21.466616100020474,False,100.0,False
462,llm_judge,llama-3.1-8b-instant,1,178,28,1.114e-05,35.67880039999727,False,,False
462,self_consistency,llama-3.1-8b-instant,1,68,14,4.520000000000001e-06,13.383502600016072,False,1.0,False
462,self_consistency,llama-3.1-8b-instant,3,204,40,1.3400000000000004e-05,40.92310199997155,True,0.3333333333333333,False
462,self_consistency,llama-3.1-8b-instant,5,340,72,2.2760000000000006e-05,69.69079859997146,True,0.2,False
462,self_consistency,llama-3.1-8b-instant,10,680,177,4.8160000000000006e-05,147.66313919995446,True,0.1,False
462,semantic_entropy,llama-3.1-8b-instant,1,68,14,4.520000000000001e-06,13.383502600016072,False,0.0,False
462,semantic_entropy,llama-3.1-8b-instant,3,204,40,1.3400000000000004e-05,40.92310199997155,False,-0.0,False
462,semantic_entropy,llama-3.1-8b-instant,5,340,72,2.2760000000000006e-05,69.69079859997146,False,-0.0,False
462,semantic_entropy,llama-3.1-8b-instant,10,680,177,4.8160000000000006e-05,147.66313919995446,False,-0.0,False
463,verbalized_confidence,llama-3.1-8b-instant,1,115,18,7.19e-06,22.395913899992593,False,100.0,False
463,llm_judge,llama-3.1-8b-instant,1,167,23,1.0189999999999999e-05,33.7416359000199,False,,False
463,self_consistency,llama-3.1-8b-instant,1,65,17,4.61e-06,12.36186699999962,False,1.0,False
463,self_consistency,llama-3.1-8b-instant,3,195,54,1.4069999999999999e-05,40.91022029999294,False,0.6666666666666666,False
463,self_consistency,llama-3.1-8b-instant,5,325,96,2.393e-05,70.55173169999034,True,0.4,False
463,self_consistency,llama-3.1-8b-instant,10,650,198,4.8339999999999995e-05,146.52203169997665,True,0.2,False
463,semantic_entropy,llama-3.1-8b-instant,1,65,17,4.61e-06,12.36186699999962,False,0.0,False
463,semantic_entropy,llama-3.1-8b-instant,3,195,54,1.4069999999999999e-05,40.91022029999294,False,-0.0,False
463,semantic_entropy,llama-3.1-8b-instant,5,325,96,2.393e-05,70.55173169999034,False,0.5904362833084089,False
463,semantic_entropy,llama-3.1-8b-instant,10,650,198,4.8339999999999995e-05,146.52203169997665,False,0.34822537285722394,False
464,verbalized_confidence,llama-3.1-8b-instant,1,118,12,6.86e-06,20.33545129999402,False,90.0,False
464,llm_judge,llama-3.1-8b-instant,1,165,15,9.450000000000001e-06,31.798139699996682,True,,True
464,self_consistency,llama-3.1-8b-instant,1,68,9,4.12e-06,12.539509199996246,False,1.0,False
464,self_consistency,llama-3.1-8b-instant,3,204,34,1.2920000000000002e-05,39.37963360003778,True,0.3333333333333333,False
464,self_consistency,llama-3.1-8b-instant,5,340,57,2.1560000000000004e-05,67.97542790000443,True,0.2,False
464,self_consistency,llama-3.1-8b-instant,10,680,93,4.144000000000001e-05,132.48386279999977,True,0.2,False
464,semantic_entropy,llama-3.1-8b-instant,1,68,9,4.12e-06,12.539509199996246,False,0.0,False
464,semantic_entropy,llama-3.1-8b-instant,3,204,34,1.2920000000000002e-05,39.37963360003778,True,0.9999999999999998,False
464,semantic_entropy,llama-3.1-8b-instant,5,340,57,2.1560000000000004e-05,67.97542790000443,False,0.5904362833084089,False
464,semantic_entropy,llama-3.1-8b-instant,10,680,93,4.144000000000001e-05,132.48386279999977,True,0.6535212480354062,False
465,verbalized_confidence,llama-3.1-8b-instant,1,125,16,7.53e-06,21.315986500005238,False,80.0,True
465,llm_judge,llama-3.1-8b-instant,1,174,11,9.58e-06,32.554750800016336,True,,True
465,self_consistency,llama-3.1-8b-instant,1,75,24,5.67e-06,14.437580400001025,False,1.0,True
465,self_consistency,llama-3.1-8b-instant,3,225,65,1.645e-05,45.066990099992836,True,0.3333333333333333,True
465,self_consistency,llama-3.1-8b-instant,5,375,83,2.539e-05,78.60104299997329,False,0.6,True
465,self_consistency,llama-3.1-8b-instant,10,750,311,6.238e-05,165.74257719999878,True,0.3,True
465,semantic_entropy,llama-3.1-8b-instant,1,75,24,5.67e-06,14.437580400001025,False,0.0,True
465,semantic_entropy,llama-3.1-8b-instant,3,225,65,1.645e-05,45.066990099992836,False,-0.0,True
465,semantic_entropy,llama-3.1-8b-instant,5,375,83,2.539e-05,78.60104299997329,False,-0.0,True
465,semantic_entropy,llama-3.1-8b-instant,10,750,311,6.238e-05,165.74257719999878,False,0.29228525323862886,True
466,verbalized_confidence,llama-3.1-8b-instant,1,143,12,8.109999999999999e-06,25.25870579999173,False,100.0,False
466,llm_judge,llama-3.1-8b-instant,1,204,6,1.0680000000000003e-05,33.66337990001193,False,,False
466,self_consistency,llama-3.1-8b-instant,1,92,4,4.920000000000001e-06,16.51516049998463,False,1.0,False
466,self_consistency,llama-3.1-8b-instant,3,276,12,1.4760000000000004e-05,50.05965879998985,False,1.0,False
466,self_consistency,llama-3.1-8b-instant,5,460,20,2.4600000000000005e-05,80.66513239999767,False,1.0,False
466,self_consistency,llama-3.1-8b-instant,10,920,40,4.920000000000001e-05,167.42814099998213,False,1.0,False
466,semantic_entropy,llama-3.1-8b-instant,1,92,4,4.920000000000001e-06,16.51516049998463,False,0.0,False
466,semantic_entropy,llama-3.1-8b-instant,3,276,12,1.4760000000000004e-05,50.05965879998985,False,-0.0,False
466,semantic_entropy,llama-3.1-8b-instant,5,460,20,2.4600000000000005e-05,80.66513239999767,False,-0.0,False
466,semantic_entropy,llama-3.1-8b-instant,10,920,40,4.920000000000001e-05,167.42814099998213,False,-0.0,False
467,verbalized_confidence,llama-3.1-8b-instant,1,157,12,8.81e-06,28.469530800008215,False,100.0,False
467,llm_judge,llama-3.1-8b-instant,1,234,6,1.2180000000000002e-05,41.598088800004916,False,,False
467,self_consistency,llama-3.1-8b-instant,1,107,4,5.670000000000001e-06,22.26620839998941,False,1.0,False
467,self_consistency,llama-3.1-8b-instant,3,321,12,1.701e-05,60.99146499999915,False,1.0,False
467,self_consistency,llama-3.1-8b-instant,5,535,20,2.8350000000000005e-05,99.71856209999532,False,1.0,False
467,self_consistency,llama-3.1-8b-instant,10,1070,39,5.662e-05,196.35241210000822,False,1.0,False
467,semantic_entropy,llama-3.1-8b-instant,1,107,4,5.670000000000001e-06,22.26620839998941,False,0.0,False
467,semantic_entropy,llama-3.1-8b-instant,3,321,12,1.701e-05,60.99146499999915,False,-0.0,False
467,semantic_entropy,llama-3.1-8b-instant,5,535,20,2.8350000000000005e-05,99.71856209999532,False,-0.0,False
467,semantic_entropy,llama-3.1-8b-instant,10,1070,39,5.662e-05,196.35241210000822,False,-0.0,False
468,verbalized_confidence,llama-3.1-8b-instant,1,120,13,7.04e-06,21.414711299992632,False,90.0,False
468,llm_judge,llama-3.1-8b-instant,1,160,6,8.48e-06,28.568641399993794,False,,False
468,self_consistency,llama-3.1-8b-instant,1,70,4,3.82e-06,14.286280800006352,False,1.0,False
468,self_consistency,llama-3.1-8b-instant,3,210,20,1.21e-05,39.29793770003016,False,0.6666666666666666,False
468,self_consistency,llama-3.1-8b-instant,5,350,40,2.0700000000000002e-05,66.04828660003841,False,0.6,False
468,self_consistency,llama-3.1-8b-instant,10,700,69,4.052e-05,133.51131760005956,True,0.3,False
468,semantic_entropy,llama-3.1-8b-instant,1,70,4,3.82e-06,14.286280800006352,False,0.0,False
468,semantic_entropy,llama-3.1-8b-instant,3,210,20,1.21e-05,39.29793770003016,False,0.5793801642856949,False
468,semantic_entropy,llama-3.1-8b-instant,5,350,40,2.0700000000000002e-05,66.04828660003841,False,0.5904362833084089,False
468,semantic_entropy,llama-3.1-8b-instant,10,700,69,4.052e-05,133.51131760005956,False,0.5331092497698138,False
469,verbalized_confidence,llama-3.1-8b-instant,1,121,15,7.250000000000001e-06,22.35422470001504,False,100.0,False
469,llm_judge,llama-3.1-8b-instant,1,164,8,8.84e-06,30.531394299992826,False,,False
469,self_consistency,llama-3.1-8b-instant,1,71,6,4.03e-06,13.49184560001595,False,1.0,False
469,self_consistency,llama-3.1-8b-instant,3,213,32,1.321e-05,37.20767880001222,True,0.3333333333333333,False
469,self_consistency,llama-3.1-8b-instant,5,355,61,2.263e-05,71.05756650000694,True,0.2,False
469,self_consistency,llama-3.1-8b-instant,10,710,122,4.526e-05,144.17423610002152,True,0.1,False
469,semantic_entropy,llama-3.1-8b-instant,1,71,6,4.03e-06,13.49184560001595,False,0.0,False
469,semantic_entropy,llama-3.1-8b-instant,3,213,32,1.321e-05,37.20767880001222,False,0.5793801642856949,False
469,semantic_entropy,llama-3.1-8b-instant,5,355,61,2.263e-05,71.05756650000694,True,0.8277293767706428,False
469,semantic_entropy,llama-3.1-8b-instant,10,710,122,4.526e-05,144.17423610002152,False,0.4729032506370175,False
470,verbalized_confidence,llama-3.1-8b-instant,1,124,12,7.16e-06,21.280612300004577,False,100.0,True
470,llm_judge,llama-3.1-8b-instant,1,167,6,8.830000000000002e-06,36.87662590001128,True,,True
470,self_consistency,llama-3.1-8b-instant,1,74,4,4.0200000000000005e-06,13.401873199996771,False,1.0,True
470,self_consistency,llama-3.1-8b-instant,3,222,15,1.23e-05,40.09777930000564,True,0.3333333333333333,True
470,self_consistency,llama-3.1-8b-instant,5,370,23,2.034e-05,61.66761050000787,False,0.6,True
470,self_consistency,llama-3.1-8b-instant,10,740,59,4.172e-05,139.42965090004145,False,0.5,True
470,semantic_entropy,llama-3.1-8b-instant,1,74,4,4.0200000000000005e-06,13.401873199996771,False,0.0,True
470,semantic_entropy,llama-3.1-8b-instant,3,222,15,1.23e-05,40.09777930000564,True,0.9999999999999998,True
470,semantic_entropy,llama-3.1-8b-instant,5,370,23,2.034e-05,61.66761050000787,False,0.5904362833084089,True
470,semantic_entropy,llama-3.1-8b-instant,10,740,59,4.172e-05,139.42965090004145,False,0.5301029995663982,True
471,verbalized_confidence,llama-3.1-8b-instant,1,123,12,7.1100000000000005e-06,21.29107050001039,False,100.0,False
471,llm_judge,llama-3.1-8b-instant,1,181,21,1.073e-05,35.65988180000568,False,,False
471,self_consistency,llama-3.1-8b-instant,1,73,15,4.85e-06,19.52657519999775,False,1.0,False
471,self_consistency,llama-3.1-8b-instant,3,219,45,1.4550000000000001e-05,50.36637989999144,True,0.3333333333333333,False
471,self_consistency,llama-3.1-8b-instant,5,365,87,2.521e-05,78.23613929998828,True,0.2,False
471,self_consistency,llama-3.1-8b-instant,10,730,157,4.9059999999999994e-05,159.5004547999706,True,0.1,False
471,semantic_entropy,llama-3.1-8b-instant,1,73,15,4.85e-06,19.52657519999775,False,0.0,False
471,semantic_entropy,llama-3.1-8b-instant,3,219,45,1.4550000000000001e-05,50.36637989999144,True,0.9999999999999998,False
471,semantic_entropy,llama-3.1-8b-instant,5,365,87,2.521e-05,78.23613929998828,False,0.5904362833084089,False
471,semantic_entropy,llama-3.1-8b-instant,10,730,157,4.9059999999999994e-05,159.5004547999706,True,0.6387640052032224,False
472,verbalized_confidence,llama-3.1-8b-instant,1,119,15,7.15e-06,21.534516499988968,True,0.0,True
472,llm_judge,llama-3.1-8b-instant,1,166,14,9.420000000000001e-06,31.806076700013364,False,,False
472,self_consistency,llama-3.1-8b-instant,1,69,6,3.9300000000000005e-06,12.47411199999624,False,1.0,False
472,self_consistency,llama-3.1-8b-instant,3,207,28,1.2590000000000001e-05,35.22840759999235,True,0.3333333333333333,False
472,self_consistency,llama-3.1-8b-instant,5,345,58,2.1890000000000002e-05,62.24352049999288,True,0.4,False
472,self_consistency,llama-3.1-8b-instant,10,690,130,4.49e-05,136.0101813999936,True,0.3,False
472,semantic_entropy,llama-3.1-8b-instant,1,69,6,3.9300000000000005e-06,12.47411199999624,False,0.0,False
472,semantic_entropy,llama-3.1-8b-instant,3,207,28,1.2590000000000001e-05,35.22840759999235,True,0.9999999999999998,False
472,semantic_entropy,llama-3.1-8b-instant,5,345,58,2.1890000000000002e-05,62.24352049999288,False,0.5904362833084089,False
472,semantic_entropy,llama-3.1-8b-instant,10,690,130,4.49e-05,136.0101813999936,False,0.2775280104064451,False
473,verbalized_confidence,llama-3.1-8b-instant,1,117,15,7.050000000000001e-06,17.415746600017883,False,90.0,False
473,llm_judge,llama-3.1-8b-instant,1,164,16,9.48e-06,28.083463799994206,False,,False
473,self_consistency,llama-3.1-8b-instant,1,67,14,4.47e-06,13.44806540000718,False,1.0,False
473,self_consistency,llama-3.1-8b-instant,3,201,42,1.3410000000000002e-05,41.07421759999124,False,0.6666666666666666,False
473,self_consistency,llama-3.1-8b-instant,5,335,71,2.243e-05,68.69573559999117,True,0.4,False
473,self_consistency,llama-3.1-8b-instant,10,670,140,4.470000000000001e-05,140.3811682999949,True,0.3,False
473,semantic_entropy,llama-3.1-8b-instant,1,67,14,4.47e-06,13.44806540000718,False,0.0,False
473,semantic_entropy,llama-3.1-8b-instant,3,201,42,1.3410000000000002e-05,41.07421759999124,False,-0.0,False
473,semantic_entropy,llama-3.1-8b-instant,5,335,71,2.243e-05,68.69573559999117,False,-0.0,False
473,semantic_entropy,llama-3.1-8b-instant,10,670,140,4.470000000000001e-05,140.3811682999949,False,-0.0,False
474,verbalized_confidence,llama-3.1-8b-instant,1,145,12,8.210000000000001e-06,27.37284280001768,False,100.0,False
474,llm_judge,llama-3.1-8b-instant,1,210,6,1.098e-05,37.585088399995584,False,,False
474,self_consistency,llama-3.1-8b-instant,1,95,4,5.070000000000001e-06,18.274945400014985,False,1.0,False
474,self_consistency,llama-3.1-8b-instant,3,285,12,1.5210000000000002e-05,52.758852500031935,False,1.0,False
474,self_consistency,llama-3.1-8b-instant,5,475,20,2.5350000000000003e-05,86.65999320003903,False,1.0,False
474,self_consistency,llama-3.1-8b-instant,10,950,41,5.078000000000001e-05,173.59703510004329,False,0.9,False
474,semantic_entropy,llama-3.1-8b-instant,1,95,4,5.070000000000001e-06,18.274945400014985,False,0.0,False
474,semantic_entropy,llama-3.1-8b-instant,3,285,12,1.5210000000000002e-05,52.758852500031935,False,-0.0,False
474,semantic_entropy,llama-3.1-8b-instant,5,475,20,2.5350000000000003e-05,86.65999320003903,False,-0.0,False
474,semantic_entropy,llama-3.1-8b-instant,10,950,41,5.078000000000001e-05,173.59703510004329,False,-0.0,False
475,verbalized_confidence,llama-3.1-8b-instant,1,120,15,7.2000000000000005e-06,21.380963899980998,False,100.0,True
475,llm_judge,llama-3.1-8b-instant,1,162,8,8.740000000000001e-06,29.499102200003108,False,,True
475,self_consistency,llama-3.1-8b-instant,1,70,6,3.98e-06,12.280667100014398,False,1.0,True
475,self_consistency,llama-3.1-8b-instant,3,210,19,1.202e-05,39.98736520003877,False,0.6666666666666666,True
475,self_consistency,llama-3.1-8b-instant,5,350,31,1.998e-05,65.5147958000598,False,0.8,True
475,self_consistency,llama-3.1-8b-instant,10,700,60,3.98e-05,133.1902218000905,False,0.7,True
475,semantic_entropy,llama-3.1-8b-instant,1,70,6,3.98e-06,12.280667100014398,False,0.0,True
475,semantic_entropy,llama-3.1-8b-instant,3,210,19,1.202e-05,39.98736520003877,False,-0.0,True
475,semantic_entropy,llama-3.1-8b-instant,5,350,31,1.998e-05,65.5147958000598,False,-0.0,True
475,semantic_entropy,llama-3.1-8b-instant,10,700,60,3.98e-05,133.1902218000905,False,-0.0,True
476,verbalized_confidence,llama-3.1-8b-instant,1,121,13,7.090000000000001e-06,22.251844300015364,False,90.0,True
476,llm_judge,llama-3.1-8b-instant,1,168,12,9.360000000000002e-06,31.480629300000146,False,,False
476,self_consistency,llama-3.1-8b-instant,1,71,9,4.270000000000001e-06,14.267997499991907,False,1.0,True
476,self_consistency,llama-3.1-8b-instant,3,213,23,1.249e-05,41.85314229998039,True,0.3333333333333333,True
476,self_consistency,llama-3.1-8b-instant,5,355,39,2.0870000000000002e-05,69.4975231999706,True,0.4,False
476,self_consistency,llama-3.1-8b-instant,10,710,87,4.246e-05,140.76264639999135,True,0.2,False
476,semantic_entropy,llama-3.1-8b-instant,1,71,9,4.270000000000001e-06,14.267997499991907,False,0.0,True
476,semantic_entropy,llama-3.1-8b-instant,3,213,23,1.249e-05,41.85314229998039,True,0.9999999999999998,True
476,semantic_entropy,llama-3.1-8b-instant,5,355,39,2.0870000000000002e-05,69.4975231999706,False,0.31091750708257115,True
476,semantic_entropy,llama-3.1-8b-instant,10,710,87,4.246e-05,140.76264639999135,False,0.2775280104064451,True
477,verbalized_confidence,llama-3.1-8b-instant,1,116,13,6.840000000000001e-06,19.238677200017264,False,100.0,True
477,llm_judge,llama-3.1-8b-instant,1,157,11,8.73e-06,29.64376170001924,True,,True
477,self_consistency,llama-3.1-8b-instant,1,66,9,4.0200000000000005e-06,12.277526399993803,False,1.0,True
477,self_consistency,llama-3.1-8b-instant,3,198,27,1.2060000000000001e-05,39.85612010001205,False,1.0,True
477,self_consistency,llama-3.1-8b-instant,5,330,40,1.97e-05,64.45147050003288,False,0.8,True
477,self_consistency,llama-3.1-8b-instant,10,660,91,4.028e-05,130.87075090003782,False,0.5,True
477,semantic_entropy,llama-3.1-8b-instant,1,66,9,4.0200000000000005e-06,12.277526399993803,False,0.0,True
477,semantic_entropy,llama-3.1-8b-instant,3,198,27,1.2060000000000001e-05,39.85612010001205,False,-0.0,True
477,semantic_entropy,llama-3.1-8b-instant,5,330,40,1.97e-05,64.45147050003288,False,-0.0,True
477,semantic_entropy,llama-3.1-8b-instant,10,660,91,4.028e-05,130.87075090003782,False,0.14118174150460758,True
478,verbalized_confidence,llama-3.1-8b-instant,1,125,12,7.21e-06,22.35028010001406,False,90.0,False
478,llm_judge,llama-3.1-8b-instant,1,181,17,1.041e-05,33.74346769999829,False,,False
478,self_consistency,llama-3.1-8b-instant,1,75,20,5.35e-06,14.368533900007606,False,1.0,False
478,self_consistency,llama-3.1-8b-instant,3,225,52,1.5409999999999996e-05,45.11898120000842,True,0.3333333333333333,False
478,self_consistency,llama-3.1-8b-instant,5,375,87,2.5709999999999996e-05,79.89841069999966,True,0.2,False
478,self_consistency,llama-3.1-8b-instant,10,750,137,4.8459999999999993e-05,154.68143330002204,True,0.1,False
478,semantic_entropy,llama-3.1-8b-instant,1,75,20,5.35e-06,14.368533900007606,False,0.0,False
478,semantic_entropy,llama-3.1-8b-instant,3,225,52,1.5409999999999996e-05,45.11898120000842,False,0.5793801642856949,False
478,semantic_entropy,llama-3.1-8b-instant,5,375,87,2.5709999999999996e-05,79.89841069999966,False,0.31091750708257115,False
478,semantic_entropy,llama-3.1-8b-instant,10,750,137,4.8459999999999993e-05,154.68143330002204,False,0.5301029995663981,False
479,verbalized_confidence,llama-3.1-8b-instant,1,143,14,8.269999999999999e-06,25.334599199995864,False,100.0,False
479,llm_judge,llama-3.1-8b-instant,1,206,6,1.0780000000000002e-05,38.52806519999285,False,,False
479,self_consistency,llama-3.1-8b-instant,1,93,6,5.130000000000001e-06,15.356399400014197,False,1.0,True
479,self_consistency,llama-3.1-8b-instant,3,279,16,1.5230000000000002e-05,49.90596349997213,False,0.6666666666666666,True
479,self_consistency,llama-3.1-8b-instant,5,465,26,2.5330000000000003e-05,85.6579862999788,False,0.6,True
479,self_consistency,llama-3.1-8b-instant,10,930,50,5.050000000000001e-05,168.99045779998414,False,0.5,False
479,semantic_entropy,llama-3.1-8b-instant,1,93,6,5.130000000000001e-06,15.356399400014197,False,0.0,True
479,semantic_entropy,llama-3.1-8b-instant,3,279,16,1.5230000000000002e-05,49.90596349997213,False,-0.0,True
479,semantic_entropy,llama-3.1-8b-instant,5,465,26,2.5330000000000003e-05,85.6579862999788,False,-0.0,True
479,semantic_entropy,llama-3.1-8b-instant,10,930,50,5.050000000000001e-05,168.99045779998414,False,0.14118174150460758,True
480,verbalized_confidence,llama-3.1-8b-instant,1,120,12,6.96e-06,21.24456000002101,False,100.0,False
480,llm_judge,llama-3.1-8b-instant,1,159,5,8.35e-06,28.464780099981,False,,False
480,self_consistency,llama-3.1-8b-instant,1,70,3,3.74e-06,13.252784699987387,False,1.0,False
480,self_consistency,llama-3.1-8b-instant,3,210,9,1.1220000000000001e-05,39.06557169998996,False,1.0,False
480,self_consistency,llama-3.1-8b-instant,5,350,18,1.894e-05,64.80427049999707,False,0.8,False
480,self_consistency,llama-3.1-8b-instant,10,700,36,3.788e-05,128.73058950001723,False,0.8,False
480,semantic_entropy,llama-3.1-8b-instant,1,70,3,3.74e-06,13.252784699987387,False,0.0,False
480,semantic_entropy,llama-3.1-8b-instant,3,210,9,1.1220000000000001e-05,39.06557169998996,False,-0.0,False
480,semantic_entropy,llama-3.1-8b-instant,5,350,18,1.894e-05,64.80427049999707,False,0.31091750708257115,False
480,semantic_entropy,llama-3.1-8b-instant,10,700,36,3.788e-05,128.73058950001723,False,0.21732201127364886,False
481,verbalized_confidence,llama-3.1-8b-instant,1,122,35,8.900000000000001e-06,22.458344399987254,False,95.0,False
481,llm_judge,llama-3.1-8b-instant,1,183,25,1.1150000000000002e-05,37.503200900013326,False,,False
481,self_consistency,llama-3.1-8b-instant,1,72,15,4.8e-06,11.263123799988534,False,1.0,False
481,self_consistency,llama-3.1-8b-instant,3,216,56,1.528e-05,45.0790691000293,True,0.3333333333333333,False
481,self_consistency,llama-3.1-8b-instant,5,360,97,2.5759999999999997e-05,77.9564776000334,True,0.2,False
481,self_consistency,llama-3.1-8b-instant,10,720,201,5.208000000000001e-05,158.71371040004306,True,0.2,False
481,semantic_entropy,llama-3.1-8b-instant,1,72,15,4.8e-06,11.263123799988534,False,0.0,False
481,semantic_entropy,llama-3.1-8b-instant,3,216,56,1.528e-05,45.0790691000293,True,0.9999999999999998,False
481,semantic_entropy,llama-3.1-8b-instant,5,360,97,2.5759999999999997e-05,77.9564776000334,True,0.8277293767706428,False
481,semantic_entropy,llama-3.1-8b-instant,10,720,201,5.208000000000001e-05,158.71371040004306,False,0.4096910013008056,False
482,verbalized_confidence,llama-3.1-8b-instant,1,115,12,6.71e-06,22.281182300008368,False,100.0,False
482,llm_judge,llama-3.1-8b-instant,1,149,5,7.850000000000001e-06,27.62103219999699,False,,False
482,self_consistency,llama-3.1-8b-instant,1,65,3,3.49e-06,13.318755500018597,False,1.0,False
482,self_consistency,llama-3.1-8b-instant,3,195,9,1.047e-05,34.95289520002552,False,1.0,False
482,self_consistency,llama-3.1-8b-instant,5,325,15,1.745e-05,60.63913250004407,False,1.0,False
482,self_consistency,llama-3.1-8b-instant,10,650,41,3.578e-05,120.47262200000114,False,0.7,False
482,semantic_entropy,llama-3.1-8b-instant,1,65,3,3.49e-06,13.318755500018597,False,0.0,False
482,semantic_entropy,llama-3.1-8b-instant,3,195,9,1.047e-05,34.95289520002552,False,-0.0,False
482,semantic_entropy,llama-3.1-8b-instant,5,325,15,1.745e-05,60.63913250004407,False,-0.0,False
482,semantic_entropy,llama-3.1-8b-instant,10,650,41,3.578e-05,120.47262200000114,False,0.40843137199002016,False
483,verbalized_confidence,llama-3.1-8b-instant,1,136,12,7.76e-06,25.352498200023547,False,90.0,True
483,llm_judge,llama-3.1-8b-instant,1,191,8,1.0190000000000002e-05,33.56793889999972,False,,True
483,self_consistency,llama-3.1-8b-instant,1,85,6,4.7300000000000005e-06,16.229912200011313,False,1.0,True
483,self_consistency,llama-3.1-8b-instant,3,255,99,2.0670000000000004e-05,47.09306940002716,True,0.3333333333333333,True
483,self_consistency,llama-3.1-8b-instant,5,425,109,2.9970000000000006e-05,82.78499110002303,True,0.4,True
483,self_consistency,llama-3.1-8b-instant,10,850,154,5.482000000000001e-05,170.14524110005004,True,0.4,True
483,semantic_entropy,llama-3.1-8b-instant,1,85,6,4.7300000000000005e-06,16.229912200011313,False,0.0,True
483,semantic_entropy,llama-3.1-8b-instant,3,255,99,2.0670000000000004e-05,47.09306940002716,True,0.9999999999999998,True
483,semantic_entropy,llama-3.1-8b-instant,5,425,109,2.9970000000000006e-05,82.78499110002303,True,0.6554587535412857,True
483,semantic_entropy,llama-3.1-8b-instant,10,850,154,5.482000000000001e-05,170.14524110005004,False,0.51835200693763,True
484,verbalized_confidence,llama-3.1-8b-instant,1,121,19,7.57e-06,15.31413660000544,False,80.0,False
484,llm_judge,llama-3.1-8b-instant,1,168,12,9.360000000000002e-06,37.487811999977566,False,,False
484,self_consistency,llama-3.1-8b-instant,1,71,10,4.350000000000001e-06,13.347047199989902,False,1.0,False
484,self_consistency,llama-3.1-8b-instant,3,213,34,1.3370000000000002e-05,35.330723499995656,True,0.3333333333333333,False
484,self_consistency,llama-3.1-8b-instant,5,355,58,2.2390000000000004e-05,71.22946750000119,True,0.2,False
484,self_consistency,llama-3.1-8b-instant,10,710,121,4.5180000000000004e-05,137.78744690003805,True,0.2,False
484,semantic_entropy,llama-3.1-8b-instant,1,71,10,4.350000000000001e-06,13.347047199989902,False,0.0,False
484,semantic_entropy,llama-3.1-8b-instant,3,213,34,1.3370000000000002e-05,35.330723499995656,False,0.5793801642856949,False
484,semantic_entropy,llama-3.1-8b-instant,5,355,58,2.2390000000000004e-05,71.22946750000119,True,0.8277293767706428,False
484,semantic_entropy,llama-3.1-8b-instant,10,710,121,4.5180000000000004e-05,137.78744690003805,True,0.7591760034688149,False
485,verbalized_confidence,llama-3.1-8b-instant,1,123,21,7.83e-06,29.432553399994504,False,80.0,False
485,llm_judge,llama-3.1-8b-instant,1,195,35,1.2550000000000002e-05,32.67048559998511,False,,False
485,self_consistency,llama-3.1-8b-instant,1,73,31,6.130000000000001e-06,13.398896700004116,False,1.0,False
485,self_consistency,llama-3.1-8b-instant,3,219,61,1.5830000000000003e-05,41.278048900014255,True,0.3333333333333333,False
485,self_consistency,llama-3.1-8b-instant,5,365,98,2.6090000000000003e-05,71.91548429999966,True,0.2,False
485,self_consistency,llama-3.1-8b-instant,10,730,178,5.0740000000000005e-05,151.68467690004036,True,0.1,False
485,semantic_entropy,llama-3.1-8b-instant,1,73,31,6.130000000000001e-06,13.398896700004116,False,0.0,False
485,semantic_entropy,llama-3.1-8b-instant,3,219,61,1.5830000000000003e-05,41.278048900014255,True,0.9999999999999998,False
485,semantic_entropy,llama-3.1-8b-instant,5,365,98,2.6090000000000003e-05,71.91548429999966,True,0.8277293767706428,False
485,semantic_entropy,llama-3.1-8b-instant,10,730,178,5.0740000000000005e-05,151.68467690004036,True,0.856863623584101,False
486,verbalized_confidence,llama-3.1-8b-instant,1,120,24,7.92e-06,27.27670930000022,False,80.0,True
486,llm_judge,llama-3.1-8b-instant,1,196,42,1.3160000000000001e-05,49.03663270000834,False,,True
486,self_consistency,llama-3.1-8b-instant,1,70,17,4.86e-06,19.456629399996018,False,1.0,False
486,self_consistency,llama-3.1-8b-instant,3,210,76,1.658e-05,50.24418430001242,True,0.3333333333333333,False
486,self_consistency,llama-3.1-8b-instant,5,350,175,3.15e-05,86.94535640004324,True,0.2,False
486,self_consistency,llama-3.1-8b-instant,10,700,390,6.62e-05,188.3837600000261,True,0.1,False
486,semantic_entropy,llama-3.1-8b-instant,1,70,17,4.86e-06,19.456629399996018,False,0.0,False
486,semantic_entropy,llama-3.1-8b-instant,3,210,76,1.658e-05,50.24418430001242,True,0.9999999999999998,False
486,semantic_entropy,llama-3.1-8b-instant,5,350,175,3.15e-05,86.94535640004324,True,1.0000000000000002,False
486,semantic_entropy,llama-3.1-8b-instant,10,700,390,6.62e-05,188.3837600000261,True,0.8795880017344073,False
487,verbalized_confidence,llama-3.1-8b-instant,1,123,12,7.1100000000000005e-06,21.244628599990392,False,80.0,True
487,llm_judge,llama-3.1-8b-instant,1,172,12,9.56e-06,33.69465309998486,False,,True
487,self_consistency,llama-3.1-8b-instant,1,73,14,4.77e-06,13.366948100010632,False,1.0,True
487,self_consistency,llama-3.1-8b-instant,3,219,41,1.4230000000000001e-05,43.03398990002461,True,0.3333333333333333,True
487,self_consistency,llama-3.1-8b-instant,5,365,64,2.337e-05,73.66733730002306,True,0.2,True
487,self_consistency,llama-3.1-8b-instant,10,730,140,4.770000000000001e-05,149.17933890002314,True,0.2,False
487,semantic_entropy,llama-3.1-8b-instant,1,73,14,4.77e-06,13.366948100010632,False,0.0,True
487,semantic_entropy,llama-3.1-8b-instant,3,219,41,1.4230000000000001e-05,43.03398990002461,False,0.5793801642856949,True
487,semantic_entropy,llama-3.1-8b-instant,5,365,64,2.337e-05,73.66733730002306,False,0.5904362833084089,True
487,semantic_entropy,llama-3.1-8b-instant,10,730,140,4.770000000000001e-05,149.17933890002314,False,0.55583362792012,True
488,verbalized_confidence,llama-3.1-8b-instant,1,116,17,7.160000000000001e-06,20.286599700018996,True,0.0,False
488,llm_judge,llama-3.1-8b-instant,1,155,9,8.47e-06,28.74246849998599,False,,False
488,self_consistency,llama-3.1-8b-instant,1,66,11,4.180000000000001e-06,11.357762900006492,False,1.0,True
488,self_consistency,llama-3.1-8b-instant,3,198,36,1.2780000000000001e-05,33.905074199981755,True,0.3333333333333333,True
488,self_consistency,llama-3.1-8b-instant,5,330,51,2.0580000000000003e-05,66.38121359996148,True,0.2,True
488,self_consistency,llama-3.1-8b-instant,10,660,108,4.164000000000001e-05,133.962637599936,True,0.1,True
488,semantic_entropy,llama-3.1-8b-instant,1,66,11,4.180000000000001e-06,11.357762900006492,False,0.0,True
488,semantic_entropy,llama-3.1-8b-instant,3,198,36,1.2780000000000001e-05,33.905074199981755,True,0.9999999999999998,True
488,semantic_entropy,llama-3.1-8b-instant,5,330,51,2.0580000000000003e-05,66.38121359996148,True,1.0000000000000002,True
488,semantic_entropy,llama-3.1-8b-instant,10,660,108,4.164000000000001e-05,133.962637599936,True,0.9999999999999998,True
489,verbalized_confidence,llama-3.1-8b-instant,1,126,13,7.340000000000001e-06,27.232454900018638,False,80.0,True
489,llm_judge,llama-3.1-8b-instant,1,187,21,1.1030000000000001e-05,31.65209469999536,False,,False
489,self_consistency,llama-3.1-8b-instant,1,76,19,5.32e-06,9.227568400005111,False,1.0,False
489,self_consistency,llama-3.1-8b-instant,3,228,54,1.572e-05,47.92461640003603,True,0.3333333333333333,False
489,self_consistency,llama-3.1-8b-instant,5,380,94,2.652e-05,80.84739000000991,True,0.2,False
489,self_consistency,llama-3.1-8b-instant,10,760,158,5.064e-05,153.38248319996637,True,0.1,False
489,semantic_entropy,llama-3.1-8b-instant,1,76,19,5.32e-06,9.227568400005111,False,0.0,False
489,semantic_entropy,llama-3.1-8b-instant,3,228,54,1.572e-05,47.92461640003603,False,-0.0,False
489,semantic_entropy,llama-3.1-8b-instant,5,380,94,2.652e-05,80.84739000000991,False,-0.0,False
489,semantic_entropy,llama-3.1-8b-instant,10,760,158,5.064e-05,153.38248319996637,False,0.14118174150460758,False
490,verbalized_confidence,llama-3.1-8b-instant,1,118,12,6.86e-06,22.246529399999417,False,90.0,True
490,llm_judge,llama-3.1-8b-instant,1,162,12,9.060000000000001e-06,23.54787330000545,False,,False
490,self_consistency,llama-3.1-8b-instant,1,68,8,4.04e-06,14.258574300009059,False,1.0,True
490,self_consistency,llama-3.1-8b-instant,3,204,26,1.2280000000000001e-05,48.03608710001572,True,0.3333333333333333,True
490,self_consistency,llama-3.1-8b-instant,5,340,42,2.036e-05,74.73430010001175,True,0.4,True
490,self_consistency,llama-3.1-8b-instant,10,680,91,4.1280000000000005e-05,141.41520380001748,True,0.3,True
490,semantic_entropy,llama-3.1-8b-instant,1,68,8,4.04e-06,14.258574300009059,False,0.0,True
490,semantic_entropy,llama-3.1-8b-instant,3,204,26,1.2280000000000001e-05,48.03608710001572,False,-0.0,True
490,semantic_entropy,llama-3.1-8b-instant,5,340,42,2.036e-05,74.73430010001175,False,-0.0,True
490,semantic_entropy,llama-3.1-8b-instant,10,680,91,4.1280000000000005e-05,141.41520380001748,False,0.14118174150460758,True
491,verbalized_confidence,llama-3.1-8b-instant,1,120,28,8.24e-06,21.503169800009346,False,90.0,False
491,llm_judge,llama-3.1-8b-instant,1,180,25,1.1e-05,44.56088060000911,False,,True
491,self_consistency,llama-3.1-8b-instant,1,70,27,5.66e-06,12.25088209999376,False,1.0,True
491,self_consistency,llama-3.1-8b-instant,3,210,70,1.61e-05,46.09819699995569,True,0.3333333333333333,True
491,self_consistency,llama-3.1-8b-instant,5,350,126,2.7579999999999997e-05,73.75920619996032,True,0.2,True
491,self_consistency,llama-3.1-8b-instant,10,700,241,5.4279999999999995e-05,153.30804790000548,True,0.1,True
491,semantic_entropy,llama-3.1-8b-instant,1,70,27,5.66e-06,12.25088209999376,False,0.0,True
491,semantic_entropy,llama-3.1-8b-instant,3,210,70,1.61e-05,46.09819699995569,False,0.5793801642856949,True
491,semantic_entropy,llama-3.1-8b-instant,5,350,126,2.7579999999999997e-05,73.75920619996032,False,0.5904362833084089,True
491,semantic_entropy,llama-3.1-8b-instant,10,700,241,5.4279999999999995e-05,153.30804790000548,False,0.4126972515042214,True
492,verbalized_confidence,llama-3.1-8b-instant,1,126,44,9.820000000000001e-06,28.355014700005995,False,100.0,False
492,llm_judge,llama-3.1-8b-instant,1,216,50,1.48e-05,46.827851299982285,False,,False
492,self_consistency,llama-3.1-8b-instant,1,76,28,6.040000000000001e-06,12.40064770000754,False,1.0,False
492,self_consistency,llama-3.1-8b-instant,3,228,185,2.62e-05,58.423639400018146,True,0.3333333333333333,False
492,self_consistency,llama-3.1-8b-instant,5,380,240,3.82e-05,106.50587039999664,True,0.2,False
492,self_consistency,llama-3.1-8b-instant,10,760,1011,0.00011888,245.00998649999383,True,0.1,False
492,semantic_entropy,llama-3.1-8b-instant,1,76,28,6.040000000000001e-06,12.40064770000754,False,0.0,False
492,semantic_entropy,llama-3.1-8b-instant,3,228,185,2.62e-05,58.423639400018146,False,0.5793801642856949,False
492,semantic_entropy,llama-3.1-8b-instant,5,380,240,3.82e-05,106.50587039999664,False,0.5904362833084089,False
492,semantic_entropy,llama-3.1-8b-instant,10,760,1011,0.00011888,245.00998649999383,True,0.856863623584101,False
493,verbalized_confidence,llama-3.1-8b-instant,1,119,13,6.99e-06,40.2393885999918,False,100.0,False
493,llm_judge,llama-3.1-8b-instant,1,164,12,9.16e-06,30.58853980002459,False,,False
493,self_consistency,llama-3.1-8b-instant,1,69,24,5.37e-06,26.48401190000004,False,1.0,False
493,self_consistency,llama-3.1-8b-instant,3,207,52,1.451e-05,63.19340819999343,True,0.3333333333333333,False
493,self_consistency,llama-3.1-8b-instant,5,345,75,2.325e-05,91.79773459999706,True,0.2,False
493,self_consistency,llama-3.1-8b-instant,10,690,189,4.962e-05,169.800796800002,True,0.1,False
493,semantic_entropy,llama-3.1-8b-instant,1,69,24,5.37e-06,26.48401190000004,False,0.0,False
493,semantic_entropy,llama-3.1-8b-instant,3,207,52,1.451e-05,63.19340819999343,False,0.5793801642856949,False
493,semantic_entropy,llama-3.1-8b-instant,5,345,75,2.325e-05,91.79773459999706,True,0.8277293767706428,False
493,semantic_entropy,llama-3.1-8b-instant,10,690,189,4.962e-05,169.800796800002,True,0.6989700043360186,False
494,verbalized_confidence,llama-3.1-8b-instant,1,139,12,7.91e-06,25.274574800016126,False,100.0,False
494,llm_judge,llama-3.1-8b-instant,1,197,6,1.0330000000000001e-05,57.80091370001901,False,,False
494,self_consistency,llama-3.1-8b-instant,1,89,8,5.0899999999999995e-06,22.389182100014295,False,1.0,True
494,self_consistency,llama-3.1-8b-instant,3,267,16,1.463e-05,56.10818430004292,False,0.6666666666666666,False
494,self_consistency,llama-3.1-8b-instant,5,445,24,2.417e-05,61.75673840005766,False,0.6,False
494,self_consistency,llama-3.1-8b-instant,10,890,44,4.801999999999999e-05,169.6770625000645,False,0.7,False
494,semantic_entropy,llama-3.1-8b-instant,1,89,8,5.0899999999999995e-06,22.389182100014295,False,0.0,True
494,semantic_entropy,llama-3.1-8b-instant,3,267,16,1.463e-05,56.10818430004292,False,0.5793801642856949,True
494,semantic_entropy,llama-3.1-8b-instant,5,445,24,2.417e-05,61.75673840005766,False,0.5904362833084089,True
494,semantic_entropy,llama-3.1-8b-instant,10,890,44,4.801999999999999e-05,169.6770625000645,False,0.34822537285722394,True
495,verbalized_confidence,llama-3.1-8b-instant,1,122,13,7.14e-06,0.15087369998218492,False,100.0,False
495,llm_judge,llama-3.1-8b-instant,1,167,10,9.15e-06,13.601487400010228,False,,False
495,self_consistency,llama-3.1-8b-instant,1,72,11,4.48e-06,39.366481400007615,False,1.0,False
495,self_consistency,llama-3.1-8b-instant,3,216,34,1.352e-05,63.987251200014725,True,0.3333333333333333,False
495,self_consistency,llama-3.1-8b-instant,5,360,47,2.176e-05,91.49563960000523,True,0.4,False
495,self_consistency,llama-3.1-8b-instant,10,720,98,4.3839999999999994e-05,162.30382090003695,True,0.3,False
495,semantic_entropy,llama-3.1-8b-instant,1,72,11,4.48e-06,39.366481400007615,False,0.0,False
495,semantic_entropy,llama-3.1-8b-instant,3,216,34,1.352e-05,63.987251200014725,False,0.5793801642856949,False
495,semantic_entropy,llama-3.1-8b-instant,5,360,47,2.176e-05,91.49563960000523,False,0.4181656600790517,False
495,semantic_entropy,llama-3.1-8b-instant,10,720,98,4.3839999999999994e-05,162.30382090003695,False,0.2652949955741215,False
496,verbalized_confidence,llama-3.1-8b-instant,1,122,14,7.22e-06,38.220290600002045,False,80.0,False
496,llm_judge,llama-3.1-8b-instant,1,163,6,8.63e-06,50.97178100000019,False,,False
496,self_consistency,llama-3.1-8b-instant,1,72,4,3.92e-06,32.42936729997746,False,1.0,False
496,self_consistency,llama-3.1-8b-instant,3,216,14,1.192e-05,44.83463569995365,False,0.6666666666666666,False
496,self_consistency,llama-3.1-8b-instant,5,360,24,1.992e-05,83.95034839992877,False,0.6,False
496,self_consistency,llama-3.1-8b-instant,10,720,74,4.1920000000000005e-05,127.63109209996765,True,0.4,False
496,semantic_entropy,llama-3.1-8b-instant,1,72,4,3.92e-06,32.42936729997746,False,0.0,False
496,semantic_entropy,llama-3.1-8b-instant,3,216,14,1.192e-05,44.83463569995365,False,0.5793801642856949,False
496,semantic_entropy,llama-3.1-8b-instant,5,360,24,1.992e-05,83.95034839992877,False,0.31091750708257115,False
496,semantic_entropy,llama-3.1-8b-instant,10,720,74,4.1920000000000005e-05,127.63109209996765,False,0.5331092497698138,False
497,verbalized_confidence,llama-3.1-8b-instant,1,123,16,7.430000000000001e-06,52.461566300014965,False,80.0,True
497,llm_judge,llama-3.1-8b-instant,1,175,15,9.950000000000001e-06,24.39679579998483,False,,True
497,self_consistency,llama-3.1-8b-instant,1,73,17,5.01e-06,40.43413999999757,False,1.0,True
497,self_consistency,llama-3.1-8b-instant,3,219,54,1.527e-05,48.06718719998025,True,0.3333333333333333,True
497,self_consistency,llama-3.1-8b-instant,5,365,82,2.481e-05,102.92900069995085,True,0.2,True
497,self_consistency,llama-3.1-8b-instant,10,730,202,5.266e-05,184.94208219996653,True,0.1,True
497,semantic_entropy,llama-3.1-8b-instant,1,73,17,5.01e-06,40.43413999999757,False,0.0,True
497,semantic_entropy,llama-3.1-8b-instant,3,219,54,1.527e-05,48.06718719998025,False,0.5793801642856949,True
497,semantic_entropy,llama-3.1-8b-instant,5,365,82,2.481e-05,102.92900069995085,False,0.31091750708257115,True
497,semantic_entropy,llama-3.1-8b-instant,10,730,202,5.266e-05,184.94208219996653,False,0.40843137199002016,True
498,verbalized_confidence,llama-3.1-8b-instant,1,120,16,7.280000000000001e-06,24.353298000001814,False,80.0,True
498,llm_judge,llama-3.1-8b-instant,1,163,9,8.870000000000001e-06,34.7158977999934,False,,True
498,self_consistency,llama-3.1-8b-instant,1,70,17,4.86e-06,0.20817989998613484,False,1.0,False
498,self_consistency,llama-3.1-8b-instant,3,210,37,1.346e-05,27.184162699995795,False,0.6666666666666666,False
498,self_consistency,llama-3.1-8b-instant,5,350,51,2.158e-05,67.89234960000613,True,0.4,False
498,self_consistency,llama-3.1-8b-instant,10,700,98,4.283999999999999e-05,134.5993099999614,True,0.4,True
498,semantic_entropy,llama-3.1-8b-instant,1,70,17,4.86e-06,0.20817989998613484,False,0.0,False
498,semantic_entropy,llama-3.1-8b-instant,3,210,37,1.346e-05,27.184162699995795,False,0.5793801642856949,False
498,semantic_entropy,llama-3.1-8b-instant,5,350,51,2.158e-05,67.89234960000613,True,0.6554587535412857,False
498,semantic_entropy,llama-3.1-8b-instant,10,700,98,4.283999999999999e-05,134.5993099999614,False,0.5301029995663982,False
499,verbalized_confidence,llama-3.1-8b-instant,1,123,20,7.75e-06,39.3297942999925,False,80.0,False
499,llm_judge,llama-3.1-8b-instant,1,194,35,1.2500000000000002e-05,39.5913617000042,False,,False
499,self_consistency,llama-3.1-8b-instant,1,73,32,6.210000000000001e-06,13.461492000002181,False,1.0,False
499,self_consistency,llama-3.1-8b-instant,3,219,163,2.3990000000000002e-05,68.81081540000741,True,0.3333333333333333,False
499,self_consistency,llama-3.1-8b-instant,5,365,225,3.625e-05,98.64917300001252,True,0.2,False
499,self_consistency,llama-3.1-8b-instant,10,730,433,7.114e-05,196.16142729998683,True,0.1,False
499,semantic_entropy,llama-3.1-8b-instant,1,73,32,6.210000000000001e-06,13.461492000002181,False,0.0,False
499,semantic_entropy,llama-3.1-8b-instant,3,219,163,2.3990000000000002e-05,68.81081540000741,False,-0.0,False
499,semantic_entropy,llama-3.1-8b-instant,5,365,225,3.625e-05,98.64917300001252,False,-0.0,False
499,semantic_entropy,llama-3.1-8b-instant,10,730,433,7.114e-05,196.16142729998683,False,0.2652949955741215,False
